sequence	true_label	predicted	prob_positive
AACCCC ACCCCA CCCCAC CCCACC CCACCT CACCTA ACCTAA CCTAAG CTAAGA TAAGAA AAGAAG AGAAGG GAAGGA AAGGAC AGGACA GGACAA GACAAT ACAATA CAATAA AATAAA ATAAAG TAAAGA AAAGAT AAGATC AGATCT GATCTG ATCTGT TCTGTG CTGTGT TGTGTT GTGTTC TGTTCA GTTCAG TTCAGA TCAGAG CAGAGT AGAGTC GAGTCA AGTCAT GTCATA TCATAC CATACT ATACTG TACTGA ACTGAA CTGAAT TGAATA GAATAG AATAGA ATAGAG TAGAGA AGAGAC GAGACT AGACTT GACTTC ACTTCT CTTCTG TTCTGG TCTGGA CTGGAC TGGACT GGACTC GACTCT ACTCTA CTCTAT TCTATA CTATAG TATAGA ATAGAA TAGAAC AGAACC GAACCC AACCCA ACCCAC CCCACT CCACTG CACTGC ACTGCC CTGCCT TGCCTC GCCTCC CCTCCT CTCCTG TCCTGA CCTGAT CTGATG TGATGA GATGAA ATGAAG TGAAGT GAAGTC AAGTCC AGTCCC GTCCCT TCCCTA CCCTAC CCTACT CTACTG TACTGT ACTGTT CTGTTC TGTTCA GTTCAC TTCACC TCACCC CACCCT ACCCTT CCCTTG CCTTGC CTTGCA TTGCAG TGCAGT GCAGTT CAGTTT AGTTTT GTTTTT TTTTTA TTTTAT TTTATG TTATGC TATGCT ATGCTC TGCTCC GCTCCT CTCCTG TCCTGG CCTGGC CTGGCC TGGCCC GGCCCA GCCCAA CCCAAT CCAATT CAATTG AATTGG ATTGGT TTGGTC TGGTCT GGTCTC GTCTCA TCTCAG CTCAGG TCAGGT CAGGTA AGGTAA GGTAAA GTAAAC TAAACA AAACAG AACAGA ACAGAA CAGAAT AGAATC GAATCT AATCTT ATCTTG TCTTGG CTTGGG TTGGGG TGGGGA GGGGAA GGGAAG GGAAGA GAAGAA AAGAAG AGAAGA GAAGAA AAGAAA AGAAAC GAAACA AAACAC AACACT ACACTG CACTGG ACTGGC CTGGCC TGGCCT GGCCTG GCCTGG CCTGGA CTGGAA TGGAAC GGAACA GAACAG AACAGG ACAGGG CAGGGT AGGGTC GGGTCC GGTCCT GTCCTG TCCTGC CCTGCA CTGCAC TGCACA GCACAT CACATG ACATGG CATGGA ATGGAG TGGAGT GGAGTC GAGTCC AGTCCC GTCCCT TCCCTG CCCTGT CCTGTT CTGTTT TGTTTC GTTTCT TTTCTA TTCTAA TCTAAG CTAAGT TAAGTG AAGTGG AGTGGT GTGGTC TGGTCT GGTCTG GTCTGT TCTGTG CTGTGG TGTGGA GTGGAA TGGAAA GGAAAT GAAATG AAATGG AATGGG ATGGGG TGGGGT GGGGTC GGGTCT GGTCTG GTCTGG TCTGGC CTGGCT TGGCTT GGCTTC GCTTCT CTTCTC TTCTCA TCTCAC CTCACT TCACTG CACTGG ACTGGG CTGGGA TGGGAG GGGAGC GGAGCA GAGCAG AGCAGG GCAGGG CAGGGC AGGGCT GGGCTG GGCTGA GCTGAG CTGAGA TGAGAT GAGATT AGATTT GATTTG ATTTGT TTTGTC TTGTCC TGTCCT GTCCTA TCCTAC CCTACT CTACTT TACTTC ACTTCT CTTCTT TTCTTC TCTTCA CTTCAG TTCAGA TCAGAC CAGACC AGACCA GACCAC ACCACC CCACCT CACCTC ACCTCT CCTCTG CTCTGT TCTGTT CTGTTC TGTTCT GTTCTA	1	0	0.049398038536310196
TAAGGC AAGGCC AGGCCA GGCCAC GCCACG CCACGA CACGAA ACGAAG CGAAGA GAAGAG AAGAGG AGAGGC GAGGCC AGGCCA GGCCAA GCCAAT CCAATA CAATAA AATAAA ATAAAG TAAAGG AAAGGC AAGGCT AGGCTG GGCTGG GCTGGA CTGGAG TGGAGC GGAGCT GAGCTC AGCTCA GCTCAG CTCAGG TCAGGA CAGGAG AGGAGC GGAGCA GAGCAT AGCATC GCATCA CATCAA ATCAAC TCAACC CAACCC AACCCA ACCCAG CCCAGA CCAGAT CAGATT AGATTC GATTCA ATTCAA TTCAAG TCAAGG CAAGGC AAGGCT AGGCTT GGCTTC GCTTCC CTTCCT TTCCTC TCCTCT CCTCTC CTCTCT TCTCTG CTCTGG TCTGGC CTGGCA TGGCAC GGCACC GCACCC CACCCA ACCCAA CCCAAC CCAACC CAACCA AACCAT ACCATG CCATGA CATGAA ATGAAG TGAAGC GAAGCT AAGCTC AGCTCC GCTCCT CTCCTT TCCTTT CCTTTT CTTTTT TTTTTC TTTTCC TTTCCT TTCCTA TCCTAT CCTATC CTATCT TATCTT ATCTTT TCTTTG CTTTGC TTTGCC TTGCCA TGCCAG GCCAGC CCAGCC CAGCCT AGCCTC GCCTCA CCTCAT CTCATG TCATGC CATGCT ATGCTA TGCTAC GCTACA CTACAG TACAGT ACAGTA CAGTAC AGTACC GTACCA TACCAG ACCAGG CCAGGT CAGGTG AGGTGA GGTGAA GTGAAC TGAACA GAACAC AACACA ACACAG CACAGG ACAGGT CAGGTA AGGTAA GGTAAT GTAATG TAATGT AATGTG ATGTGG TGTGGA GTGGAT TGGATT GGATTC GATTCC ATTCCC TTCCCA TCCCAA CCCAAG CCAAGT CAAGTT AAGTTT AGTTTA GTTTAA TTTAAG TTAAGA TAAGAT AAGATG AGATGG GATGGG ATGGGT TGGGTA GGGTAG GGTAGA GTAGAT TAGATG AGATGA GATGAG ATGAGA TGAGAG GAGAGG AGAGGA GAGGAA AGGAAC GGAACC GAACCA AACCAA ACCAAG CCAAGG CAAGGA AAGGAT AGGATT GGATTT GATTTG ATTTGG TTTGGC TTGGCT TGGCTG GGCTGC GCTGCC CTGCCC TGCCCA GCCCAT CCCATG CCATGA CATGAC ATGACA TGACAA GACAAT ACAATG CAATGG AATGGA ATGGAA TGGAAA GGAAAC GAAACC AAACCC AACCCA ACCCAA CCCAAA CCAAAG CAAAGA AAAGAG AAGAGA AGAGAG GAGAGG AGAGGA GAGGAG AGGAGA GGAGAC GAGACT AGACTG GACTGA ACTGAA CTGAAA TGAAAG GAAAGA AAAGAT AAGATT AGATTA GATTAG ATTAGC TTAGCT TAGCTG AGCTGT GCTGTT CTGTTC TGTTCA GTTCAA TTCAAA TCAAAA CAAAAA AAAAAG AAAAGA AAAGAT AAGATG AGATGG GATGGC ATGGCT TGGCTA GGCTAA GCTAAA CTAAAG TAAAGA AAAGAG AAGAGC AGAGCT GAGCTT AGCTTA GCTTAC CTTACC TTACCT TACCTA ACCTAT CCTATT CTATTG TATTGT ATTGTA TTGTAT TGTATC GTATCA TATCAG ATCAGT TCAGTC CAGTCA AGTCAT GTCATG TCATGC CATGCA ATGCAC TGCACT GCACTG CACTGA ACTGAT CTGATA TGATAC GATACA ATACAT TACATT ACATTC CATTCT ATTCTC TTCTCA	1	0	0.039321426302194595
TCCTGG CCTGGC CTGGCA TGGCAT GGCATC GCATCA CATCAT ATCATG TCATGT CATGTG ATGTGG TGTGGA GTGGAT TGGATC GGATCC GATCCT ATCCTA TCCTAT CCTATA CTATAA TATAAA ATAAAG TAAAGG AAAGGC AAGGCA AGGCAG GGCAGT GCAGTA CAGTAG AGTAGC GTAGCT TAGCTC AGCTCC GCTCCA CTCCAA TCCAAG CCAAGC CAAGCA AAGCAC AGCACA GCACAT CACATT ACATTA CATTAC ATTACA TTACAG TACAGA ACAGAG CAGAGG AGAGGG GAGGGA AGGGAC GGGACC GGACCC GACCCA ACCCAA CCCAAC CCAACT CAACTC AACTCC ACTCCA CTCCAT TCCATT CCATTA CATTAA ATTAAA TTAAAC TAAACC AAACCA AACCAC ACCACC CCACCA CACCAC ACCACC CCACCA CACCAG ACCAGC CCAGCT CAGCTC AGCTCC GCTCCC CTCCCC TCCCCA CCCCAA CCCAAG CCAAGC CAAGCC AAGCCA AGCCAC GCCACC CCACCC CACCCC ACCCCT CCCCTT CCCTTC CCTTCA CTTCAG TTCAGC TCAGCC CAGCCA AGCCAT GCCATG CCATGA CATGAA ATGAAG TGAAGT GAAGTT AAGTTC AGTTCC GTTCCT TTCCTG TCCTGC CCTGCT CTGCTC TGCTCC GCTCCT CTCCTG TCCTGG CCTGGT CTGGTC TGGTCT GGTCTT GTCTTG TCTTGG CTTGGC TTGGCA TGGCAG GGCAGC GCAGCC CAGCCC AGCCCT GCCCTC CCCTCG CCTCGG CTCGGA TCGGAT CGGATT GGATTC GATTCC ATTCCT TTCCTG TCCTGA CCTGAC CTGACC TGACCC GACCCA ACCCAG CCCAGG CCAGGT CAGGTG AGGTGA GGTGAT GTGATC TGATCC GATCCC ATCCCA TCCCAG CCCAGG CCAGGT CAGGTA AGGTAA GGTAAA GTAAAC TAAACT AAACTG AACTGG ACTGGA CTGGAT TGGATA GGATAA GATAAA ATAAAT TAAATA AAATAG AATAGG ATAGGA TAGGAG AGGAGG GGAGGA GAGGAA AGGAAA GGAAAG GAAAGG AAAGGA AAGGAA AGGAAA GGAAAA GAAAAC AAAACT AAACTG AACTGG ACTGGG CTGGGA TGGGAA GGGAAC GGAACG GAACGA AACGAG ACGAGG CGAGGA GAGGAA AGGAAC GGAACA GAACAC AACACT ACACTA CACTAG ACTAGC CTAGCA TAGCAT AGCATA GCATAT CATATC ATATCT TATCTG ATCTGG TCTGGT CTGGTT TGGTTG GGTTGC GTTGCT TTGCTC TGCTCT GCTCTG CTCTGG TCTGGT CTGGTG TGGTGA GGTGAT GTGATA TGATAG GATAGA ATAGAT TAGATG AGATGA GATGAG ATGAGC TGAGCC GAGCCA AGCCAG GCCAGG CCAGGT CAGGTT AGGTTG GGTTGG GTTGGG TTGGGT TGGGTG GGGTGG GGTGGA GTGGAG TGGAGG GGAGGC GAGGCA AGGCAG GGCAGG GCAGGG CAGGGC AGGGCT GGGCTC GGCTCA GCTCAC CTCACC TCACCC CACCCC ACCCCA CCCCAC CCCACT CCACTG CACTGA ACTGAG CTGAGT TGAGTT GAGTTC AGTTCC GTTCCA TTCCAG TCCAGT CCAGTC CAGTCT AGTCTA GTCTAA TCTAAG CTAAGG TAAGGT AAGGTA AGGTAG GGTAGA GTAGAG TAGAGA AGAGAT GAGATC AGATCT GATCTC ATCTCC	1	0	0.07100427895784378
TCCCGC CCCGCG CCGCGC CGCGCG GCGCGC CGCGCT GCGCTC CGCTCC GCTCCC CTCCCA TCCCAC CCCACG CCACGG CACGGC ACGGCC CGGCCC GGCCCC GCCCCG CCCCGC CCCGCC CCGCCG CGCCGG GCCGGC CCGGCC CGGCCC GGCCCC GCCCCC CCCCCG CCCCGC CCCGCC CCGCCT CGCCTT GCCTTA CCTTAT CTTATA TTATAG TATAGG ATAGGC TAGGCG AGGCGA GGCGAG GCGAGG CGAGGG GAGGGA AGGGAG GGGAGG GGAGGG GAGGGG AGGGGC GGGGCC GGGCCA GGCCAA GCCAAT CCAATG CAATGG AATGGC ATGGCA TGGCAA GGCAAG GCAAGG CAAGGC AAGGCC AGGCCG GGCCGC GCCGCC CCGCCC CGCCCC GCCCCG CCCCGG CCCGGC CCGGCC CGGCCG GGCCGG GCCGGG CCGGGG CGGGGG GGGGGC GGGGCG GGGCGG GGCGGA GCGGAG CGGAGG GGAGGG GAGGGC AGGGCT GGGCTC GGCTCC GCTCCG CTCCGC TCCGCC CCGCCC CGCCCG GCCCGG CCCGGC CCGGCC CGGCCA GGCCAA GCCAAT CCAATG CAATGG AATGGG ATGGGG TGGGGA GGGGAG GGGAGG GGAGGC GAGGCG AGGCGT GGCGTC GCGTCC CGTCCG GTCCGC TCCGCC CCGCCC CGCCCG GCCCGG CCCGGC CCGGCC CGGCCA GGCCAA GCCAAT CCAATG CAATGG AATGGG ATGGGG TGGGGA GGGGAG GGGAGG GGAGGC GAGGCG AGGCGT GGCGTC GCGTCC CGTCCG GTCCGC TCCGCC CCGCCG CGCCGC GCCGCG CCGCGC CGCGCC GCGCCC CGCCCT GCCCTG CCCTGG CCTGGC CTGGCC TGGCCA GGCCAA GCCAAT CCAATG CAATGG AATGGC ATGGCG TGGCGA GGCGAC GCGACG CGACGC GACGCT ACGCTC CGCTCC GCTCCC CTCCCA TCCCAC CCCACC CCACCG CACCGC ACCGCC CCGCCT CGCCTC GCCTCC CCTCCG CTCCGT TCCGTC CCGTCC CGTCCC GTCCCC TCCCCC CCCCCA CCCCAG CCCAGG CCAGGT CAGGTT AGGTTG GGTTGA GTTGAA TTGAAA TGAAAG GAAAGC AAAGCG AAGCGG AGCGGC GCGGCC CGGCCC GGCCCG GCCCGG CCCGGG CCGGGA CGGGAG GGGAGC GGAGCC GAGCCG AGCCGG GCCGGC CCGGCG CGGCGG GGCGGC GCGGCC CGGCCC GGCCCA GCCCAC CCCACC CCACCC CACCCC ACCCCG CCCCGA CCCGAA CCGAAG CGAAGG GAAGGC AAGGCC AGGCCC GGCCCC GCCCCC CCCCCG CCCCGT CCCGTT CCGTTC CGTTCC GTTCCC TTCCCG TCCCGG CCCGGC CCGGCT CGGCTG GGCTGG GCTGGC CTGGCT TGGCTA GGCTAG GCTAGC CTAGCC TAGCCC AGCCCG GCCCGG CCCGGC CCGGCA CGGCAG GGCAGA GCAGAT CAGATG AGATGC GATGCT ATGCTG TGCTGG GCTGGA CTGGAG TGGAGG GGAGGT GAGGTC AGGTCT GGTCTG GTCTGG TCTGGG CTGGGA TGGGAG GGGAGG GGAGGG GAGGGT AGGGTC GGGTCG GGTCGG GTCGGC TCGGCC CGGCCG GGCCGG GCCGGG CCGGGG CGGGGT GGGGTG GGGTGG GGTGGG GTGGGC TGGGCC GGGCCC GGCCCA GCCCAG CCCAGA CCAGAT CAGATC AGATCC GATCCG ATCCGA TCCGAA CCGAAC	1	1	0.5025476217269897
GGGCGT GGCGTG GCGTGG CGTGGT GTGGTC TGGTCT GGTCTC GTCTCT TCTCTA CTCTAC TCTACC CTACCT TACCTT ACCTTA CCTTAT CTTATA TTATAA TATAAT ATAATA TAATAG AATAGG ATAGGG TAGGGA AGGGAG GGGAGG GGAGGG GAGGGC AGGGCG GGGCGT GGCGTC GCGTCT CGTCTT GTCTTA TCTTAT CTTATC TTATCC TATCCT ATCCTC TCCTCT CCTCTC CTCTCA TCTCAG CTCAGC TCAGCC CAGCCG AGCCGC GCCGCG CCGCGG CGCGGC GCGGCT CGGCTG GGCTGA GCTGAG CTGAGC TGAGCC GAGCCT AGCCTC GCCTCT CCTCTT CTCTTT TCTTTG CTTTGT TTTGTC TTGTCT TGTCTG GTCTGA TCTGAG CTGAGC TGAGCG GAGCGC AGCGCG GCGCGC CGCGCT GCGCTC CGCTCG GCTCGG CTCGGC TCGGCT CGGCTT GGCTTT GCTTTT CTTTTT TTTTTT TTTTTT TTTTTT TTTTTT TTTTTT TTTTTT TTTTTT TTTTTT TTTTTT TTTTTC TTTTCT TTTCTC TTCTCT TCTCTC CTCTCT TCTCTC CTCTCC TCTCCT CTCCTT TCCTTC CCTTCC CTTCCC TTCCCT TCCCTG CCCTGC CCTGCA CTGCAG TGCAGC GCAGCA CAGCAG AGCAGT GCAGTG CAGTGG AGTGGC GTGGCC TGGCCG GGCCGG GCCGGT CCGGTG CGGTGT GGTGTC GTGTCC TGTCCA GTCCAG TCCAGC CCAGCT CAGCTG AGCTGC GCTGCC CTGCCT TGCCTA GCCTAC CCTACT CTACTT TACTTT ACTTTC CTTTCT TTTCTG TTCTGC TCTGCC CTGCCC TGCCCG GCCCGG CCCGGA CCGGAT CGGATC GGATCT GATCTC ATCTCT TCTCTG CTCTGG TCTGGC CTGGCT TGGCTC GGCTCC GCTCCT CTCCTC TCCTCA CCTCAT CTCATC TCATCT CATCTC ATCTCT TCTCTC CTCTCC TCTCCG CTCCGG TCCGGT CCGGTC CGGTCT GGTCTC GTCTCC TCTCCG CTCCGC TCCGCA CCGCAG CGCAGA GCAGAC CAGACT AGACTA GACTAA ACTAAA CTAAAG TAAAGC AAAGCC AAGCCC AGCCCT GCCCTC CCCTCG CCTCGG CTCGGG TCGGGA CGGGAT GGGATA GGATAT GATATG ATATGC TATGCA ATGCAG TGCAGC GCAGCA CAGCAG AGCAGC GCAGCC CAGCCA AGCCAT GCCATG CCATGC CATGCC ATGCCT TGCCTG GCCTGT CCTGTG CTGTGC TGTGCA GTGCAC TGCACA GCACAC CACACG ACACGC CACGCT ACGCTG CGCTGA GCTGAG CTGAGC TGAGCC GAGCCC AGCCCC GCCCCG CCCCGG CCCGGA CCGGAG CGGAGC GGAGCC GAGCCC AGCCCC GCCCCG CCCCGT CCCGTC CCGTCC CGTCCG GTCCGC TCCGCC CCGCCC CGCCCC GCCCCC CCCCCG CCCCGC CCCGCC CCGCCC CGCCCT GCCCTA CCCTAC CCTACC CTACCT TACCTT ACCTTG CCTTGC CTTGCC TTGCCG TGCCGC GCCGCC CCGCCT CGCCTG GCCTGC CCTGCG CTGCGG TGCGGA GCGGAC CGGACC GGACCA GACCAG ACCAGG CCAGGG CAGGGT AGGGTC GGGTCC GGTCCC GTCCCT TCCCTG CCCTGG CCTGGC CTGGCT TGGCTA GGCTAC GCTACC CTACCT TACCTG ACCTGC CCTGCT CTGCTA TGCTAC GCTACG	1	0	0.17861366271972656
AACCTC ACCTCT CCTCTG CTCTGT TCTGTC CTGTCT TGTCTG GTCTGG TCTGGC CTGGCC TGGCCG GGCCGA GCCGAG CCGAGC CGAGCT GAGCTC AGCTCT GCTCTG CTCTGT TCTGTC CTGTCC TGTCCA GTCCAG TCCAGG CCAGGC CAGGCA AGGCAG GGCAGC GCAGCT CAGCTA AGCTAT GCTATT CTATTT TATTTA ATTTAT TTTATA TTATAC TATACT ATACTT TACTTG ACTTGC CTTGCT TTGCTC TGCTCT GCTCTG CTCTGA TCTGAA CTGAAT TGAATA GAATAC AATACC ATACCA TACCAC ACCACG CCACGG CACGGC ACGGCT CGGCTG GGCTGC GCTGCT CTGCTC TGCTCT GCTCTG CTCTGC TCTGCT CTGCTT TGCTTG GCTTGC CTTGCT TTGCTT TGCTTC GCTTCC CTTCCT TTCCTC TCCTCT CCTCTC CTCTCA TCTCAC CTCACC TCACCG CACCGC ACCGCC CCGCCT CGCCTC GCCTCC CCTCCC CTCCCT TCCCTC CCCTCC CCTCCG CTCCGG TCCGGC CCGGCC CGGCCC GGCCCC GCCCCA CCCCAC CCCACC CCACCC CACCCG ACCCGA CCCGAC CCGACA CGACAC GACACC ACACCC CACCCT ACCCTC CCCTCT CCTCTC CTCTCA TCTCAC CTCACC TCACCT CACCTC ACCTCT CCTCTA CTCTAT TCTATT CTATTC TATTCT ATTCTT TTCTTC TCTTCA CTTCAC TTCACT TCACTC CACTCC ACTCCT CTCCTT TCCTTC CCTTCC CTTCCC TTCCCT TCCCTT CCCTTC CCTTCC CTTCCT TTCCTC TCCTCC CCTCCT CTCCTT TCCTTC CCTTCC CTTCCT TTCCTC TCCTCA CCTCAG CTCAGT TCAGTC CAGTCT AGTCTT GTCTTG TCTTGG CTTGGT TTGGTG TGGTGG GGTGGC GTGGCA TGGCAC GGCACG GCACGT CACGTC ACGTCG CGTCGC GTCGCC TCGCCC CGCCCT GCCCTT CCCTTA CCTTAC CTTACC TTACCC TACCCT ACCCTA CCCTAA CCTAAG CTAAGC TAAGCG AAGCGT AGCGTG GCGTGC CGTGCA GTGCAC TGCACC GCACCA CACCAA ACCAAC CCAACC CAACCT AACCTT ACCTTG CCTTGC CTTGCT TTGCTC TGCTCT GCTCTG CTCTGT TCTGTC CTGTCT TGTCTG GTCTGC TCTGCC CTGCCT TGCCTC GCCTCA CCTCAC CTCACC TCACCT CACCTC ACCTCT CCTCTG CTCTGA TCTGAG CTGAGC TGAGCC GAGCCC AGCCCT GCCCTC CCCTCT CCTCTG CTCTGA TCTGAT CTGATT TGATTA GATTAT ATTATC TTATCC TATCCA ATCCAG TCCAGT CCAGTG CAGTGA AGTGAG GTGAGG TGAGGC GAGGCC AGGCCT GGCCTG GCCTGG CCTGGC CTGGCT TGGCTT GGCTTC GCTTCC CTTCCC TTCCCT TCCCTG CCCTGC CCTGCT CTGCTG TGCTGG GCTGGA CTGGAG TGGAGG GGAGGG GAGGGG AGGGGA GGGGAG GGGAGG GGAGGG GAGGGA AGGGAA GGGAAG GGAAGA GAAGAA AAGAAA AGAAAA GAAAAC AAAACA AAACAG AACAGC ACAGCA CAGCAC AGCACA GCACAC CACACA ACACAG CACAGA ACAGAC CAGACA AGACAC GACACG ACACGC CACGCG ACGCGC CGCGCA GCGCAC CGCACA GCACAC CACACA ACACAC CACACT ACACTC CACTCA	1	0	0.05013757199048996
CCCCTT CCCTTC CCTTCA CTTCAA TTCAAA TCAAAT CAAATG AAATGG AATGGC ATGGCA TGGCAG GGCAGT GCAGTT CAGTTC AGTTCT GTTCTG TTCTGG TCTGGT CTGGTG TGGTGC GGTGCC GTGCCT TGCCTC GCCTCT CCTCTT CTCTTC TCTTCC CTTCCC TTCCCC TCCCCC CCCCCC CCCCCT CCCCTT CCCTTT CCTTTT CTTTTA TTTTAT TTTATG TTATGG TATGGA ATGGAC TGGACG GGACGA GACGAG ACGAGA CGAGAG GAGAGC AGAGCC GAGCCT AGCCTC GCCTCC CCTCCC CTCCCC TCCCCT CCCCTG CCCTGT CCTGTC CTGTCG TGTCGC GTCGCT TCGCTC CGCTCA GCTCAG CTCAGC TCAGCC CAGCCC AGCCCT GCCCTT CCCTTG CCTTGC CTTGCT TTGCTG TGCTGA GCTGAG CTGAGC TGAGCA GAGCAC AGCACA GCACAG CACAGG ACAGGC CAGGCT AGGCTG GGCTGC GCTGCT CTGCTG TGCTGG GCTGGG CTGGGA TGGGAG GGGAGC GGAGCC GAGCCA AGCCAA GCCAAT CCAATG CAATGG AATGGG ATGGGG TGGGGA GGGGAA GGGAAG GGAAGT GAAGTG AAGTGG AGTGGC GTGGCT TGGCTG GGCTGA GCTGAG CTGAGA TGAGAG GAGAGC AGAGCA GAGCAG AGCAGT GCAGTC CAGTCA AGTCAG GTCAGA TCAGAG CAGAGC AGAGCA GAGCAC AGCACA GCACAG CACAGA ACAGAC CAGACC AGACCC GACCCC ACCCCC CCCCCA CCCCAG CCCAGG CCAGGC CAGGCC AGGCCC GGCCCT GCCCTT CCCTTC CCTTCA CTTCAA TTCAAC TCAACT CAACTC AACTCG ACTCGA CTCGAA TCGAAC CGAACT GAACTC AACTCC ACTCCC CTCCCT TCCCTG CCCTGG CCTGGG CTGGGC TGGGCC GGGCCT GGCCTG GCCTGA CCTGAC CTGACA TGACAC GACACA ACACAA CACAAT ACAATA CAATAG AATAGG ATAGGC TAGGCT AGGCTT GGCTTC GCTTCT CTTCTC TTCTCT TCTCTT CTCTTC TCTTCG CTTCGT TTCGTG TCGTGA CGTGAC GTGACA TGACAG GACAGG ACAGGG CAGGGA AGGGAT GGGATG GGATGT GATGTG ATGTGG TGTGGA GTGGAG TGGAGG GGAGGA GAGGAG AGGAGG GGAGGA GAGGAA AGGAAG GGAAGG GAAGGC AAGGCA AGGCAG GGCAGC GCAGCC CAGCCG AGCCGT GCCGTG CCGTGT CGTGTT GTGTTG TGTTGG GTTGGG TTGGGG TGGGGA GGGGAG GGGAGG GGAGGG GAGGGG AGGGGG GGGGGC GGGGCG GGGCGG GGCGGA GCGGAT CGGATT GGATTC GATTCT ATTCTG TTCTGG TCTGGG CTGGGT TGGGTG GGGTGT GGTGTA GTGTAG TGTAGT GTAGTG TAGTGC AGTGCT GTGCTG TGCTGT GCTGTT CTGTTT TGTTTG GTTTGT TTTGTC TTGTCA TGTCAC GTCACT TCACTT CACTTG ACTTGA CTTGAA TTGAAA TGAAAT GAAATC AAATCC AATCCG ATCCGG TCCGGC CCGGCC CGGCCA GGCCAC GCCACT CCACTT CACTTC ACTTCA CTTCAG TTCAGT TCAGTT CAGTTT AGTTTT GTTTTT TTTTTG TTTTGA TTTGAT TTGATG TGATGC GATGCG ATGCGT TGCGTT GCGTTT CGTTTC GTTTCC TTTCCA TTCCAG TCCAGG CCAGGA	1	0	0.10972101241350174
GGTGTG GTGTGT TGTGTA GTGTAG TGTAGG GTAGGA TAGGAG AGGAGA GGAGAG GAGAGG AGAGGA GAGGAT AGGATT GGATTC GATTCT ATTCTA TTCTAT TCTATA CTATAA TATAAA ATAAAT TAAATG AAATGG AATGGT ATGGTA TGGTAA GGTAAG GTAAGG TAAGGC AAGGCA AGGCAA GGCAAT GCAATC CAATCC AATCCT ATCCTT TCCTTG CCTTGG CTTGGC TTGGCA TGGCAG GGCAGC GCAGCC CAGCCT AGCCTG GCCTGT CCTGTC CTGTCT TGTCTG GTCTGT TCTGTC CTGTCA TGTCAG GTCAGC TCAGCA CAGCAC AGCACT GCACTG CACTGT ACTGTC CTGTCC TGTCCG GTCCGT TCCGTG CCGTGC CGTGCC GTGCCA TGCCAT GCCATT CCATTC CATTCC ATTCCC TTCCCA TCCCAG CCCAGA CCAGAG CAGAGG AGAGGA GAGGAG AGGAGC GGAGCC GAGCCT AGCCTG GCCTGA CCTGAG CTGAGA TGAGAA GAGAAG AGAAGA GAAGAG AAGAGG AGAGGC GAGGCA AGGCAG GGCAGA GCAGAG CAGAGG AGAGGA GAGGAA AGGAAG GGAAGG GAAGGC AAGGCG AGGCGA GGCGAA GCGAAA CGAAAC GAAACA AAACAT AACATG ACATGG CATGGC ATGGCT TGGCTG GGCTGG GCTGGT CTGGTG TGGTGA GGTGAG GTGAGT TGAGTG GAGTGC AGTGCA GTGCAT TGCATG GCATGG CATGGC ATGGCA TGGCAT GGCATC GCATCT CATCTT ATCTTC TCTTCT CTTCTC TTCTCC TCTCCA CTCCAT TCCATC CCATCA CATCAG ATCAGG TCAGGT CAGGTC AGGTCC GGTCCT GTCCTT TCCTTG CCTTGC CTTGCC TTGCCA TGCCAG GCCAGA CCAGAA CAGAAG AGAAGC GAAGCC AAGCCT AGCCTG GCCTGT CCTGTG CTGTGC TGTGCT GTGCTT TGCTTC GCTTCC CTTCCC TTCCCC TCCCCT CCCCTG CCCTGG CCTGGG CTGGGC TGGGCC GGGCCA GGCCAG GCCAGC CCAGCC CAGCCT AGCCTG GCCTGC CCTGCC CTGCCA TGCCAA GCCAAG CCAAGC CAAGCC AAGCCA AGCCAG GCCAGA CCAGAG CAGAGT AGAGTG GAGTGT AGTGTC GTGTCC TGTCCG GTCCGG TCCGGC CCGGCC CGGCCA GGCCAG GCCAGG CCAGGA CAGGAC AGGACA GGACAG GACAGC ACAGCT CAGCTG AGCTGC GCTGCC CTGCCT TGCCTG GCCTGC CCTGCC CTGCCT TGCCTT GCCTTG CCTTGG CTTGGG TTGGGG TGGGGG GGGGGC GGGGCT GGGCTC GGCTCT GCTCTG CTCTGA TCTGAA CTGAAG TGAAGG GAAGGC AAGGCC AGGCCA GGCCAG GCCAGA CCAGAC CAGACT AGACTT GACTTC ACTTCC CTTCCT TTCCTA TCCTAT CCTATT CTATTT TATTTT ATTTTA TTTTAG TTTAGG TTAGGG TAGGGT AGGGTG GGGTGC GGTGCT GTGCTA TGCTAG GCTAGC CTAGCC TAGCCA AGCCAG GCCAGA CCAGAG CAGAGG AGAGGC GAGGCG AGGCGG GGCGGC GCGGCT CGGCTC GGCTCT GCTCTT CTCTTT TCTTTC CTTTCT TTTCTC TTCTCA TCTCAG CTCAGT TCAGTG CAGTGG AGTGGT GTGGTG TGGTGG GGTGGT GTGGTT TGGTTG GGTTGG GTTGGG TTGGGT TGGGTC GGGTCC GGTCCC GTCCCT	1	0	0.12517963349819183
GGTGGA GTGGAG TGGAGC GGAGCT GAGCTG AGCTGC GCTGCC CTGCCT TGCCTG GCCTGG CCTGGT CTGGTC TGGTCT GGTCTA GTCTAT TCTATA CTATAA TATAAA ATAAAT TAAATC AAATCC AATCCT ATCCTG TCCTGG CCTGGG CTGGGG TGGGGC GGGGCC GGGCCA GGCCAT GCCATC CCATCA CATCAG ATCAGG TCAGGC CAGGCT AGGCTA GGCTAG GCTAGG CTAGGG TAGGGT AGGGTC GGGTCC GGTCCT GTCCTG TCCTGC CCTGCA CTGCAG TGCAGC GCAGCT CAGCTG AGCTGC GCTGCC CTGCCT TGCCTG GCCTGA CCTGAA CTGAAG TGAAGG GAAGGA AAGGAG AGGAGC GGAGCC GAGCCA AGCCAT GCCATC CCATCT CATCTC ATCTCA TCTCAT CTCATC TCATCC CATCCA ATCCAC TCCACA CCACAG CACAGC ACAGCT CAGCTC AGCTCT GCTCTT CTCTTC TCTTCC CTTCCT TTCCTT TCCTTG CCTTGG CTTGGT TTGGTG TGGTGA GGTGAG GTGAGT TGAGTG GAGTGG AGTGGG GTGGGG TGGGGA GGGGAG GGGAGC GGAGCC GAGCCT AGCCTT GCCTTC CCTTCC CTTCCC TTCCCT TCCCTA CCCTAA CCTAAG CTAAGG TAAGGG AAGGGC AGGGCT GGGCTA GGCTAG GCTAGG CTAGGA TAGGAC AGGACA GGACAC GACACC ACACCT CACCTG ACCTGG CCTGGA CTGGAC TGGACC GGACCA GACCAA ACCAAG CCAAGT CAAGTT AAGTTT AGTTTC GTTTCA TTTCAT TTCATC TCATCC CATCCT ATCCTG TCCTGG CCTGGG CTGGGC TGGGCG GGGCGT GGCGTA GCGTAT CGTATG GTATGG TATGGT ATGGTG TGGTGT GGTGTG GTGTGC TGTGCT GTGCTG TGCTGC GCTGCT CTGCTC TGCTCC GCTCCT CTCCTC TCCTCT CCTCTT CTCTTC TCTTCC CTTCCC TTCCCC TCCCCA CCCCAT CCCATT CCATTC CATTCC ATTCCC TTCCCA TCCCAG CCCAGG CCAGGT CAGGTG AGGTGC GGTGCC GTGCCT TGCCTC GCCTCC CCTCCA CTCCAC TCCACC CCACCC CACCCC ACCCCT CCCCTG CCCTGA CCTGAA CTGAAC TGAACC GAACCA AACCAT ACCATG CCATGC CATGCC ATGCCA TGCCAG GCCAGA CCAGAG CAGAGA AGAGAA GAGAAG AGAAGT GAAGTC AAGTCC AGTCCC GTCCCC TCCCCT CCCCTT CCCTTT CCTTTT CTTTTC TTTTCC TTTCCT TTCCTC TCCTCT CCTCTC CTCTCC TCTCCT CTCCTC TCCTCT CCTCTC CTCTCC TCTCCC CTCCCC TCCCCA CCCCAA CCCAAC CCAACA CAACAG AACAGC ACAGCT CAGCTC AGCTCT GCTCTA CTCTAC TCTACC CTACCA TACCAT ACCATC CCATCT CATCTA ATCTAT TCTATT CTATTC TATTCT ATTCTT TTCTTG TCTTGT CTTGTG TTGTGC TGTGCT GTGCTT TGCTTG GCTTGT CTTGTT TTGTTG TGTTGC GTTGCC TTGCCC TGCCCC GCCCCT CCCCTG CCCTGG CCTGGC CTGGCA TGGCAT GGCATG GCATGG CATGGG ATGGGA TGGGAG GGGAGG GGAGGG GAGGGA AGGGAT GGGATA GGATAA GATAAG ATAAGG TAAGGG AAGGGG AGGGGT GGGGTA GGGTAG GGTAGA GTAGAA TAGAAG AGAAGC GAAGCA	1	0	0.05125849321484566
GAGGTA AGGTAC GGTACT GTACTG TACTGG ACTGGG CTGGGA TGGGAG GGGAGG GGAGGC GAGGCT AGGCTG GGCTGG GCTGGA CTGGAT TGGATA GGATAA GATAAA ATAAAG TAAAGT AAAGTC AAGTCT AGTCTT GTCTTC TCTTCG CTTCGG TTCGGC TCGGCT CGGCTG GGCTGG GCTGGG CTGGGC TGGGCC GGGCCA GGCCAC GCCACA CCACAC CACACC ACACCC CACCCC ACCCCA CCCCAC CCCACC CCACCC CACCCC ACCCCA CCCCAA CCCAAA CCAAAT CAAATT AAATTC AATTCT ATTCTC TTCTCC TCTCCC CTCCCT TCCCTG CCCTGT CCTGTC CTGTCC TGTCCC GTCCCA TCCCAC CCCACC CCACCC CACCCT ACCCTA CCCTAG CCTAGT CTAGTG TAGTGG AGTGGC GTGGCC TGGCCC GGCCCA GCCCAG CCCAGG CCAGGC CAGGCC AGGCCA GGCCAC GCCACC CCACCC CACCCC ACCCCG CCCCGG CCCGGC CCGGCC CGGCCT GGCCTG GCCTGC CCTGCT CTGCTC TGCTCC GCTCCC CTCCCT TCCCTT CCCTTC CCTTCC CTTCCG TTCCGC TCCGCA CCGCAA CGCAAG GCAAGG CAAGGC AAGGCA AGGCAC GGCACC GCACCT CACCTC ACCTCA CCTCAC CTCACC TCACCT CACCTT ACCTTC CCTTCT CTTCTG TTCTGT TCTGTG CTGTGC TGTGCC GTGCCC TGCCCA GCCCAG CCCAGA CCAGAC CAGACC AGACCA GACCAT ACCATT CCATTA CATTAG ATTAGC TTAGCC TAGCCA AGCCAA GCCAAC CCAACG CAACGC AACGCG ACGCGG CGCGGT GCGGTG CGGTGA GGTGAC GTGACC TGACCT GACCTT ACCTTG CCTTGA CTTGAC TTGACC TGACCC GACCCC ACCCCG CCCCGG CCCGGC CCGGCC CGGCCC GGCCCA GCCCAG CCCAGG CCAGGC CAGGCC AGGCCC GGCCCT GCCCTG CCCTGC CCTGCT CTGCTA TGCTAA GCTAAT CTAATG TAATGA AATGAA ATGAAG TGAAGA GAAGAG AAGAGG AGAGGA GAGGAA AGGAAA GGAAAG GAAAGC AAAGCC AAGCCC AGCCCG GCCCGT CCCGTA CCGTAC CGTACG GTACGC TACGCA ACGCAC CGCACT GCACTC CACTCG ACTCGG CTCGGC TCGGCC CGGCCT GGCCTG GCCTGA CCTGAC CTGACC TGACCC GACCCA ACCCAC CCCACG CCACGG CACGGC ACGGCG CGGCGA GGCGAC GCGACC CGACCC GACCCT ACCCTC CCCTCT CCTCTG CTCTGT TCTGTG CTGTGA TGTGAC GTGACC TGACCA GACCAA ACCAAT CCAATC CAATCA AATCAT ATCATA TCATAC CATACT ATACTA TACTAC ACTACC CTACCA TACCAA ACCAAC CCAACC CAACCT AACCTC ACCTCT CCTCTT CTCTTA TCTTAA CTTAAA TTAAAC TAAACA AAACAG AACAGA ACAGAG CAGAGC AGAGCT GAGCTC AGCTCC GCTCCA CTCCAC TCCACC CCACCG CACCGA ACCGAC CCGACG CGACGC GACGCA ACGCAA CGCAAT GCAATG CAATGC AATGCC ATGCCC TGCCCA GCCCAG CCCAGG CCAGGC CAGGCA AGGCAT GGCATA GCATAA CATAAA ATAAAA TAAAAA AAAAAG AAAAGG AAAGGC AAGGCC AGGCCA GGCCAG GCCAGG CCAGGC CAGGCC AGGCCG	1	0	0.0893993079662323
ATGGTA TGGTAC GGTACC GTACCA TACCAA ACCAAC CCAACC CAACCT AACCTC ACCTCC CCTCCT CTCCTC TCCTCC CCTCCA CTCCAA TCCAAA CCAAAT CAAATT AAATTG AATTGA ATTGAT TTGATC TGATCA GATCAA ATCAAA TCAAAT CAAATC AAATCT AATCTA ATCTAT TCTATA CTATAT TATATA ATATAT TATATT ATATTT TATTTA ATTTAA TTTAAG TTAAGG TAAGGA AAGGAT AGGATC GGATCA GATCAA ATCAAT TCAATG CAATGA AATGAT ATGATT TGATTC GATTCC ATTCCA TTCCAA TCCAAT CCAATT CAATTT AATTTT ATTTTT TTTTTG TTTTGC TTTGCA TTGCAT TGCATT GCATTA CATTAG ATTAGG TTAGGT TAGGTC AGGTCC GGTCCT GTCCTG TCCTGG CCTGGG CTGGGA TGGGAT GGGATA GGATAC GATACC ATACCT TACCTG ACCTGA CCTGAC CTGACG TGACGA GACGAT ACGATT CGATTT GATTTT ATTTTC TTTTCA TTTCAC TTCACC TCACCT CACCTA ACCTAT CCTATA CTATAA TATAAC ATAACA TAACAT AACATA ACATAA CATAAA ATAAAT TAAATT AAATTA AATTAA ATTAAG TTAAGT TAAGTG AAGTGA AGTGAA GTGAAC TGAACT GAACTA AACTAG ACTAGC CTAGCT TAGCTG AGCTGA GCTGAG CTGAGA TGAGAC GAGACA AGACAA GACAAG ACAAGG CAAGGA AAGGAT AGGATA GGATAG GATAGA ATAGAT TAGATC AGATCC GATCCT ATCCTT TCCTTC CCTTCC CTTCCA TTCCAG TCCAGT CCAGTG CAGTGC AGTGCA GTGCAA TGCAAA GCAAAT CAAATT AAATTA AATTAA ATTAAG TTAAGA TAAGAT AAGATA AGATAA GATAAC ATAACT TAACTA AACTAG ACTAGA CTAGAA TAGAAA AGAAAA GAAAAA AAAAAA AAAAAT AAAATG AAATGT AATGTT ATGTTT TGTTTA GTTTAA TTTAAA TTAAAA TAAAAA AAAAAC AAAACC AAACCT AACCTA ACCTAG CCTAGG CTAGGT TAGGTA AGGTAC GGTACT GTACTT TACTTT ACTTTG CTTTGC TTTGCG TTGCGG TGCGGC GCGGCC CGGCCT GGCCTA GCCTAA CCTAAG CTAAGT TAAGTA AAGTAC AGTACC GTACCT TACCTC ACCTCC CCTCCA CTCCAG TCCAGA CCAGAG CAGAGA AGAGAT GAGATC AGATCA GATCAG ATCAGC TCAGCC CAGCCA AGCCAC GCCACC CCACCA CACCAA ACCAAA CCAAAA CAAAAG AAAAGG AAAGGA AAGGAG AGGAGC GGAGCT GAGCTG AGCTGA GCTGAT CTGATC TGATCC GATCCA ATCCAT TCCATA CCATAT CATATT ATATTC TATTCA ATTCAT TTCATC TCATCT CATCTC ATCTCC TCTCCC CTCCCA TCCCAT CCCATA CCATAC CATACC ATACCT TACCTG ACCTGA CCTGAT CTGATG TGATGG GATGGC ATGGCA TGGCAA GGCAAC GCAACA CAACAC AACACT ACACTT CACTTG ACTTGG CTTGGT TTGGTC TGGTCT GGTCTC GTCTCA TCTCAT CTCATA TCATAC CATACA ATACAC TACACA ACACAT CACATC ACATCT CATCTA ATCTAG TCTAGC CTAGCA TAGCAT AGCATT GCATTG CATTGA ATTGAA TTGAAT TGAATG GAATGG	1	0	0.05743791535496712
AGGCAG GGCAGA GCAGAC CAGACC AGACCC GACCCC ACCCCG CCCCGG CCCGGG CCGGGA CGGGAG GGGAGG GGAGGG GAGGGC AGGGCT GGGCTT GGCTTC GCTTCC CTTCCC TTCCCC TCCCCC CCCCCG CCCCGC CCCGCG CCGCGT CGCGTC GCGTCC CGTCCG GTCCGC TCCGCT CCGCTT CGCTTT GCTTTA CTTTAA TTTAAG TTAAGT TAAGTA AAGTAC AGTACG GTACGC TACGCG ACGCGG CGCGGC GCGGCC CGGCCG GGCCGG GCCGGC CCGGCC CGGCCC GGCCCC GCCCCT CCCCTG CCCTGT CCTGTC CTGTCT TGTCTC GTCTCC TCTCCT CTCCTC TCCTCC CCTCCT CTCCTT TCCTTT CCTTTC CTTTCG TTTCGA TTCGAC TCGACC CGACCG GACCGG ACCGGG CCGGGG CGGGGA GGGGAC GGGACC GGACCT GACCTC ACCTCC CCTCCG CTCCGC TCCGCA CCGCAG CGCAGG GCAGGG CAGGGC AGGGCC GGGCCA GGCCAC GCCACG CCACGC CACGCC ACGCCC CGCCCG GCCCGC CCCGCT CCGCTG CGCTGG GCTGGC CTGGCT TGGCTG GGCTGC GCTGCC CTGCCC TGCCCC GCCCCG CCCCGC CCCGCC CCGCCT CGCCTC GCCTCC CCTCCT CTCCTG TCCTGC CCTGCA CTGCAT TGCATT GCATTT CATTTA ATTTAT TTTATC TTATCC TATCCC ATCCCG TCCCGG CCCGGT CCGGTA CGGTAG GGTAGC GTAGCT TAGCTC AGCTCC GCTCCG CTCCGG TCCGGC CCGGCC CGGCCG GGCCGC GCCGCA CCGCAA CGCAAG GCAAGT CAAGTC AAGTCC AGTCCT GTCCTT TCCTTC CCTTCT CTTCTC TTCTCC TCTCCT CTCCTC TCCTCC CCTCCT CTCCTC TCCTCC CCTCCT CTCCTC TCCTCC CCTCCA CTCCAG TCCAGG CCAGGA CAGGAA AGGAAG GGAAGC GAAGCG AAGCGC AGCGCG GCGCGC CGCGCC GCGCCC CGCCCC GCCCCG CCCCGA CCCGAC CCGACT CGACTG GACTGA ACTGAC CTGACT TGACTA GACTAG ACTAGA CTAGAC TAGACG AGACGG GACGGA ACGGAC CGGACC GGACCT GACCTC ACCTCC CCTCCG CTCCGT TCCGTG CCGTGC CGTGCA GTGCAT TGCATT GCATTC CATTCC ATTCCC TTCCCC TCCCCG CCCCGG CCCGGG CCGGGC CGGGCT GGGCTA GGCTAC GCTACG CTACGC TACGCC ACGCCC CGCCCT GCCCTC CCCTCG CCTCGC CTCGCC TCGCCC CGCCCG GCCCGC CCCGCT CCGCTG CGCTGA GCTGAG CTGAGA TGAGAC GAGACG AGACGG GACGGC ACGGCG CGGCGC GGCGCT GCGCTC CGCTCT GCTCTC CTCTCC TCTCCG CTCCGA TCCGAG CCGAGC CGAGCT GAGCTC AGCTCG GCTCGG CTCGGC TCGGCT CGGCTG GGCTGC GCTGCT CTGCTT TGCTTT GCTTTG CTTTGG TTTGGG TTGGGT TGGGTT GGGTTT GGTTTT GTTTTC TTTTCG TTTCGC TTCGCT TCGCTG CGCTGC GCTGCG CTGCGA TGCGAG GCGAGC CGAGCC GAGCCT AGCCTC GCCTCG CCTCGC CTCGCC TCGCCA CGCCAA GCCAAC CCAACT CAACTT AACTTA ACTTAT CTTATC TTATCT TATCTG ATCTGC TCTGCC CTGCCA TGCCAG GCCAGC CCAGCC CAGCCT AGCCTC GCCTCT	1	0	0.3147958517074585
TGCTGT GCTGTT CTGTTA TGTTAT GTTATT TTATTT TATTTT ATTTTT TTTTTC TTTTCG TTTCGA TTCGAA TCGAAT CGAATA GAATAT AATATA ATATAT TATATA ATATAA TATAAG ATAAGG TAAGGA AAGGAG AGGAGG GGAGGT GAGGTG AGGTGG GGTGGA GTGGAA TGGAAG GGAAGT GAAGTG AAGTGG AGTGGC GTGGCA TGGCAG GGCAGC GCAGCT CAGCTG AGCTGC GCTGCA CTGCAA TGCAAC GCAACT CAACTA AACTAG ACTAGA CTAGAG TAGAGG AGAGGC GAGGCT AGGCTT GGCTTC GCTTCC CTTCCC TTCCCT TCCCTG CCCTGG CCTGGC CTGGCT TGGCTG GGCTGG GCTGGT CTGGTG TGGTGC GGTGCC GTGCCT TGCCTG GCCTGA CCTGAG CTGAGC TGAGCC GAGCCC AGCCCG GCCCGG CCCGGC CCGGCG CGGCGT GGCGTC GCGTCC CGTCCC GTCCCT TCCCTC CCCTCG CCTCGC CTCGCC TCGCCC CGCCCC GCCCCC CCCCCC CCCCCG CCCCGC CCCGCC CCGCCC CGCCCT GCCCTC CCCTCC CCTCCC CTCCCC TCCCCG CCCCGC CCCGCA CCGCAT CGCATC GCATCC CATCCC ATCCCT TCCCTC CCCTCT CCTCTC CTCTCC TCTCCT CTCCTC TCCTCC CCTCCC CTCCCT TCCCTC CCCTCG CCTCGC CTCGCG TCGCGC CGCGCC GCGCCT CGCCTG GCCTGG CCTGGC CTGGCC TGGCCC GGCCCT GCCCTG CCCTGT CCTGTG CTGTGG TGTGGC GTGGCT TGGCTC GGCTCT GCTCTT CTCTTC TCTTCC CTTCCT TTCCTC TCCTCC CCTCCC CTCCCT TCCCTC CCCTCC CCTCCC CTCCCT TCCCTC CCCTCC CCTCCT CTCCTT TCCTTC CCTTCC CTTCCC TTCCCC TCCCCC CCCCCC CCCCCC CCCCCC CCCCCC CCCCCC CCCCCC CCCCCC CCCCCA CCCCAC CCCACC CCACCC CACCCC ACCCCT CCCCTC CCCTCG CCTCGC CTCGCC TCGCCC CGCCCG GCCCGC CCCGCT CCGCTG CGCTGC GCTGCC CTGCCT TGCCTC GCCTCC CCTCCC CTCCCT TCCCTC CCCTCG CCTCGG CTCGGC TCGGCC CGGCCC GGCCCA GCCCAG CCCAGC CCAGCC CAGCCA AGCCAG GCCAGC CCAGCT CAGCTG AGCTGT GCTGTG CTGTGC TGTGCC GTGCCG TGCCGG GCCGGC CCGGCG CGGCGT GGCGTT GCGTTT CGTTTG GTTTGT TTTGTT TTGTTG TGTTGG GTTGGC TTGGCT TGGCTG GGCTGC GCTGCC CTGCCC TGCCCT GCCCTG CCCTGC CCTGCG CTGCGC TGCGCC GCGCCC CGCCCG GCCCGG CCCGGC CCGGCC CGGCCC GGCCCT GCCCTC CCCTCC CCTCCA CTCCAG TCCAGC CCAGCC CAGCCA AGCCAG GCCAGC CCAGCC CAGCCT AGCCTT GCCTTC CCTTCT CTTCTG TTCTGC TCTGCC CTGCCG TGCCGG GCCGGC CCGGCC CGGCCC GGCCCC GCCCCG CCCCGC CCCGCC CCGCCG CGCCGC GCCGCG CCGCGA CGCGAT GCGATG CGATGG GATGGA ATGGAG TGGAGG GGAGGT GAGGTG AGGTGC GGTGCC GTGCCC TGCCCC GCCCCA CCCCAG CCCAGC CCAGCC CAGCCG AGCCGG GCCGGA CCGGAG CGGAGC GGAGCC GAGCCC AGCCCG GCCCGC CCCGCG CCGCGC CGCGCC	1	0	0.1813797950744629
CACCTC ACCTCC CCTCCC CTCCCC TCCCCC CCCCCG CCCCGG CCCGGC CCGGCA CGGCAG GGCAGC GCAGCT CAGCTC AGCTCC GCTCCT CTCCTA TCCTAT CCTATA CTATAT TATATA ATATAG TATAGC ATAGCT TAGCTG AGCTGG GCTGGG CTGGGC TGGGCG GGGCGG GGCGGA GCGGAC CGGACC GGACCT GACCTG ACCTGG CCTGGC CTGGCT TGGCTG GGCTGC GCTGCC CTGCCA TGCCAA GCCAAG CCAAGA CAAGAG AAGAGG AGAGGG GAGGGT AGGGTG GGGTGT GGTGTG GTGTGC TGTGCT GTGCTG TGCTGG GCTGGG CTGGGG TGGGGG GGGGGA GGGGAC GGGACT GGACTG GACTGT ACTGTG CTGTGC TGTGCA GTGCAG TGCAGC GCAGCT CAGCTC AGCTCG GCTCGA CTCGAG TCGAGG CGAGGC GAGGCT AGGCTC GGCTCC GCTCCA CTCCAG TCCAGA CCAGAG CAGAGG AGAGGC GAGGCA AGGCAC GGCACA GCACAC CACACT ACACTC CACTCC ACTCCA CTCCAG TCCAGA CCAGAG CAGAGA AGAGAG GAGAGA AGAGAG GAGAGC AGAGCC GAGCCA AGCCAA GCCAAG CCAAGG CAAGGT AAGGTA AGGTAC GGTACG GTACGT TACGTG ACGTGG CGTGGG GTGGGG TGGGGG GGGGGG GGGGGC GGGGCC GGGCCA GGCCAC GCCACT CCACTT CACTTC ACTTCT CTTCTG TTCTGT TCTGTG CTGTGG TGTGGT GTGGTC TGGTCA GGTCAG GTCAGG TCAGGA CAGGAC AGGACT GGACTG GACTGC ACTGCT CTGCTG TGCTGG GCTGGT CTGGTT TGGTTT GGTTTC GTTTCT TTTCTT TTCTTA TCTTAT CTTATC TTATCA TATCAA ATCAAG TCAAGG CAAGGC AAGGCT AGGCTC GGCTCG GCTCGA CTCGAT TCGATC CGATCC GATCCC ATCCCA TCCCAG CCCAGA CCAGAT CAGATT AGATTG GATTGA ATTGAA TTGAAA TGAAAA GAAAAT AAAATC AAATCA AATCAT ATCATG TCATGC CATGCA ATGCAA TGCAAT GCAATG CAATGA AATGAT ATGATT TGATTT GATTTC ATTTCT TTTCTT TTCTTT TCTTTA CTTTAC TTTACT TTACTC TACTCC ACTCCC CTCCCA TCCCAC CCCACA CCACAC CACACC ACACCT CACCTG ACCTGG CCTGGG CTGGGG TGGGGA GGGGAT GGGATG GGATGG GATGGG ATGGGT TGGGTC GGGTCC GGTCCC GTCCCA TCCCAA CCCAAG CCAAGT CAAGTT AAGTTC AGTTCA GTTCAG TTCAGG TCAGGG CAGGGT AGGGTA GGGTAG GGTAGA GTAGAC TAGACT AGACTT GACTTG ACTTGC CTTGCG TTGCGA TGCGAG GCGAGG CGAGGA GAGGAT AGGATA GGATAC GATACC ATACCC TACCCA ACCCAG CCCAGT CCAGTC CAGTCA AGTCAT GTCATC TCATCA CATCAC ATCACT TCACTG CACTGG ACTGGG CTGGGC TGGGCT GGGCTT GGCTTG GCTTGC CTTGCC TTGCCT TGCCTT GCCTTT CCTTTC CTTTCT TTTCTC TTCTCT TCTCTA CTCTAA TCTAAG CTAAGT TAAGTT AAGTTG AGTTGG GTTGGT TTGGTG TGGTGC GGTGCT GTGCTA TGCTAT GCTATA CTATAA TATAAT ATAATA TAATAA AATAAA ATAAAA TAAAAT AAAATG AAATGC AATGCT	1	0	0.08700598776340485
ATGAGA TGAGAC GAGACG AGACGC GACGCT ACGCTC CGCTCT GCTCTC CTCTCA TCTCAG CTCAGG TCAGGT CAGGTG AGGTGC GGTGCT GTGCTG TGCTGA GCTGAA CTGAAG TGAAGG GAAGGA AAGGAA AGGAAT GGAATT GAATTT AATTTC ATTTCA TTTCAG TTCAGC TCAGCT CAGCTT AGCTTT GCTTTT CTTTTA TTTTAT TTTATA TTATAA TATAAC ATAACC TAACCC AACCCA ACCCAC CCCACA CCACAC CACACA ACACAG CACAGG ACAGGC CAGGCT AGGCTG GGCTGG GCTGGC CTGGCC TGGCCA GGCCAA GCCAAA CCAAAA CAAAAT AAAATT AAATTG AATTGT ATTGTA TTGTAT TGTATA GTATAA TATAAC ATAACC TAACCG AACCGC ACCGCA CCGCAC CGCACC GCACCA CACCAC ACCACC CCACCT CACCTC ACCTCA CCTCAT CTCATT TCATTA CATTAG ATTAGA TTAGAA TAGAAA AGAAAT GAAATG AAATGC AATGCT ATGCTA TGCTAT GCTATT CTATTT TATTTG ATTTGT TTTGTG TTGTGT TGTGTT GTGTTA TGTTAC GTTACA TTACAC TACACA ACACAA CACAAC ACAACA CAACAG AACAGC ACAGCC CAGCCA AGCCAC GCCACC CCACCA CACCAC ACCACC CCACCC CACCCG ACCCGG CCCGGT CCGGTT CGGTTA GGTTAC GTTACA TTACAA TACAAA ACAAAC CAAACA AAACAG AACAGT ACAGTT CAGTTA AGTTAC GTTACT TTACTG TACTGC ACTGCA CTGCAT TGCATG GCATGC CATGCC ATGCCT TGCCTC GCCTCT CCTCTA CTCTAT TCTATT CTATTA TATTAT ATTATG TTATGG TATGGT ATGGTT TGGTTT GGTTTC GTTTCC TTTCCT TTCCTT TCCTTA CCTTAA CTTAAC TTAACA TAACAT AACATC ACATCA CATCAA ATCAAT TCAATC CAATCT AATCTG ATCTGT TCTGTA CTGTAG TGTAGC GTAGCA TAGCAG AGCAGG GCAGGT CAGGTT AGGTTT GGTTTC GTTTCT TTTCTC TTCTCC TCTCCA CTCCAT TCCATG CCATGG CATGGC ATGGCA TGGCAG GGCAGG GCAGGC CAGGCT AGGCTG GGCTGG GCTGGA CTGGAT TGGATA GGATAG GATAGT ATAGTC TAGTCT AGTCTA GTCTAT TCTATT CTATTG TATTGT ATTGTA TTGTAG TGTAGA GTAGAA TAGAAA AGAAAC GAAACC AAACCA AACCAA ACCAAG CCAAGC CAAGCA AAGCAG AGCAGC GCAGCT CAGCTG AGCTGC GCTGCT CTGCTG TGCTGA GCTGAG CTGAGA TGAGAA GAGAAT AGAATA GAATAC AATACG ATACGT TACGTC ACGTCT CGTCTC GTCTCA TCTCAA CTCAAA TCAAAC CAAACC AAACCT AACCTG ACCTGC CCTGCA CTGCAC TGCACT GCACTA CACTAA ACTAAG CTAAGA TAAGAA AAGAAG AGAAGG GAAGGA AAGGAA AGGAAA GGAAAA GAAAAT AAAATT AAATTA AATTAA ATTAAA TTAAAA TAAAAC AAAACC AAACCT AACCTA ACCTAT CCTATC CTATCT TATCTT ATCTTT TCTTTG CTTTGT TTTGTA TTGTAA TGTAAA GTAAAC TAAACC AAACCC AACCCT ACCCTT CCCTTC CCTTCA CTTCAG TTCAGT TCAGTT CAGTTC AGTTCA GTTCAG TTCAGA TCAGAT	1	0	0.06900683045387268
CAGAAG AGAAGA GAAGAG AAGAGG AGAGGG GAGGGT AGGGTG GGGTGC GGTGCA GTGCAA TGCAAA GCAAAT CAAATG AAATGT AATGTG ATGTGC TGTGCC GTGCCT TGCCTT GCCTTC CCTTCG CTTCGC TTCGCC TCGCCC CGCCCT GCCCTG CCCTGC CCTGCC CTGCCT TGCCTT GCCTTT CCTTTT CTTTTT TTTTTG TTTTGT TTTGTT TTGTTC TGTTCT GTTCTG TTCTGT TCTGTC CTGTCT TGTCTG GTCTGG TCTGGA CTGGAC TGGACC GGACCC GACCCA ACCCAC CCCACA CCACAG CACAGT ACAGTG CAGTGG AGTGGA GTGGAT TGGATT GGATTG GATTGG ATTGGA TTGGAT TGGATG GGATGA GATGAT ATGATG TGATGC GATGCC ATGCCT TGCCTG GCCTGC CCTGCT CTGCTC TGCTCA GCTCAC CTCACG TCACGT CACGTG ACGTGG CGTGGG GTGGGT TGGGTG GGGTGA GGTGAA GTGAAA TGAAAG GAAAGT AAAGTG AAGTGG AGTGGA GTGGAA TGGAAC GGAACT GAACTT AACTTT ACTTTT CTTTTC TTTTCT TTTCTG TTCTGT TCTGTC CTGTCT TGTCTA GTCTAC TCTACT CTACTG TACTGA ACTGAT CTGATT TGATTT GATTTA ATTTAA TTTAAA TTAAAT TAAATG AAATGC AATGCT ATGCTT TGCTTA GCTTAT CTTATC TTATCT TATCTC ATCTCT TCTCTT CTCTTC TCTTCT CTTCTG TTCTGC TCTGCA CTGCAA TGCAAA GCAAAC CAAACA AAACAC AACACC ACACCG CACCGT ACCGTC CCGTCC CGTCCC GTCCCA TCCCAG CCCAGT CCAGTC CAGTCA AGTCAG GTCAGA TCAGAC CAGACC AGACCC GACCCA ACCCAG CCCAGA CCAGAA CAGAAA AGAAAT GAAATA AAATAA AATAAT ATAATG TAATGT AATGTT ATGTTT TGTTTT GTTTTA TTTTAC TTTACC TTACCA TACCAG ACCAGC CCAGCT CAGCTA AGCTAT GCTATC CTATCT TATCTG ATCTGG TCTGGG CTGGGC TGGGCA GGGCAT GGCATC GCATCT CATCTC ATCTCT TCTCTT CTCTTA TCTTAG CTTAGC TTAGCC TAGCCC AGCCCA GCCCAG CCCAGA CCAGAC CAGACA AGACAG GACAGG ACAGGT CAGGTT AGGTTG GGTTGA GTTGAT TTGATA TGATAC GATACA ATACAT TACATA ACATAT CATATA ATATAA TATAAT ATAATT TAATTA AATTAA ATTAAC TTAACC TAACCA AACCAT ACCATC CCATCA CATCAG ATCAGA TCAGAT CAGATA AGATAA GATAAG ATAAGC TAAGCC AAGCCA AGCCAA GCCAAG CCAAGT CAAGTG AAGTGG AGTGGA GTGGAA TGGAAA GGAAAA GAAAAC AAAACA AAACAT AACATA ACATAG CATAGG ATAGGT TAGGTT AGGTTA GGTTAC GTTACA TTACAG TACAGG ACAGGC CAGGCA AGGCAA GGCAAA GCAAAA CAAAAC AAAACA AAACAC AACACA ACACAG CACAGA ACAGAA CAGAAG AGAAGG GAAGGC AAGGCT AGGCTC GGCTCC GCTCCA CTCCAG TCCAGT CCAGTG CAGTGC AGTGCC GTGCCA TGCCAG GCCAGG CCAGGG CAGGGT AGGGTA GGGTAT GGTATA GTATAG TATAGA ATAGAA TAGAAA AGAAAT GAAATG AAATGA AATGAG ATGAGA TGAGAC	1	0	0.08702008426189423
CCTTCG CTTCGA TTCGAA TCGAAC CGAACC GAACCT AACCTC ACCTCA CCTCAC CTCACA TCACAT CACATT ACATTT CATTTC ATTTCC TTTCCC TTCCCA TCCCAT CCCATA CCATAA CATAAA ATAAAA TAAAAA AAAAAA AAAAAG AAAAGA AAAGAT AAGATG AGATGG GATGGC ATGGCG TGGCGC GGCGCC GCGCCA CGCCAT GCCATT CCATTG CATTGC ATTGCT TTGCTT TGCTTC GCTTCC CTTCCG TTCCGC TCCGCG CCGCGT CGCGTT GCGTTC CGTTCC GTTCCG TTCCGG TCCGGT CCGGTT CGGTTG GGTTGC GTTGCG TTGCGG TGCGGA GCGGAT CGGATG GGATGG GATGGT ATGGTG TGGTGA GGTGAG GTGAGT TGAGTG GAGTGT AGTGTG GTGTGT TGTGTC GTGTCG TGTCGG GTCGGG TCGGGG CGGGGG GGGGGG GGGGGC GGGGCT GGGCTT GGCTTG GCTTGG CTTGGC TTGGCG TGGCGG GGCGGC GCGGCT CGGCTT GGCTTT GCTTTT CTTTTC TTTTCT TTTCTC TTCTCC TCTCCT CTCCTC TCCTCA CCTCAG CTCAGT TCAGTT CAGTTT AGTTTT GTTTTC TTTTCT TTTCTG TTCTGG TCTGGA CTGGAG TGGAGT GGAGTG GAGTGC AGTGCT GTGCTT TGCTTT GCTTTG CTTTGG TTTGGA TTGGAG TGGAGG GGAGGA GAGGAG AGGAGA GGAGAG GAGAGG AGAGGT GAGGTA AGGTAA GGTAAG GTAAGC TAAGCG AAGCGC AGCGCG GCGCGG CGCGGG GCGGGA CGGGAT GGGATG GGATGG GATGGG ATGGGA TGGGAT GGGATG GGATGG GATGGG ATGGGG TGGGGG GGGGGG GGGGGG GGGGGG GGGGGG GGGGGT GGGGTT GGGTTG GGTTGG GTTGGA TTGGAG TGGAGT GGAGTG GAGTGG AGTGGT GTGGTG TGGTGG GGTGGG GTGGGG TGGGGG GGGGGC GGGGCG GGGCGG GGCGGG GCGGGG CGGGGG GGGGGT GGGGTC GGGTCA GGTCAC GTCACA TCACAG CACAGC ACAGCA CAGCAA AGCAAT GCAATG CAATGC AATGCA ATGCAT TGCATC GCATCT CATCTG ATCTGA TCTGAT CTGATC TGATCG GATCGT ATCGTT TCGTTC CGTTCT GTTCTC TTCTCT TCTCTC CTCTCT TCTCTC CTCTCA TCTCAA CTCAAT TCAATT CAATTA AATTAG ATTAGG TTAGGA TAGGAA AGGAAG GGAAGT GAAGTT AAGTTA AGTTAT GTTATG TTATGG TATGGA ATGGAG TGGAGG GGAGGC GAGGCT AGGCTT GGCTTT GCTTTC CTTTCC TTTCCT TTCCTA TCCTAG CCTAGG CTAGGC TAGGCA AGGCAT GGCATG GCATGT CATGTC ATGTCA TGTCAG GTCAGG TCAGGA CAGGAT AGGATT GGATTT GATTTC ATTTCC TTTCCT TTCCTG TCCTGC CCTGCT CTGCTA TGCTAG GCTAGC CTAGCT TAGCTC AGCTCC GCTCCC CTCCCC TCCCCG CCCCGC CCCGCC CCGCCC CGCCCC GCCCCT CCCCTT CCCTTC CCTTCC CTTCCG TTCCGC TCCGCC CCGCCC CGCCCC GCCCCA CCCCAA CCCAAC CCAACA CAACAC AACACA ACACAC CACACG ACACGG CACGGT ACGGTG CGGTGT GGTGTC GTGTCT TGTCTG GTCTGC TCTGCA CTGCAG TGCAGC GCAGCC CAGCCT AGCCTG GCCTGT CCTGTG	1	0	0.11181041598320007
GCGGCC CGGCCC GGCCCC GCCCCC CCCCCG CCCCGC CCCGCC CCGCCT CGCCTG GCCTGC CCTGCC CTGCCC TGCCCT GCCCTT CCCTTT CCTTTA CTTTAA TTTAAA TTAAAA TAAAAG AAAAGA AAAGAG AAGAGC AGAGCG GAGCGG AGCGGG GCGGGG CGGGGC GGGGCC GGGCCT GGCCTG GCCTGC CCTGCG CTGCGC TGCGCC GCGCCG CGCCGG GCCGGC CCGGCC CGGCCG GGCCGC GCCGCG CCGCGC CGCGCC GCGCCA CGCCAC GCCACA CCACAC CACACC ACACCG CACCGC ACCGCG CCGCGG CGCGGG GCGGGG CGGGGA GGGGAC GGGACC GGACCA GACCAG ACCAGG CCAGGA CAGGAG AGGAGG GGAGGC GAGGCA AGGCAC GGCACG GCACGC CACGCT ACGCTG CGCTGG GCTGGT CTGGTT TGGTTT GGTTTT GTTTTC TTTTCC TTTCCG TTCCGG TCCGGG CCGGGG CGGGGC GGGGCC GGGCCG GGCCGC GCCGCT CCGCTC CGCTCC GCTCCA CTCCAT TCCATC CCATCG CATCGC ATCGCG TCGCGC CGCGCC GCGCCT CGCCTT GCCTTC CCTTCC CTTCCT TTCCTC TCCTCC CCTCCT CTCCTG TCCTGC CCTGCG CTGCGC TGCGCC GCGCCT CGCCTC GCCTCG CCTCGC CTCGCT TCGCTT CGCTTC GCTTCT CTTCTC TTCTCC TCTCCG CTCCGG TCCGGT CCGGTC CGGTCC GGTCCA GTCCAG TCCAGC CCAGCC CAGCCG AGCCGC GCCGCC CCGCCA CGCCAT GCCATC CCATCT CATCTT ATCTTC TCTTCC CTTCCT TTCCTT TCCTTT CCTTTC CTTTCC TTTCCG TTCCGC TCCGCA CCGCAC CGCACA GCACAG CACAGG ACAGGG CAGGGG AGGGGC GGGGCC GGGCCG GGCCGC GCCGCC CCGCCG CGCCGA GCCGAG CCGAGC CGAGCG GAGCGG AGCGGG GCGGGG CGGGGC GGGGCC GGGCCA GGCCAT GCCATG CCATGC CATGCA ATGCAG TGCAGC GCAGCC CAGCCA AGCCAA GCCAAC CCAACG CAACGC AACGCT ACGCTG CGCTGC GCTGCT CTGCTT TGCTTC GCTTCT CTTCTC TTCTCA TCTCAG CTCAGC TCAGCC CAGCCT AGCCTC GCCTCC CCTCCT CTCCTG TCCTGG CCTGGG CTGGGA TGGGAG GGGAGC GGAGCC GAGCCG AGCCGT GCCGTG CCGTGG CGTGGG GTGGGG TGGGGC GGGGCT GGGCTG GGCTGG GCTGGC CTGGCG TGGCGG GGCGGG GCGGGT CGGGTG GGGTGA GGTGAG GTGAGT TGAGTG GAGTGG AGTGGG GTGGGC TGGGCG GGGCGC GGCGCG GCGCGG CGCGGC GCGGCG CGGCGG GGCGGG GCGGGC CGGGCC GGGCCG GGCCGG GCCGGT CCGGTC CGGTCA GGTCAG GTCAGC TCAGCA CAGCAC AGCACC GCACCG CACCGC ACCGCG CCGCGG CGCGGA GCGGAC CGGACA GGACAG GACAGC ACAGCG CAGCGC AGCGCC GCGCCA CGCCAG GCCAGC CCAGCC CAGCCT AGCCTC GCCTCG CCTCGC CTCGCT TCGCTC CGCTCT GCTCTT CTCTTC TCTTCC CTTCCC TTCCCC TCCCCG CCCCGC CCCGCC CCGCCG CGCCGC GCCGCT CCGCTC CGCTCC GCTCCC CTCCCG TCCCGC CCCGCA CCGCAG CGCAGC GCAGCC CAGCCA AGCCAG GCCAGG CCAGGC CAGGCT	1	0	0.4069620370864868
GCGGCT CGGCTT GGCTTC GCTTCC CTTCCT TTCCTG TCCTGC CCTGCC CTGCCA TGCCAC GCCACC CCACCT CACCTG ACCTGT CCTGTA CTGTAT TGTATA GTATAA TATAAG ATAAGT TAAGTG AAGTGG AGTGGA GTGGAG TGGAGT GGAGTG GAGTGT AGTGTG GTGTGC TGTGCT GTGCTG TGCTGG GCTGGG CTGGGG TGGGGT GGGGTG GGGTGT GGTGTG GTGTGT TGTGTA GTGTAA TGTAAA GTAAAG TAAAGT AAAGTA AAGTAG AGTAGT GTAGTA TAGTAT AGTATG GTATGG TATGGA ATGGAG TGGAGG GGAGGC GAGGCA AGGCAG GGCAGC GCAGCG CAGCGG AGCGGT GCGGTA CGGTAG GGTAGC GTAGCC TAGCCC AGCCCA GCCCAG CCCAGT CCAGTG CAGTGT AGTGTC GTGTCT TGTCTG GTCTGA TCTGAG CTGAGT TGAGTG GAGTGG AGTGGT GTGGTT TGGTTG GGTTGC GTTGCC TTGCCG TGCCGG GCCGGG CCGGGT CGGGTC GGGTCT GGTCTC GTCTCC TCTCCA CTCCAT TCCATG CCATGG CATGGA ATGGAG TGGAGA GGAGAA GAGAAG AGAAGC GAAGCG AAGCGG AGCGGC GCGGCT CGGCTC GGCTCG GCTCGC CTCGCC TCGCCA CGCCAG GCCAGT CCAGTG CAGTGT AGTGTC GTGTCC TGTCCC GTCCCA TCCCAG CCCAGG CCAGGC CAGGCT AGGCTG GGCTGC GCTGCT CTGCTG TGCTGA GCTGAG CTGAGC TGAGCT GAGCTC AGCTCT GCTCTC CTCTCG TCTCGC CTCGCC TCGCCG CGCCGC GCCGCC CCGCCC CGCCCG GCCCGA CCCGAG CCGAGA CGAGAC GAGACC AGACCC GACCCC ACCCCG CCCCGC CCCGCG CCGCGG CGCGGC GCGGCG CGGCGC GGCGCG GCGCGG CGCGGC GCGGCC CGGCCG GGCCGC GCCGCA CCGCAG CGCAGG GCAGGG CAGGGC AGGGCC GGGCCA GGCCAT GCCATG CCATGC CATGCT ATGCTA TGCTAG GCTAGC CTAGCC TAGCCT AGCCTT GCCTTG CCTTGC CTTGCG TTGCGC TGCGCG GCGCGT CGCGTG GCGTGG CGTGGC GTGGCG TGGCGC GGCGCG GCGCGC CGCGCG GCGCGG CGCGGC GCGGCT CGGCTC GGCTCG GCTCGT CTCGTG TCGTGG CGTGGG GTGGGG TGGGGG GGGGGG GGGGGC GGGGCC GGGCCC GGCCCT GCCCTG CCCTGC CCTGCG CTGCGC TGCGCG GCGCGG CGCGGC GCGGCG CGGCGC GGCGCC GCGCCG CGCCGC GCCGCT CCGCTT CGCTTG GCTTGG CTTGGG TTGGGC TGGGCT GGGCTC GGCTCC GCTCCG CTCCGG TCCGGG CCGGGA CGGGAA GGGAAC GGAACG GAACGC AACGCG ACGCGG CGCGGC GCGGCC CGGCCG GGCCGA GCCGAG CCGAGT CGAGTA GAGTAA AGTAAG GTAAGC TAAGCG AAGCGA AGCGAC GCGACG CGACGC GACGCG ACGCGC CGCGCC GCGCCT CGCCTG GCCTGC CCTGCT CTGCTG TGCTGG GCTGGG CTGGGC TGGGCC GGGCCC GGCCCT GCCCTG CCCTGC CCTGCT CTGCTG TGCTGC GCTGCC CTGCCG TGCCGC GCCGCC CCGCCC CGCCCG GCCCGT CCCGTG CCGTGC CGTGCC GTGCCC TGCCCT GCCCTG CCCTGC CCTGCT CTGCTG TGCTGC GCTGCT CTGCTT TGCTTG GCTTGG	1	0	0.44323277473449707
AGCCGG GCCGGC CCGGCA CGGCAG GGCAGG GCAGGC CAGGCG AGGCGG GGCGGC GCGGCG CGGCGT GGCGTC GCGTCC CGTCCC GTCCCC TCCCCT CCCCTT CCCTTT CCTTTA CTTTAA TTTAAA TTAAAA TAAAAG AAAAGC AAAGCC AAGCCG AGCCGC GCCGCG CCGCGA CGCGAG GCGAGC CGAGCG GAGCGC AGCGCC GCGCCG CGCCGC GCCGCG CCGCGC CGCGCC GCGCCA CGCCAC GCCACG CCACGG CACGGC ACGGCG CGGCGC GGCGCC GCGCCG CGCCGC GCCGCC CCGCCG CGCCGC GCCGCC CCGCCG CGCCGC GCCGCC CCGCCG CGCCGT GCCGTC CCGTCG CGTCGC GTCGCC TCGCCG CGCCGC GCCGCC CCGCCG CGCCGC GCCGCC CCGCCG CGCCGG GCCGGA CCGGAG CGGAGT GGAGTC GAGTCC AGTCCT GTCCTC TCCTCG CCTCGC CTCGCC TCGCCC CGCCCC GCCCCG CCCCGC CCCGCC CCGCCG CGCCGC GCCGCG CCGCGC CGCGCT GCGCTG CGCTGC GCTGCG CTGCGC TGCGCC GCGCCC CGCCCG GCCCGG CCCGGC CCGGCT CGGCTC GGCTCG GCTCGC CTCGCG TCGCGC CGCGCT GCGCTG CGCTGC GCTGCG CTGCGC TGCGCT GCGCTA CGCTAG GCTAGT CTAGTC TAGTCG AGTCGC GTCGCT TCGCTC CGCTCC GCTCCG CTCCGC TCCGCT CCGCTT CGCTTC GCTTCC CTTCCC TTCCCA TCCCAC CCCACA CCACAC CACACC ACACCC CACCCC ACCCCG CCCCGC CCCGCC CCGCCG CGCCGG GCCGGG CCGGGG CGGGGA GGGGAC GGGACT GGACTG GACTGG ACTGGC CTGGCA TGGCAG GGCAGC GCAGCC CAGCCG AGCCGC GCCGCC CCGCCG CGCCGC GCCGCC CCGCCG CGCCGC GCCGCA CCGCAC CGCACA GCACAT CACATC ACATCT CATCTG ATCTGC TCTGCC CTGCCG TGCCGC GCCGCC CCGCCA CGCCAC GCCACA CCACAG CACAGC ACAGCC CAGCCT AGCCTC GCCTCC CCTCCG CTCCGC TCCGCC CCGCCG CGCCGG GCCGGC CCGGCT CGGCTA GGCTAC GCTACC CTACCC TACCCG ACCCGA CCCGAA CCGAAC CGAACG GAACGT AACGTT ACGTTC CGTTCT GTTCTC TTCTCG TCTCGG CTCGGG TCGGGG CGGGGC GGGGCC GGGCCA GGCCAG GCCAGC CCAGCG CAGCGC AGCGCC GCGCCG CGCCGA GCCGAG CCGAGT CGAGTG GAGTGG AGTGGA GTGGAT TGGATC GGATCA GATCAC ATCACC TCACCG CACCGG ACCGGG CCGGGG CGGGGA GGGGAC GGGACC GGACCG GACCGC ACCGCG CCGCGA CGCGAG GCGAGG CGAGGC GAGGCA AGGCAC GGCACC GCACCC CACCCG ACCCGC CCCGCG CCGCGC CGCGCG GCGCGC CGCGCC GCGCCG CGCCGC GCCGCA CCGCAG CGCAGA GCAGAC CAGACC AGACCC GACCCC ACCCCG CCCCGC CCCGCG CCGCGC CGCGCG GCGCGG CGCGGG GCGGGC CGGGCT GGGCTG GGCTGG GCTGGA CTGGAG TGGAGC GGAGCA GAGCAC AGCACC GCACCC CACCCG ACCCGG CCCGGC CCGGCA CGGCAG GGCAGA GCAGAG CAGAGC AGAGCG GAGCGC AGCGCG GCGCGC CGCGCC GCGCCA CGCCAC GCCACA CCACAG CACAGC	1	1	0.5870006680488586
TGGCGG GGCGGT GCGGTG CGGTGC GGTGCT GTGCTC TGCTCG GCTCGC CTCGCA TCGCAA CGCAAT GCAATG CAATGC AATGCC ATGCCG TGCCGC GCCGCG CCGCGG CGCGGA GCGGAG CGGAGG GGAGGA GAGGAC AGGACG GGACGC GACGCC ACGCCA CGCCAC GCCACC CCACCT CACCTC ACCTCT CCTCTT CTCTTA TCTTAT CTTATC TTATCG TATCGC ATCGCC TCGCCG CGCCGC GCCGCT CCGCTT CGCTTG GCTTGC CTTGCC TTGCCC TGCCCG GCCCGT CCCGTC CCGTCG CGTCGA GTCGAG TCGAGG CGAGGC GAGGCC AGGCCA GGCCAC GCCACG CCACGC CACGCC ACGCCC CGCCCC GCCCCC CCCCCT CCCCTC CCCTCC CCTCCC CTCCCG TCCCGC CCCGCC CCGCCT CGCCTC GCCTCC CCTCCA CTCCAC TCCACT CCACTT CACTTG ACTTGC CTTGCC TTGCCG TGCCGT GCCGTT CCGTTG CGTTGC GTTGCC TTGCCC TGCCCG GCCCGG CCCGGG CCGGGG CGGGGT GGGGTG GGGTGT GGTGTC GTGTCG TGTCGG GTCGGT TCGGTT CGGTTA GGTTAC GTTACC TTACCT TACCTC ACCTCA CCTCAG CTCAGC TCAGCA CAGCAA AGCAAC GCAACC CAACCA AACCAC ACCACC CCACCG CACCGC ACCGCC CCGCCC CGCCCT GCCCTT CCCTTT CCTTTC CTTTCT TTTCTT TTCTTC TCTTCC CTTCCT TTCCTG TCCTGA CCTGAC CTGACC TGACCG GACCGC ACCGCC CCGCCA CGCCAA GCCAAG CCAAGC CAAGCT AAGCTG AGCTGA GCTGAC CTGACA TGACAA GACAAT ACAATA CAATAA AATAAA ATAAAC TAAACA AAACAG AACAGA ACAGAT CAGATG AGATGA GATGAC ATGACC TGACCC GACCCA ACCCAA CCCAAC CCAACG CAACGT AACGTT ACGTTG CGTTGC GTTGCC TTGCCT TGCCTA GCCTAA CCTAAG CTAAGT TAAGTT AAGTTA AGTTAG GTTAGA TTAGAA TAGAAC AGAACA GAACAT AACATG ACATGC CATGCA ATGCAC TGCACC GCACCG CACCGC ACCGCT CCGCTG CGCTGC GCTGCT CTGCTG TGCTGC GCTGCC CTGCCC TGCCCA GCCCAG CCCAGG CCAGGC CAGGCT AGGCTC GGCTCC GCTCCA CTCCAA TCCAAT CCAATA CAATAA AATAAG ATAAGG TAAGGG AAGGGC AGGGCA GGGCAG GGCAGG GCAGGG CAGGGT AGGGTT GGGTTG GGTTGG GTTGGC TTGGCG TGGCGC GGCGCG GCGCGT CGCGTG GCGTGT CGTGTG GTGTGG TGTGGG GTGGGC TGGGCT GGGCTT GGCTTC GCTTCT CTTCTC TTCTCT TCTCTA CTCTAA TCTAAA CTAAAG TAAAGG AAAGGG AAGGGA AGGGAA GGGAAA GGAAAC GAAACA AAACAT AACATG ACATGG CATGGC ATGGCC TGGCCA GGCCAG GCCAGT CCAGTA CAGTAA AGTAAT GTAATT TAATTT AATTTT ATTTTA TTTTAA TTTAAA TTAAAA TAAAAT AAAATC AAATCC AATCCA ATCCAT TCCATC CCATCC CATCCC ATCCCC TCCCCT CCCCTC CCCTCT CCTCTT CTCTTC TCTTCA CTTCAA TTCAAT TCAATG CAATGA AATGAT ATGATA TGATAG GATAGC ATAGCA TAGCAA AGCAAA GCAAAT CAAATA AAATAT	1	0	0.19900663197040558
CTCATG TCATGA CATGAG ATGAGA TGAGAC GAGACA AGACAT GACATG ACATGA CATGAT ATGATG TGATGG GATGGT ATGGTT TGGTTT GGTTTT GTTTTA TTTTAT TTTATA TTATAA TATAAG ATAAGC TAAGCA AAGCAT AGCATC GCATCT CATCTG ATCTGG TCTGGG CTGGGA TGGGAT GGGATT GGATTT GATTTA ATTTAC TTTACC TTACCC TACCCT ACCCTG CCCTGC CCTGCT CTGCTG TGCTGG GCTGGT CTGGTA TGGTAC GGTACA GTACAT TACATT ACATTC CATTCT ATTCTC TTCTCT TCTCTC CTCTCT TCTCTT CTCTTG TCTTGT CTTGTC TTGTCT TGTCTG GTCTGC TCTGCT CTGCTG TGCTGT GCTGTG CTGTGA TGTGAT GTGATG TGATGT GATGTG ATGTGA TGTGAG GTGAGA TGAGAC GAGACA AGACAT GACATG ACATGC CATGCC ATGCCC TGCCCT GCCCTC CCCTCC CCTCCG CTCCGC TCCGCC CCGCCT CGCCTT GCCTTC CCTTCT CTTCTA TTCTAC TCTACC CTACCT TACCTT ACCTTC CCTTCT CTTCTG TTCTGC TCTGCC CTGCCT TGCCTC GCCTCC CCTCCT CTCCTG TCCTGT CCTGTT CTGTTT TGTTTT GTTTTC TTTTCC TTTCCA TTCCAA TCCAAC CCAACT CAACTT AACTTC ACTTCT CTTCTG TTCTGC TCTGCC CTGCCT TGCCTT GCCTTC CCTTCC CTTCCG TTCCGC TCCGCC CCGCCT CGCCTT GCCTTC CCTTCC CTTCCA TTCCAT TCCATG CCATGA CATGAT ATGATT TGATTG GATTGT ATTGTG TTGTGA TGTGAG GTGAGG TGAGGC GAGGCC AGGCCT GGCCTC GCCTCC CCTCCC CTCCCC TCCCCA CCCCAG CCCAGC CCAGCC CAGCCA AGCCAT GCCATG CCATGT CATGTG ATGTGG TGTGGA GTGGAA TGGAAC GGAACT GAACTG AACTGT ACTGTG CTGTGA TGTGAG GTGAGT TGAGTC GAGTCT AGTCTA GTCTAT TCTATT CTATTA TATTAA ATTAAA TTAAAC TAAACC AAACCT AACCTC ACCTCT CCTCTT CTCTTT TCTTTT CTTTTT TTTTTC TTTTCT TTTCTT TTCTTT TCTTTT CTTTTG TTTTGA TTTGAA TTGAAT TGAATC GAATCT AATCTC ATCTCA TCTCAG CTCAGG TCAGGT CAGGTA AGGTAT GGTATG GTATGT TATGTC ATGTCT TGTCTT GTCTTT TCTTTA CTTTAT TTTATC TTATCA TATCAG ATCAGC TCAGCA CAGCAG AGCAGC GCAGCA CAGCAT AGCATG GCATGA CATGAA ATGAAA TGAAAA GAAAAC AAAACA AAACAG AACAGA ACAGAC CAGACT AGACTA GACTAA ACTAAA CTAAAA TAAAAT AAAATA AAATAA AATAAT ATAATG TAATGT AATGTG ATGTGT TGTGTC GTGTCT TGTCTG GTCTGA TCTGAG CTGAGG TGAGGA GAGGAA AGGAAC GGAACT GAACTG AACTGT ACTGTG CTGTGT TGTGTG GTGTGG TGTGGC GTGGCC TGGCCA GGCCAA GCCAAC CCAACT CAACTG AACTGA ACTGAA CTGAAC TGAACA GAACAT AACATG ACATGG CATGGC ATGGCA TGGCAG GGCAGA GCAGAG CAGAGG AGAGGT GAGGTC AGGTCC GGTCCC GTCCCA TCCCAG CCCAGA CCAGAA CAGAAG AGAAGG GAAGGG AAGGGG	1	0	0.044071026146411896
ACAGCA CAGCAA AGCAAA GCAAAA CAAAAG AAAAGG AAAGGA AAGGAG AGGAGG GGAGGC GAGGCA AGGCAG GGCAGT GCAGTA CAGTAT AGTATT GTATTC TATTCA ATTCAG TTCAGC TCAGCA CAGCAA AGCAAG GCAAGC CAAGCC AAGCCT AGCCTC GCCTCC CCTCCA CTCCAT TCCATT CCATTA CATTAA ATTAAA TTAAAT TAAATA AAATAT AATATA ATATAA TATAAT ATAATT TAATTT AATTTA ATTTAG TTTAGG TTAGGA TAGGAA AGGAAA GGAAAT GAAATA AAATAA AATAAA ATAAAA TAAAAA AAAAAA AAAAAT AAAATC AAATCC AATCCA ATCCAA TCCAAA CCAAAA CAAAAC AAAACT AAACTA AACTAC ACTACC CTACCA TACCAG ACCAGA CCAGAG CAGAGC AGAGCT GAGCTA AGCTAG GCTAGC CTAGCA TAGCAA AGCAAC GCAACA CAACAC AACACT ACACTG CACTGC ACTGCC CTGCCT TGCCTC GCCTCT CCTCTG CTCTGC TCTGCT CTGCTG TGCTGC GCTGCC CTGCCA TGCCAG GCCAGT CCAGTC CAGTCA AGTCAG GTCAGA TCAGAG CAGAGG AGAGGG GAGGGG AGGGGC GGGGCG GGGCGT GGCGTC GCGTCT CGTCTG GTCTGT TCTGTC CTGTCG TGTCGA GTCGAC TCGACA CGACAG GACAGG ACAGGA CAGGAG AGGAGA GGAGAG GAGAGG AGAGGG GAGGGG AGGGGA GGGGAG GGGAGT GGAGTT GAGTTT AGTTTA GTTTAA TTTAAC TTAACC TAACCT AACCTG ACCTGG CCTGGC CTGGCA TGGCAA GGCAAT GCAATC CAATCA AATCAT ATCATT TCATTG CATTGT ATTGTC TTGTCC TGTCCA GTCCAG TCCAGG CCAGGG CAGGGA AGGGAA GGGAAG GGAAGA GAAGAA AAGAAC AGAACT GAACTC AACTCT ACTCTC CTCTCA TCTCAG CTCAGC TCAGCA CAGCAA AGCAAG GCAAGG CAAGGA AAGGAA AGGAAG GGAAGT GAAGTG AAGTGC AGTGCC GTGCCC TGCCCT GCCCTA CCCTAC CCTACC CTACCA TACCAG ACCAGG CCAGGG CAGGGT AGGGTG GGGTGG GGTGGG GTGGGC TGGGCA GGGCAA GGCAAA GCAAAC CAAACA AAACAC AACACC ACACCC CACCCC ACCCCA CCCCAG CCCAGA CCAGAC CAGACC AGACCA GACCAG ACCAGG CCAGGT CAGGTG AGGTGG GGTGGA GTGGAA TGGAAG GGAAGA GAAGAC AAGACC AGACCT GACCTG ACCTGG CCTGGC CTGGCA TGGCAG GGCAGG GCAGGT CAGGTT AGGTTA GGTTAG GTTAGA TTAGAG TAGAGC AGAGCA GAGCAC AGCACT GCACTG CACTGC ACTGCA CTGCAG TGCAGT GCAGTT CAGTTG AGTTGG GTTGGG TTGGGA TGGGAA GGGAAC GGAACT GAACTG AACTGA ACTGAA CTGAAT TGAATA GAATAG AATAGA ATAGAA TAGAAG AGAAGG GAAGGG AAGGGC AGGGCT GGGCTT GGCTTT GCTTTG CTTTGC TTTGCC TTGCCA TGCCAC GCCACA CCACAG CACAGG ACAGGC CAGGCT AGGCTG GGCTGC GCTGCA CTGCAG TGCAGT GCAGTT CAGTTT AGTTTC GTTTCC TTTCCA TTCCAG TCCAGA CCAGAA CAGAAG AGAAGA GAAGAC AAGACA AGACAC GACACT ACACTG CACTGC ACTGCT	1	0	0.10368165373802185
GGCGAG GCGAGG CGAGGC GAGGCC AGGCCG GGCCGT GCCGTG CCGTGA CGTGAG GTGAGC TGAGCC GAGCCC AGCCCC GCCCCG CCCCGC CCCGCG CCGCGA CGCGAG GCGAGG CGAGGC GAGGCC AGGCCG GGCCGG GCCGGC CCGGCG CGGCGA GGCGAC GCGACT CGACTG GACTGC ACTGCG CTGCGG TGCGGT GCGGTT CGGTTT GGTTTT GTTTTA TTTTAT TTTATC TTATCC TATCCC ATCCCT TCCCTT CCCTTC CCTTCC CTTCCG TTCCGG TCCGGC CCGGCC CGGCCT GGCCTT GCCTTC CCTTCG CTTCGC TTCGCC TCGCCG CGCCGC GCCGCC CCGCCC CGCCCC GCCCCA CCCCAC CCCACC CCACCC CACCCC ACCCCA CCCCAC CCCACC CCACCG CACCGC ACCGCG CCGCGG CGCGGC GCGGCC CGGCCT GGCCTG GCCTGC CCTGCA CTGCAC TGCACT GCACTC CACTCC ACTCCC CTCCCT TCCCTT CCCTTT CCTTTT CTTTTC TTTTCC TTTCCG TTCCGG TCCGGA CCGGAA CGGAAC GGAACG GAACGC AACGCC ACGCCT CGCCTC GCCTCG CCTCGT CTCGTC TCGTCC CGTCCC GTCCCT TCCCTC CCCTCC CCTCCC CTCCCA TCCCAC CCCACC CCACCT CACCTC ACCTCC CCTCCC CTCCCT TCCCTT CCCTTC CCTTCT CTTCTC TTCTCC TCTCCC CTCCCT TCCCTC CCCTCC CCTCCC CTCCCC TCCCCG CCCCGC CCCGCC CCGCCT CGCCTC GCCTCC CCTCCC CTCCCC TCCCCT CCCCTG CCCTGC CCTGCC CTGCCT TGCCTC GCCTCT CCTCTC CTCTCC TCTCCC CTCCCC TCCCCG CCCCGC CCCGCC CCGCCT CGCCTC GCCTCC CCTCCC CTCCCC TCCCCT CCCCTG CCCTGC CCTGCC CTGCCT TGCCTC GCCTCT CCTCTC CTCTCC TCTCCC CTCCCC TCCCCG CCCCGC CCCGCC CCGCCT CGCCTC GCCTCC CCTCCA CTCCAG TCCAGG CCAGGT CAGGTC AGGTCC GGTCCC GTCCCT TCCCTC CCCTCC CCTCCC CTCCCT TCCCTA CCCTAT CCTATC CTATCA TATCAG ATCAGT TCAGTC CAGTCT AGTCTC GTCTCC TCTCCT CTCCTC TCCTCC CCTCCC CTCCCA TCCCAT CCCATC CCATCC CATCCC ATCCCA TCCCAG CCCAGC CCAGCC CAGCCT AGCCTC GCCTCC CCTCCC CTCCCC TCCCCT CCCCTG CCCTGC CCTGCC CTGCCC TGCCCC GCCCCT CCCCTC CCCTCC CCTCCA CTCCAG TCCAGG CCAGGC CAGGCT AGGCTT GGCTTC GCTTCC CTTCCC TTCCCT TCCCTG CCCTGT CCTGTC CTGTCC TGTCCT GTCCTT TCCTTC CCTTCC CTTCCC TTCCCC TCCCCA CCCCAT CCCATC CCATCC CATCCA ATCCAT TCCATC CCATCC CATCCC ATCCCC TCCCCT CCCCTT CCCTTC CCTTCC CTTCCC TTCCCT TCCCTC CCCTCC CCTCCC CTCCCC TCCCCT CCCCTC CCCTCC CCTCCC CTCCCA TCCCAG CCCAGC CCAGCC CAGCCC AGCCCC GCCCCT CCCCTC CCCTCC CCTCCC CTCCCG TCCCGG CCCGGC CCGGCC CGGCCT GGCCTC GCCTCT CCTCTC CTCTCC TCTCCT CTCCTC TCCTCT CCTCTC CTCTCC TCTCCC CTCCCT TCCCTT CCCTTC CCTTCC CTTCCC TTCCCG	1	0	0.09139683097600937
AGGCAG GGCAGG GCAGGG CAGGGA AGGGAG GGGAGC GGAGCC GAGCCC AGCCCA GCCCAG CCCAGA CCAGAC CAGACC AGACCA GACCAG ACCAGC CCAGCA CAGCAG AGCAGG GCAGGC CAGGCA AGGCAG GGCAGG GCAGGT CAGGTG AGGTGT GGTGTG GTGTGC TGTGCA GTGCAT TGCATT GCATTT CATTTA ATTTAT TTTATC TTATCC TATCCT ATCCTG TCCTGC CCTGCT CTGCTT TGCTTT GCTTTG CTTTGG TTTGGC TTGGCA TGGCAG GGCAGC GCAGCC CAGCCC AGCCCA GCCCAG CCCAGC CCAGCC CAGCCC AGCCCC GCCCCA CCCCAC CCCACC CCACCC CACCCA ACCCAC CCCACC CCACCT CACCTC ACCTCC CCTCCA CTCCAT TCCATG CCATGC CATGCC ATGCCC TGCCCT GCCCTG CCCTGC CCTGCC CTGCCC TGCCCC GCCCCT CCCCTG CCCTGA CCTGAC CTGACT TGACTC GACTCC ACTCCT CTCCTC TCCTCC CCTCCT CTCCTC TCCTCC CCTCCT CTCCTC TCCTCT CCTCTT CTCTTT TCTTTC CTTTCT TTTCTG TTCTGC TCTGCC CTGCCC TGCCCA GCCCAT CCCATC CCATCC CATCCC ATCCCC TCCCCT CCCCTC CCCTCT CCTCTT CTCTTT TCTTTC CTTTCT TTTCTC TTCTCC TCTCCA CTCCAT TCCATC CCATCT CATCTC ATCTCT TCTCTC CTCTCT TCTCTT CTCTTT TCTTTT CTTTTC TTTTCA TTTCAC TTCACT TCACTC CACTCC ACTCCC CTCCCC TCCCCC CCCCCA CCCCAC CCCACC CCACCA CACCAC ACCACT CCACTA CACTAC ACTACA CTACAA TACAAG ACAAGC CAAGCT AAGCTC AGCTCC GCTCCC CTCCCT TCCCTC CCCTCC CCTCCC CTCCCT TCCCTG CCCTGC CCTGCC CTGCCT TGCCTA GCCTAA CCTAAG CTAAGT TAAGTT AAGTTC AGTTCC GTTCCC TTCCCC TCCCCC CCCCCT CCCCTG CCCTGC CCTGCC CTGCCC TGCCCC GCCCCT CCCCTC CCCTCC CCTCCC CTCCCA TCCCAG CCCAGG CCAGGC CAGGCC AGGCCT GGCCTC GCCTCC CCTCCT CTCCTC TCCTCC CCTCCT CTCCTC TCCTCC CCTCCA CTCCAT TCCATC CCATCT CATCTC ATCTCC TCTCCC CTCCCC TCCCCC CCCCCT CCCCTC CCCTCC CCTCCT CTCCTC TCCTCC CCTCCC CTCCCC TCCCCA CCCCAC CCCACT CCACTC CACTCC ACTCCA CTCCAG TCCAGT CCAGTC CAGTCC AGTCCT GTCCTC TCCTCA CCTCAC CTCACT TCACTG CACTGC ACTGCA CTGCAG TGCAGC GCAGCC CAGCCT AGCCTC GCCTCC CCTCCC CTCCCT TCCCTG CCCTGA CCTGAG CTGAGC TGAGCC GAGCCA AGCCAT GCCATG CCATGC CATGCC ATGCCT TGCCTC GCCTCT CCTCTC CTCTCT TCTCTT CTCTTC TCTTCC CTTCCC TTCCCC TCCCCA CCCCAG CCCAGT CCAGTG CAGTGC AGTGCT GTGCTC TGCTCC GCTCCC CTCCCA TCCCAA CCCAAG CCAAGC CAAGCT AAGCTT AGCTTG GCTTGA CTTGAG TTGAGT TGAGTC GAGTCA AGTCAC GTCACC TCACCC CACCCA ACCCAG CCCAGG CCAGGT CAGGTC AGGTCT GGTCTC GTCTCC TCTCCA CTCCAC TCCACA CCACAG	1	0	0.03257041797041893
AGGCAG GGCAGG GCAGGG CAGGGA AGGGAG GGGAGC GGAGCC GAGCCC AGCCCA GCCCAG CCCAGA CCAGAC CAGACC AGACCA GACCAG ACCAGC CCAGCA CAGCAG AGCAGG GCAGGC CAGGCA AGGCAG GGCAGG GCAGGT CAGGTG AGGTGT GGTGTG GTGTGC TGTGCA GTGCAT TGCATT GCATTT CATTTA ATTTAT TTTATC TTATCC TATCCT ATCCTG TCCTGC CCTGCT CTGCTT TGCTTT GCTTTG CTTTGG TTTGGC TTGGCA TGGCAG GGCAGC GCAGCC CAGCCC AGCCCA GCCCAG CCCAGC CCAGCC CAGCCC AGCCCC GCCCCA CCCCAC CCCACC CCACCC CACCCA ACCCAC CCCACC CCACCT CACCTC ACCTCC CCTCCA CTCCAT TCCATG CCATGC CATGCC ATGCCC TGCCCC GCCCCA CCCCAC CCCACC CCACCC CACCCC ACCCCT CCCCTG CCCTGA CCTGAC CTGACT TGACTC GACTCC ACTCCT CTCCTC TCCTCC CCTCCT CTCCTC TCCTCC CCTCCT CTCCTC TCCTCT CCTCTT CTCTTT TCTTTC CTTTCT TTTCTT TTCTTC TCTTCC CTTCCC TTCCCA TCCCAT CCCATC CCATCC CATCCC ATCCCC TCCCCT CCCCTC CCCTCT CCTCTT CTCTTT TCTTTC CTTTCT TTTCTC TTCTCC TCTCCA CTCCAT TCCATC CCATCT CATCTC ATCTCT TCTCTC CTCTCT TCTCTT CTCTTT TCTTTT CTTTTC TTTTCA TTTCAC TTCACT TCACTC CACTCC ACTCCC CTCCCC TCCCCC CCCCCG CCCCGC CCCGCT CCGCTA CGCTAC GCTACT CTACTA TACTAC ACTACA CTACAA TACAAG ACAAGC CAAGCT AAGCTC AGCTCC GCTCCC CTCCCT TCCCTC CCCTCC CCTCCC CTCCCT TCCCTG CCCTGC CCTGCC CTGCCT TGCCTA GCCTAA CCTAAG CTAAGT TAAGTT AAGTTC AGTTCC GTTCCC TTCCCC TCCCCC CCCCCT CCCCTG CCCTGC CCTGCC CTGCCC TGCCCC GCCCCT CCCCTC CCCTCC CCTCCC CTCCCA TCCCAG CCCAGG CCAGGC CAGGCC AGGCCT GGCCTC GCCTCC CCTCCT CTCCTC TCCTCC CCTCCT CTCCTC TCCTCC CCTCCA CTCCAT TCCATC CCATCT CATCTC ATCTCC TCTCCC CTCCCC TCCCCC CCCCCT CCCCTC CCCTCC CCTCCT CTCCTC TCCTCC CCTCCC CTCCCC TCCCCA CCCCAC CCCACT CCACTC CACTCC ACTCCA CTCCAG TCCAGT CCAGTC CAGTCC AGTCCT GTCCTC TCCTCA CCTCAC CTCACT TCACTG CACTGC ACTGCA CTGCAG TGCAGC GCAGCC CAGCCT AGCCTC GCCTCC CCTCCC CTCCCC TCCCCG CCCCGA CCCGAG CCGAGC CGAGCC GAGCCA AGCCAT GCCATG CCATGC CATGCC ATGCCT TGCCTC GCCTCT CCTCTC CTCTCT TCTCTT CTCTTC TCTTCC CTTCCC TTCCCC TCCCCA CCCCAG CCCAGT CCAGTG CAGTGC AGTGCT GTGCTC TGCTCC GCTCCC CTCCCA TCCCAA CCCAAG CCAAGC CAAGCT AAGCTT AGCTTG GCTTGA CTTGAG TTGAGT TGAGTC GAGTCA AGTCAC GTCACC TCACCC CACCCA ACCCAG CCCAGG CCAGGT CAGGTC AGGTCT GGTCTC GTCTCC TCTCCA CTCCAC TCCACA CCACAG	1	0	0.03080853447318077
GAGGCG AGGCGG GGCGGG GCGGGG CGGGGA GGGGAT GGGATC GGATCC GATCCC ATCCCA TCCCAG CCCAGA CCAGAC CAGACC AGACCA GACCAG ACCAGC CCAGCA CAGCAG AGCAGG GCAGGC CAGGCA AGGCAG GGCAGC GCAGCT CAGCTG AGCTGT GCTGTG CTGTGC TGTGCA GTGCAT TGCATT GCATTT CATTTA ATTTAT TTTATC TTATCC TATCCT ATCCTG TCCTGC CCTGCT CTGCTT TGCTTT GCTTTG CTTTGG TTTGGC TTGGCA TGGCAG GGCAGC GCAGCT CAGCTC AGCTCA GCTCAG CTCAGC TCAGCC CAGCCC AGCCCC GCCCCA CCCCAC CCCACC CCACCC CACCCC ACCCCC CCCCCC CCCCCT CCCCTC CCCTCC CCTCCA CTCCAT TCCATG CCATGA CATGAC ATGACC TGACCT GACCTG ACCTGC CCTGCC CTGCCC TGCCCC GCCCCT CCCCTG CCCTGA CCTGAC CTGACT TGACTC GACTCC ACTCCT CTCCTC TCCTCC CCTCCT CTCCTC TCCTCC CCTCCT CTCCTC TCCTCT CCTCTT CTCTTT TCTTTC CTTTCT TTTCTG TTCTGC TCTGCT CTGCTC TGCTCA GCTCAT CTCATT TCATTC CATTCC ATTCCC TTCCCT TCCCTC CCCTCT CCTCTT CTCTTT TCTTTC CTTTCT TTTCTC TTCTCC TCTCCA CTCCAT TCCATC CCATCT CATCTC ATCTCT TCTCTC CTCTCT TCTCTT CTCTTT TCTTTT CTTTTC TTTTCA TTTCAC TTCACT TCACTC CACTCC ACTCCT CTCCTC TCCTCA CCTCAG CTCAGA TCAGAA CAGAAA AGAAAC GAAACC AAACCA AACCAC ACCACA CCACAA CACAAG ACAAGA CAAGAT AAGATC AGATCC GATCCC ATCCCT TCCCTC CCCTCC CCTCCC CTCCCT TCCCTG CCCTGC CCTGCC CTGCCT TGCCTA GCCTAA CCTAAG CTAAGT TAAGTT AAGTTC AGTTCT GTTCTC TTCTCC TCTCCC CTCCCT TCCCTG CCCTGC CCTGCC CTGCCC TGCCCC GCCCCT CCCCTC CCCTCC CCTCCC CTCCCA TCCCAG CCCAGG CCAGGC CAGGCC AGGCCT GGCCTC GCCTCC CCTCCT CTCCTC TCCTCC CCTCCT CTCCTC TCCTCT CCTCTA CTCTAT TCTATC CTATCT TATCTA ATCTAC TCTACC CTACCC TACCCC ACCCCT CCCCTC CCCTCC CCTCCT CTCCTC TCCTCC CCTCCC CTCCCC TCCCCA CCCCAC CCCACT CCACTC CACTCC ACTCCT CTCCTG TCCTGT CCTGTC CTGTCC TGTCCT GTCCTC TCCTCA CCTCAC CTCACT TCACTG CACTGC ACTGCA CTGCAG TGCAGC GCAGCC CAGCCT AGCCTC GCCTCC CCTCCC CTCCCC TCCCCG CCCCGA CCCGAG CCGAGC CGAGCC GAGCCA AGCCAT GCCATG CCATGC CATGCC ATGCCT TGCCTC GCCTCT CCTCTC CTCTCT TCTCTT CTCTTC TCTTCC CTTCCC TTCCCC TCCCCA CCCCAG CCCAGT CCAGTG CAGTGC AGTGCT GTGCTC TGCTCC GCTCCC CTCCCA TCCCAA CCCAAG CCAAGC CAAGCT AAGCTT AGCTTG GCTTGA CTTGAG TTGAGT TGAGTC GAGTCA AGTCAC GTCACC TCACCA CACCAG ACCAGG CCAGGT CAGGTC AGGTCT GGTCTC GTCTCC TCTCCA CTCCAC TCCACA CCACAG	1	0	0.0364946573972702
AGGCAG GGCAGG GCAGGA CAGGAA AGGAAG GGAAGC GAAGCC AAGCCC AGCCCA GCCCAG CCCAGG CCAGGC CAGGCC AGGCCA GGCCAG GCCAGA CCAGAA CAGAAG AGAAGC GAAGCT AAGCTA AGCTAG GCTAGC CTAGCT TAGCTG AGCTGT GCTGTG CTGTGC TGTGCA GTGCAT TGCATT GCATTT CATTTA ATTTAT TTTATC TTATCC TATCCT ATCCTA TCCTAC CCTACT CTACTT TACTTG ACTTGG CTTGGG TTGGGT TGGGTG GGGTGT GGTGTC GTGTCC TGTCCC GTCCCC TCCCCC CCCCCA CCCCAA CCCAAC CCAACC CAACCC AACCCC ACCCCA CCCCAC CCCACC CCACCT CACCTG ACCTGC CCTGCT CTGCTC TGCTCC GCTCCC CTCCCT TCCCTG CCCTGG CCTGGC CTGGCC TGGCCC GGCCCC GCCCCG CCCCGC CCCGCC CCGCCC CGCCCC GCCCCT CCCCTG CCCTGG CCTGGC CTGGCT TGGCTC GGCTCC GCTCCT CTCCTC TCCTCC CCTCCT CTCCTC TCCTCC CCTCCT CTCCTC TCCTCT CCTCTT CTCTTT TCTTTC CTTTCT TTTCTA TTCTAC TCTACC CTACCC TACCCC ACCCCT CCCCTC CCCTCC CCTCCT CTCCTC TCCTCT CCTCTT CTCTTC TCTTCT CTTCTG TTCTGT TCTGTC CTGTCT TGTCTC GTCTCT TCTCTA CTCTAT TCTATC CTATCT TATCTC ATCTCC TCTCCC CTCCCT TCCCTT CCCTTT CCTTTC CTTTCC TTTCCA TTCCAC TCCACC CCACCC CACCCC ACCCCC CCCCCA CCCCAA CCCAAC CCAACC CAACCA AACCAC ACCACC CCACCT CACCTC ACCTCC CCTCCC CTCCCT TCCCTC CCCTCC CCTCCC CTCCCT TCCCTC CCCTCC CCTCCC CTCCCT TCCCTA CCCTAA CCTAAG CTAAGT TAAGTT AAGTTC AGTTCC GTTCCC TTCCCT TCCCTT CCCTTC CCTTCG CTTCGC TTCGCT TCGCTC CGCTCC GCTCCT CTCCTC TCCTCC CCTCCC CTCCCA TCCCAT CCCATG CCATGC CATGCC ATGCCT TGCCTC GCCTCC CCTCCT CTCCTC TCCTCC CCTCCT CTCCTC TCCTCA CCTCAT CTCATC TCATCC CATCCT ATCCTC TCCTCC CCTCCT CTCCTC TCCTCC CCTCCC CTCCCC TCCCCA CCCCAC CCCACT CCACTC CACTCC ACTCCT CTCCTG TCCTGT CCTGTC CTGTCC TGTCCT GTCCTG TCCTGA CCTGAC CTGACC TGACCG GACCGC ACCGCA CCGCAA CGCAAC GCAACC CAACCT AACCTC ACCTCC CCTCCC CTCCCC TCCCCA CCCCAC CCCACA CCACAG CACAGC ACAGCC CAGCCC AGCCCT GCCCTG CCCTGC CCTGCC CTGCCC TGCCCC GCCCCT CCCCTC CCCTCT CCTCTT CTCTTC TCTTCC CTTCCT TTCCTC TCCTCA CCTCAG CTCAGT TCAGTG CAGTGC AGTGCT GTGCTC TGCTCT GCTCTA CTCTAA TCTAAA CTAAAG TAAAGC AAAGCT AAGCTT AGCTTG GCTTGG CTTGGC TTGGCT TGGCTC GGCTCA GCTCAC CTCACT TCACTC CACTCT ACTCTG CTCTGG TCTGGA CTGGAT TGGATT GGATTC GATTCC ATTCCA TTCCAG TCCAGA CCAGAG CAGAGA AGAGAG GAGAGG AGAGGT GAGGTG AGGTGA GGTGAC GTGACA TGACAC	1	0	0.024014361202716827
GGATCC GATCCC ATCCCG TCCCGT CCCGTT CCGTTT CGTTTG GTTTGC TTTGCG TTGCGG TGCGGA GCGGAG CGGAGG GGAGGG GAGGGC AGGGCC GGGCCC GGCCCA GCCCAG CCCAGC CCAGCT CAGCTT AGCTTA GCTTAG CTTAGA TTAGAG TAGAGG AGAGGA GAGGAA AGGAAG GGAAGC GAAGCT AAGCTT AGCTTT GCTTTA CTTTAT TTTATA TTATAG TATAGG ATAGGA TAGGAT AGGATT GGATTG GATTGG ATTGGG TTGGGC TGGGCT GGGCTG GGCTGC GCTGCC CTGCCG TGCCGG GCCGGT CCGGTC CGGTCG GGTCGG GTCGGG TCGGGC CGGGCG GGGCGC GGCGCG GCGCGG CGCGGG GCGGGA CGGGAG GGGAGG GGAGGC GAGGCC AGGCCT GGCCTG GCCTGA CCTGAA CTGAAG TGAAGG GAAGGG AAGGGC AGGGCT GGGCTC GGCTCC GCTCCA CTCCAA TCCAAT CCAATC CAATCA AATCAG ATCAGC TCAGCT CAGCTG AGCTGG GCTGGG CTGGGC TGGGCG GGGCGC GGCGCG GCGCGG CGCGGG GCGGGC CGGGCG GGGCGC GGCGCG GCGCGT CGCGTC GCGTCG CGTCGC GTCGCC TCGCCG CGCCGT GCCGTT CCGTTC CGTTCC GTTCCG TTCCGG TCCGGA CCGGAC CGGACC GGACCC GACCCC ACCCCG CCCCGC CCCGCG CCGCGA CGCGAG GCGAGA CGAGAT GAGATG AGATGG GATGGG ATGGGG TGGGGA GGGGAC GGGACG GGACGC GACGCC ACGCCA CGCCAC GCCACC CCACCA CACCAG ACCAGT CCAGTT CAGTTC AGTTCC GTTCCC TTCCCC TCCCCT CCCCTC CCCTCC CCTCCC CTCCCC TCCCCT CCCCTC CCCTCG CCTCGG CTCGGT TCGGTT CGGTTA GGTTAC GTTACC TTACCG TACCGC ACCGCC CCGCCC CGCCCA GCCCAC CCCACC CCACCC CACCCA ACCCAG CCCAGC CCAGCT CAGCTG AGCTGC GCTGCA CTGCAG TGCAGT GCAGTC CAGTCC AGTCCC GTCCCC TCCCCT CCCCTC CCCTCA CCTCAG CTCAGT TCAGTC CAGTCA AGTCAC GTCACC TCACCT CACCTC ACCTCC CCTCCT CTCCTT TCCTTC CCTTCT CTTCTC TTCTCC TCTCCT CTCCTC TCCTCC CCTCCT CTCCTC TCCTCT CCTCTC CTCTCT TCTCTT CTCTTC TCTTCT CTTCTG TTCTGT TCTGTC CTGTCC TGTCCA GTCCAG TCCAGC CCAGCC CAGCCC AGCCCA GCCCAC CCCACC CCACCC CACCCC ACCCCA CCCCAC CCCACC CCACCC CACCCC ACCCCA CCCCAC CCCACC CCACCC CACCCC ACCCCA CCCCAC CCCACC CCACCC CACCCC ACCCCC CCCCCA CCCCAT CCCATT CCATTC CATTCT ATTCTA TTCTAG TCTAGG CTAGGA TAGGAG AGGAGG GGAGGG GAGGGA AGGGAG GGGAGG GGAGGG GAGGGG AGGGGA GGGGAG GGGAGG GGAGGA GAGGAA AGGAAA GGAAAG GAAAGA AAAGAA AAGAAG AGAAGG GAAGGT AAGGTA AGGTAA GGTAAG GTAAGG TAAGGG AAGGGA AGGGAC GGGACA GGACAG GACAGT ACAGTG CAGTGA AGTGAC GTGACT TGACTC GACTCC ACTCCG CTCCGC TCCGCT CCGCTG CGCTGT GCTGTC CTGTCT TGTCTG GTCTGC TCTGCC CTGCCT TGCCTG	1	0	0.31507769227027893
CCCCAC CCCACT CCACTG CACTGC ACTGCA CTGCAG TGCAGA GCAGAG CAGAGA AGAGAG GAGAGG AGAGGC GAGGCC AGGCCA GGCCAA GCCAAT CCAATA CAATAA AATAAA ATAAAA TAAAAC AAAACT AAACTC AACTCT ACTCTT CTCTTG TCTTGT CTTGTT TTGTTC TGTTCA GTTCAG TTCAGA TCAGAC CAGACT AGACTC GACTCA ACTCAC CTCACA TCACAC CACACT ACACTG CACTGC ACTGCA CTGCAC TGCACA GCACAC CACACA ACACAG CACAGT ACAGTA CAGTAT AGTATT GTATTC TATTCT ATTCTG TTCTGA TCTGAA CTGAAC TGAACT GAACTC AACTCC ACTCCT CTCCTG TCCTGG CCTGGA CTGGAT TGGATC GGATCT GATCTA ATCTAC TCTACC CTACCA TACCAC ACCACC CCACCT CACCTC ACCTCC CCTCCT CTCCTG TCCTGC CCTGCT CTGCTT TGCTTC GCTTCC CTTCCC TTCCCA TCCCAA CCCAAG CCAAGG CAAGGA AAGGAC AGGACC GGACCA GACCAT ACCATG CCATGA CATGAA ATGAAA TGAAAC GAAACT AAACTC AACTCC ACTCCT CTCCTG TCCTGC CCTGCT CTGCTG TGCTGC GCTGCT CTGCTG TGCTGG GCTGGC CTGGCT TGGCTC GGCTCT GCTCTT CTCTTC TCTTCC CTTCCT TTCCTA TCCTAT CCTATG CTATGC TATGCT ATGCTT TGCTTG GCTTGT CTTGTG TTGTGC TGTGCT GTGCTC TGCTCC GCTCCT CTCCTA TCCTAC CCTACC CTACCC TACCCC ACCCCA CCCCAA CCCAAG CCAAGT CAAGTG AAGTGA AGTGAT GTGATC TGATCC GATCCC ATCCCA TCCCAG CCCAGG CCAGGT CAGGTA AGGTAA GGTAAT GTAATC TAATCA AATCAG ATCAGA TCAGAG CAGAGG AGAGGT GAGGTC AGGTCA GGTCAG GTCAGG TCAGGG CAGGGA AGGGAA GGGAAG GGAAGA GAAGAT AAGATA AGATAC GATACA ATACAA TACAAA ACAAAA CAAAAA AAAAAT AAAATA AAATAG AATAGA ATAGAG TAGAGG AGAGGT GAGGTA AGGTAT GGTATA GTATAG TATAGT ATAGTG TAGTGG AGTGGG GTGGGT TGGGTT GGGTTC GGTTCT GTTCTG TTCTGG TCTGGC CTGGCT TGGCTC GGCTCA GCTCAT CTCATG TCATGA CATGAA ATGAAA TGAAAA GAAAAT AAAATT AAATTC AATTCC ATTCCA TTCCAA TCCAAT CCAATG CAATGT AATGTG ATGTGT TGTGTC GTGTCA TGTCAC GTCACG TCACGG CACGGT ACGGTA CGGTAC GGTACT GTACTC TACTCC ACTCCC CTCCCC TCCCCA CCCCAA CCCAAC CCAACA CAACAT AACATG ACATGG CATGGG ATGGGC TGGGCA GGGCAG GGCAGC GCAGCT CAGCTC AGCTCC GCTCCA CTCCAC TCCACA CCACAG CACAGT ACAGTT CAGTTC AGTTCC GTTCCC TTCCCA TCCCAC CCCACA CCACAC CACACT ACACTG CACTGG ACTGGG CTGGGA TGGGAC GGGACT GGACTA GACTAT ACTATG CTATGC TATGCT ATGCTC TGCTCC GCTCCT CTCCTG TCCTGG CCTGGC CTGGCT TGGCTG GGCTGG GCTGGG CTGGGG TGGGGT GGGGTA GGGTAA GGTAAA GTAAAA TAAAAC AAAACC AAACCT AACCTG ACCTGG	1	0	0.05814512073993683
CGGGGG GGGGGC GGGGCC GGGCCG GGCCGT GCCGTG CCGTGG CGTGGC GTGGCG TGGCGT GGCGTG GCGTGT CGTGTT GTGTTT TGTTTA GTTTAT TTTATA TTATAA TATAAA ATAAAA TAAAAG AAAAGA AAAGAC AAGACA AGACAA GACAAG ACAAGC CAAGCT AAGCTG AGCTGT GCTGTG CTGTGG TGTGGC GTGGCT TGGCTC GGCTCC GCTCCG CTCCGC TCCGCA CCGCAC CGCACT GCACTC CACTCT ACTCTC CTCTCA TCTCAT CTCATT TCATTC CATTCC ATTCCA TTCCAC TCCACG CCACGT CACGTT ACGTTC CGTTCT GTTCTT TTCTTA TCTTAA CTTAAC TTAACT TAACTG AACTGT ACTGTT CTGTTC TGTTCC GTTCCA TTCCAT TCCATT CCATTT CATTTT ATTTTC TTTTCC TTTCCG TTCCGT TCCGTA CCGTAT CGTATC GTATCT TATCTG ATCTGC TCTGCT CTGCTT TGCTTC GCTTCG CTTCGG TTCGGG TCGGGC CGGGCT GGGCTT GGCTTC GCTTCC CTTCCA TTCCAC TCCACC CCACCT CACCTC ACCTCA CCTCAT CTCATT TCATTT CATTTT ATTTTT TTTTTT TTTTTT TTTTTC TTTTCG TTTCGC TTCGCT TCGCTT CGCTTT GCTTTG CTTTGC TTTGCC TTGCCC TGCCCA GCCCAT CCCATT CCATTC CATTCT ATTCTG TTCTGT TCTGTT CTGTTT TGTTTC GTTTCA TTTCAG TTCAGC TCAGCC CAGCCA AGCCAG GCCAGT CCAGTC CAGTCG AGTCGC GTCGCC TCGCCA CGCCAA GCCAAG CCAAGA CAAGAA AAGAAT AGAATC GAATCA AATCAT ATCATG TCATGA CATGAA ATGAAA TGAAAG GAAAGT AAAGTC AAGTCG AGTCGC GTCGCC TCGCCA CGCCAG GCCAGT CCAGTG CAGTGG AGTGGC GTGGCA TGGCAG GGCAGC GCAGCA CAGCAC AGCACC GCACCG CACCGC ACCGCC CCGCCA CGCCAC GCCACC CCACCG CACCGC ACCGCC CCGCCG CGCCGC GCCGCC CCGCCG CGCCGC GCCGCG CCGCGG CGCGGG GCGGGC CGGGCC GGGCCC GGCCCC GCCCCA CCCCAG CCCAGC CCAGCT CAGCTG AGCTGC GCTGCG CTGCGC TGCGCG GCGCGC CGCGCT GCGCTG CGCTGA GCTGAA CTGAAG TGAAGG GAAGGC AAGGCC AGGCCG GGCCGG GCCGGC CCGGCA CGGCAA GGCAAG GCAAGA CAAGAC AAGACA AGACAG GACAGC ACAGCG CAGCGA AGCGAG GCGAGC CGAGCG GAGCGG AGCGGT GCGGTG CGGTGC GGTGCG GTGCGG TGCGGG GCGGGC CGGGCG GGGCGA GGCGAG GCGAGG CGAGGT GAGGTG AGGTGG GGTGGT GTGGTG TGGTGC GGTGCG GTGCGC TGCGCT GCGCTG CGCTGT GCTGTC CTGTCT TGTCTG GTCTGT TCTGTC CTGTCT TGTCTG GTCTGA TCTGAG CTGAGC TGAGCA GAGCAG AGCAGA GCAGAG CAGAGC AGAGCG GAGCGT AGCGTG GCGTGG CGTGGC GTGGCC TGGCCA GGCCAT GCCATC CCATCT CATCTC ATCTCG TCTCGC CTCGCG TCGCGC CGCGCT GCGCTG CGCTGC GCTGCG CTGCGC TGCGCC GCGCCG CGCCGG GCCGGG CCGGGG CGGGGG GGGGGC GGGGCG GGGCGC GGCGCC GCGCCG CGCCGG GCCGGG CCGGGG CGGGGC	1	0	0.258767694234848
AAAGCA AAGCAC AGCACC GCACCA CACCAG ACCAGT CCAGTG CAGTGG AGTGGA GTGGAC TGGACT GGACTC GACTCT ACTCTG CTCTGA TCTGAA CTGAAT TGAATC GAATCT AATCTC ATCTCC TCTCCC CTCCCA TCCCAC CCCACC CCACCA CACCAG ACCAGC CCAGCC CAGCCT AGCCTT GCCTTT CCTTTT CTTTTC TTTTCT TTTCTA TTCTAC TCTACC CTACCC TACCCC ACCCCC CCCCCG CCCCGT CCCGTC CCGTCT CGTCTT GTCTTC TCTTCT CTTCTC TTCTCC TCTCCG CTCCGA TCCGAA CCGAAA CGAAAT GAAATG AAATGC AATGCC ATGCCT TGCCTT GCCTTC CCTTCC CTTCCT TTCCTC TCCTCG CCTCGG CTCGGA TCGGAA CGGAAA GGAAAG GAAAGT AAAGTC AAGTCA AGTCAC GTCACT TCACTC CACTCC ACTCCC CTCCCT TCCCTG CCCTGG CCTGGG CTGGGC TGGGCA GGGCAG GGCAGT GCAGTC CAGTCC AGTCCC GTCCCC TCCCCC CCCCCC CCCCCC CCCCCG CCCCGC CCCGCC CCGCCC CGCCCC GCCCCA CCCCAC CCCACT CCACTC CACTCC ACTCCC CTCCCG TCCCGC CCCGCT CCGCTC CGCTCC GCTCCC CTCCCC TCCCCC CCCCCG CCCCGC CCCGCA CCGCAC CGCACC GCACCA CACCAC ACCACC CCACCT CACCTA ACCTAC CCTACA CTACAT TACATT ACATTC CATTCA ATTCAA TTCAAA TCAAAT CAAATC AAATCC AATCCG ATCCGC TCCGCC CCGCCT CGCCTT GCCTTA CCTTAG CTTAGG TTAGGC TAGGCA AGGCAA GGCAAA GCAAAG CAAAGG AAAGGC AAGGCA AGGCAG GGCAGG GCAGGC CAGGCA AGGCAG GGCAGG GCAGGT CAGGTG AGGTGC GGTGCA GTGCAG TGCAGC GCAGCC CAGCCC AGCCCC GCCCCC CCCCCG CCCCGG CCCGGA CCGGAA CGGAAG GGAAGA GAAGAT AAGATC AGATCT GATCTT ATCTTT TCTTTT CTTTTG TTTTGT TTTGTA TTGTAT TGTATC GTATCA TATCAC ATCACA TCACAG CACAGG ACAGGT CAGGTC AGGTCG GGTCGG GTCGGG TCGGGA CGGGAG GGGAGA GGAGAG GAGAGG AGAGGA GAGGAG AGGAGG GGAGGT GAGGTG AGGTGG GGTGGC GTGGCT TGGCTG GGCTGC GCTGCG CTGCGG TGCGGG GCGGGG CGGGGA GGGGAT GGGATG GGATGC GATGCC ATGCCG TGCCGG GCCGGT CCGGTA CGGTAA GGTAAC GTAACT TAACTC AACTCA ACTCAG CTCAGC TCAGCC CAGCCG AGCCGG GCCGGC CCGGCC CGGCCT GGCCTC GCCTCG CCTCGC CTCGCG TCGCGG CGCGGT GCGGTG CGGTGG GGTGGC GTGGCT TGGCTG GGCTGG GCTGGC CTGGCA TGGCAA GGCAAA GCAAAA CAAAAA AAAAAA AAAAAA AAAAAC AAAACC AAACCA AACCAG ACCAGC CCAGCT CAGCTC AGCTCC GCTCCG CTCCGG TCCGGC CCGGCC CGGCCG GGCCGG GCCGGA CCGGAG CGGAGG GGAGGG GAGGGA AGGGAT GGGATC GGATCA GATCAT ATCATG TCATGC CATGCG ATGCGA TGCGAC GCGACC CGACCC GACCCG ACCCGG CCCGGC CCGGCA CGGCAG GGCAGG GCAGGC CAGGCT AGGCTG GGCTGG GCTGGG CTGGGA	1	0	0.16742126643657684
CTCTGC TCTGCA CTGCAC TGCACA GCACAT CACATT ACATTG CATTGG ATTGGG TTGGGA TGGGAG GGGAGC GGAGCC GAGCCT AGCCTT GCCTTA CCTTAT CTTATA TTATAA TATAAA ATAAAG TAAAGT AAAGTA AAGTAG AGTAGC GTAGCC TAGCCT AGCCTC GCCTCT CCTCTG CTCTGC TCTGCA CTGCAT TGCATC GCATCT CATCTG ATCTGC TCTGCC CTGCCT TGCCTG GCCTGC CCTGCC CTGCCT TGCCTC GCCTCG CCTCGG CTCGGG TCGGGC CGGGCA GGGCAG GGCAGA GCAGAG CAGAGG AGAGGA GAGGAG AGGAGG GGAGGG GAGGGC AGGGCT GGGCTA GGCTAC GCTACC CTACCC TACCCT ACCCTG CCCTGG CCTGGG CTGGGG TGGGGC GGGGCT GGGCTG GGCTGA GCTGAG CTGAGA TGAGAG GAGAGT AGAGTT GAGTTC AGTTCA GTTCAC TTCACC TCACCT CACCTG ACCTGT CCTGTC CTGTCT TGTCTC GTCTCA TCTCAG CTCAGG TCAGGA CAGGAA AGGAAC GGAACC GAACCA AACCAC ACCACC CCACCT CACCTG ACCTGA CCTGAG CTGAGG TGAGGT GAGGTA AGGTAG GGTAGG GTAGGC TAGGCA AGGCAT GGCATG GCATGG CATGGG ATGGGG TGGGGC GGGGCT GGGCTG GGCTGG GCTGGG CTGGGC TGGGCT GGGCTG GGCTGG GCTGGT CTGGTA TGGTAC GGTACA GTACAC TACACC ACACCA CACCAC ACCACT CCACTT CACTTC ACTTCC CTTCCA TTCCAA TCCAAG CCAAGG CAAGGA AAGGAG AGGAGG GGAGGC GAGGCT AGGCTT GGCTTG GCTTGG CTTGGC TTGGCT TGGCTT GGCTTC GCTTCT CTTCTC TTCTCT TCTCTA CTCTAT TCTATC CTATCT TATCTG ATCTGT TCTGTT CTGTTC TGTTCA GTTCAG TTCAGT TCAGTG CAGTGG AGTGGG GTGGGG TGGGGA GGGGAT GGGATG GGATGC GATGCT ATGCTA TGCTAC GCTACC CTACCT TACCTC ACCTCC CCTCCA CTCCAG TCCAGC CCAGCC CAGCCA AGCCAC GCCACC CCACCC CACCCT ACCCTC CCCTCT CCTCTG CTCTGC TCTGCA CTGCAG TGCAGA GCAGAA CAGAAG AGAAGG GAAGGG AAGGGT AGGGTC GGGTCC GGTCCT GTCCTT TCCTTC CCTTCC CTTCCA TTCCAC TCCACC CCACCC CACCCC ACCCCT CCCCTG CCCTGG CCTGGC CTGGCC TGGCCT GGCCTT GCCTTG CCTTGC CTTGCT TTGCTG TGCTGT GCTGTA CTGTAG TGTAGG GTAGGA TAGGAC AGGACC GGACCT GACCTG ACCTGG CCTGGG CTGGGC TGGGCA GGGCAA GGCAAG GCAAGT CAAGTG AAGTGC AGTGCC GTGCCG TGCCGC GCCGCC CCGCCA CGCCAT GCCATC CCATCC CATCCT ATCCTG TCCTGG CCTGGG CTGGGT TGGGTC GGGTCT GGTCTC GTCTCA TCTCAG CTCAGC TCAGCA CAGCAG AGCAGA GCAGAC CAGACC AGACCC GACCCA ACCCAC CCCACC CCACCT CACCTG ACCTGA CCTGAG CTGAGC TGAGCC GAGCCG AGCCGC GCCGCA CCGCAG CGCAGT GCAGTC CAGTCC AGTCCC GTCCCT TCCCTC CCCTCA CCTCAC CTCACT TCACTC CACTCC ACTCCT CTCCTG TCCTGC CCTGCC CTGCCT TGCCTG	1	0	0.07395318895578384
TCCATC CCATCC CATCCC ATCCCA TCCCAT CCCATC CCATCT CATCTC ATCTCC TCTCCA CTCCAC TCCACC CCACCA CACCAT ACCATA CCATAT CATATA ATATAA TATAAT ATAATA TAATAG AATAGC ATAGCC TAGCCG AGCCGC GCCGCC CCGCCA CGCCAC GCCACC CCACCA CACCAT ACCATT CCATTC CATTCA ATTCAG TTCAGC TCAGCA CAGCAG AGCAGA GCAGAA CAGAAT AGAATC GAATCC AATCCC ATCCCA TCCCAG CCCAGC CCAGCA CAGCAG AGCAGA GCAGAC CAGACT AGACTG GACTGT ACTGTG CTGTGC TGTGCA GTGCAG TGCAGT GCAGTG CAGTGG AGTGGG GTGGGG TGGGGC GGGGCA GGGCAA GGCAAG GCAAGG CAAGGA AAGGAT AGGATT GGATTT GATTTC ATTTCA TTTCAT TTCATG TCATGA CATGAG ATGAGC TGAGCA GAGCAT AGCATC GCATCC CATCCT ATCCTC TCCTCC CCTCCT CTCCTC TCCTCT CCTCTA CTCTAA TCTAAA CTAAAC TAAACG AAACGC AACGCG ACGCGT CGCGTG GCGTGA CGTGAG GTGAGT TGAGTG GAGTGG AGTGGC GTGGCG TGGCGT GGCGTG GCGTGC CGTGCT GTGCTC TGCTCC GCTCCC CTCCCC TCCCCC CCCCCC CCCCCA CCCCAG CCCAGT CCAGTG CAGTGG AGTGGC GTGGCA TGGCAC GGCACC GCACCA CACCAC ACCACA CCACAC CACACG ACACGT CACGTG ACGTGG CGTGGT GTGGTG TGGTGG GGTGGT GTGGTC TGGTCT GGTCTT GTCTTT TCTTTG CTTTGG TTTGGA TTGGAA TGGAAG GGAAGG GAAGGC AAGGCT AGGCTT GGCTTT GCTTTG CTTTGG TTTGGG TTGGGG TGGGGG GGGGGC GGGGCA GGGCAA GGCAAG GCAAGA CAAGAG AAGAGG AGAGGC GAGGCA AGGCAG GGCAGA GCAGAG CAGAGG AGAGGG GAGGGG AGGGGT GGGGTG GGGTGG GGTGGG GTGGGA TGGGAT GGGATT GGATTG GATTGC ATTGCT TTGCTT TGCTTG GCTTGG CTTGGG TTGGGT TGGGTT GGGTTA GGTTAG GTTAGC TTAGCT TAGCTA AGCTAA GCTAAT CTAATA TAATAT AATATT ATATTT TATTTT ATTTTG TTTTGA TTTGAA TTGAAT TGAATA GAATAC AATACA ATACAG TACAGC ACAGCA CAGCAG AGCAGA GCAGAG CAGAGA AGAGAT GAGATA AGATAA GATAAT ATAATC TAATCA AATCAA ATCAAT TCAATA CAATAT AATATA ATATAT TATATC ATATCT TATCTC ATCTCT TCTCTA CTCTAA TCTAAA CTAAAT TAAATG AAATGT AATGTG ATGTGC TGTGCT GTGCTC TGCTCT GCTCTA CTCTAA TCTAAA CTAAAT TAAATG AAATGG AATGGC ATGGCA TGGCAA GGCAAG GCAAGT CAAGTT AAGTTC AGTTCG GTTCGT TTCGTG TCGTGA CGTGAT GTGATG TGATGA GATGAG ATGAGT TGAGTA GAGTAC AGTACT GTACTC TACTCA ACTCAC CTCACT TCACTA CACTAA ACTAAA CTAAAG TAAAGA AAAGAT AAGATT AGATTC GATTCC ATTCCA TTCCAT TCCATT CCATTT CATTTC ATTTCC TTTCCC TTCCCT TCCCTC CCCTCT CCTCTG CTCTGG TCTGGG CTGGGC TGGGCA GGGCAA GGCAAT GCAATT	1	0	0.10073631256818771
TGCTTC GCTTCC CTTCCT TTCCTC TCCTCG CCTCGT CTCGTC TCGTCC CGTCCC GTCCCC TCCCCA CCCCAT CCCATA CCATAC CATACT ATACTA TACTAT ACTATA CTATAA TATAAA ATAAAA TAAAAG AAAAGA AAAGAG AAGAGG AGAGGC GAGGCT AGGCTG GGCTGA GCTGAC CTGACT TGACTC GACTCC ACTCCT CTCCTC TCCTCG CCTCGG CTCGGC TCGGCA CGGCAG GGCAGA GCAGAA CAGAAG AGAAGT GAAGTG AAGTGA AGTGAG GTGAGT TGAGTG GAGTGG AGTGGG GTGGGG TGGGGG GGGGGA GGGGAG GGGAGA GGAGAG GAGAGA AGAGAG GAGAGA AGAGAG GAGAGG AGAGGA GAGGAG AGGAGA GGAGAC GAGACC AGACCA GACCAG ACCAGG CCAGGA CAGGAC AGGACA GGACAG GACAGC ACAGCT CAGCTG AGCTGC GCTGCT CTGCTG TGCTGA GCTGAG CTGAGA TGAGAC GAGACC AGACCT GACCTC ACCTCT CCTCTA CTCTAA TCTAAG CTAAGA TAAGAA AAGAAG AGAAGT GAAGTC AAGTCC AGTCCA GTCCAG TCCAGG CCAGGT CAGGTA AGGTAA GGTAAG GTAAGA TAAGAG AAGAGC AGAGCC GAGCCA AGCCAT GCCATC CCATCC CATCCA ATCCAT TCCATT CCATTC CATTCT ATTCTG TTCTGT TCTGTG CTGTGG TGTGGC GTGGCC TGGCCC GGCCCC GCCCCT CCCCTC CCCTCT CCTCTG CTCTGC TCTGCT CTGCTA TGCTAC GCTACC CTACCC TACCCT ACCCTT CCCTTA CCTTAA CTTAAC TTAACG TAACGG AACGGC ACGGCA CGGCAG GGCAGG GCAGGG CAGGGA AGGGAT GGGATC GGATCT GATCTC ATCTCA TCTCAG CTCAGG TCAGGC CAGGCT AGGCTC GGCTCC GCTCCT CTCCTG TCCTGC CCTGCC CTGCCC TGCCCT GCCCTG CCCTGT CCTGTG CTGTGG TGTGGG GTGGGG TGGGGC GGGGCA GGGCAG GGCAGT GCAGTG CAGTGA AGTGAG GTGAGT TGAGTG GAGTGA AGTGAT GTGATC TGATCT GATCTT ATCTTG TCTTGA CTTGAT TTGATC TGATCA GATCAC ATCACT TCACTC CACTCA ACTCAC CTCACT TCACTG CACTGG ACTGGG CTGGGG TGGGGG GGGGGC GGGGCT GGGCTG GGCTGT GCTGTG CTGTGC TGTGCA GTGCAA TGCAAG GCAAGA CAAGAG AAGAGA AGAGAA GAGAAA AGAAAC GAAACA AAACAG AACAGA ACAGAC CAGACC AGACCT GACCTG ACCTGG CCTGGC CTGGCC TGGCCA GGCCAA GCCAAT CCAATG CAATGT AATGTC ATGTCA TGTCAG GTCAGG TCAGGG CAGGGA AGGGAT GGGATG GGATGT GATGTG ATGTGG TGTGGG GTGGGG TGGGGA GGGGAT GGGATG GGATGG GATGGC ATGGCC TGGCCA GGCCAT GCCATT CCATTT CATTTG ATTTGC TTTGCT TTGCTC TGCTCT GCTCTG CTCTGC TCTGCT CTGCTG TGCTGT GCTGTC CTGTCC TGTCCT GTCCTA TCCTAA CCTAAG CTAAGA TAAGAG AAGAGA AGAGAC GAGACC AGACCA GACCAG ACCAGT CCAGTA CAGTAA AGTAAC GTAACA TAACAT AACATT ACATTG CATTGA ATTGAT TTGATA TGATAT GATATA ATATAG TATAGA ATAGAA TAGAAA AGAAAT	1	0	0.17485791444778442
GTCATT TCATTA CATTAA ATTAAT TTAATA TAATAG AATAGT ATAGTC TAGTCC AGTCCG GTCCGG TCCGGG CCGGGG CGGGGT GGGGTT GGGTTG GGTTGC GTTGCA TTGCAT TGCATA GCATAA CATAAA ATAAAA TAAAAA AAAAAG AAAAGC AAAGCA AAGCAA AGCAAT GCAATG CAATGT AATGTG ATGTGA TGTGAA GTGAAG TGAAGG GAAGGG AAGGGA AGGGAG GGGAGT GGAGTG GAGTGA AGTGAA GTGAAC TGAACA GAACAG AACAGC ACAGCT CAGCTT AGCTTT GCTTTG CTTTGG TTTGGT TTGGTC TGGTCA GGTCAG GTCAGG TCAGGC CAGGCT AGGCTA GGCTAC GCTACC CTACCA TACCAA ACCAAA CCAAAG CAAAGT AAAGTC AAGTCG AGTCGC GTCGCT TCGCTG CGCTGG GCTGGT CTGGTA TGGTAG GGTAGC GTAGCC TAGCCT AGCCTG GCCTGG CCTGGA CTGGAC TGGACC GGACCC GACCCT ACCCTG CCCTGA CCTGAG CTGAGT TGAGTT GAGTTC AGTTCA GTTCAC TTCACC TCACCG CACCGA ACCGAT CCGATC CGATCC GATCCT ATCCTT TCCTTC CCTTCC CTTCCT TTCCTA TCCTAC CCTACT CTACTC TACTCA ACTCAG CTCAGT TCAGTA CAGTAA AGTAAT GTAATA TAATAT AATATC ATATCT TATCTA ATCTAC TCTACA CTACAG TACAGG ACAGGT CAGGTA AGGTAA GGTAAG GTAAGT TAAGTC AAGTCC AGTCCA GTCCAA TCCAAA CCAAAG CAAAGG AAAGGG AAGGGA AGGGAA GGGAAA GGAAAT GAAATT AAATTG AATTGC ATTGCT TTGCTT TGCTTT GCTTTG CTTTGG TTTGGG TTGGGA TGGGAA GGGAAT GGAATC GAATCT AATCTG ATCTGA TCTGAC CTGACA TGACAA GACAAT ACAATT CAATTT AATTTA ATTTAA TTTAAC TTAACT TAACTC AACTCT ACTCTG CTCTGC TCTGCT CTGCTC TGCTCT GCTCTG CTCTGC TCTGCT CTGCTG TGCTGA GCTGAT CTGATA TGATAC GATACA ATACAA TACAAG ACAAGG CAAGGA AAGGAT AGGATG GGATGT GATGTC ATGTCA TGTCAT GTCATC TCATCA CATCAC ATCACC TCACCA CACCAA ACCAAA CCAAAG CAAAGC AAAGCT AAGCTG AGCTGG GCTGGA CTGGAA TGGAAA GGAAAG GAAAGA AAAGAA AAGAAA AGAAAA GAAAAT AAAATG AAATGG AATGGG ATGGGC TGGGCC GGGCCA GGCCAC GCCACT CCACTG CACTGA ACTGAT CTGATG TGATGG GATGGT ATGGTG TGGTGA GGTGAC GTGACA TGACAT GACATG ACATGA CATGAT ATGATT TGATTT GATTTA ATTTAA TTTAAT TTAATA TAATAA AATAAT ATAATG TAATGA AATGAG ATGAGG TGAGGC GAGGCC AGGCCA GGCCAG GCCAGT CCAGTT CAGTTC AGTTCT GTTCTC TTCTCA TCTCAT CTCATT TCATTT CATTTT ATTTTT TTTTTC TTTTCT TTTCTA TTCTAT TCTATT CTATTG TATTGG ATTGGG TTGGGA TGGGAG GGGAGC GGAGCT GAGCTT AGCTTG GCTTGG CTTGGT TTGGTA TGGTAA GGTAAG GTAAGA TAAGAA AAGAAT AGAATT GAATTC AATTCT ATTCTC TTCTCT TCTCTA CTCTAG TCTAGA CTAGAC TAGACA	1	0	0.04703870415687561
GCCGAG CCGAGC CGAGCA GAGCAG AGCAGG GCAGGG CAGGGA AGGGAT GGGATA GGATAT GATATG ATATGC TATGCG ATGCGC TGCGCG GCGCGT CGCGTG GCGTGG CGTGGC GTGGCG TGGCGC GGCGCC GCGCCG CGCCGA GCCGAC CCGACG CGACGC GACGCC ACGCCT CGCCTT GCCTTT CCTTTA CTTTAA TTTAAA TTAAAT TAAATA AAATAT AATATC ATATCT TATCTT ATCTTC TCTTCC CTTCCT TTCCTC TCCTCG CCTCGC CTCGCA TCGCAC CGCACT GCACTT CACTTG ACTTGC CTTGCA TTGCAT TGCATA GCATAT CATATT ATATTC TATTCA ATTCAT TTCATG TCATGA CATGAC ATGACC TGACCC GACCCG ACCCGC CCCGCT CCGCTG CGCTGG GCTGGG CTGGGG TGGGGC GGGGCG GGGCGG GGCGGG GCGGGG CGGGGC GGGGCC GGGCCC GGCCCA GCCCAA CCCAAC CCAACG CAACGC AACGCG ACGCGC CGCGCA GCGCAG CGCAGG GCAGGG CAGGGC AGGGCG GGGCGG GGCGGA GCGGAG CGGAGC GGAGCC GAGCCG AGCCGG GCCGGA CCGGAG CGGAGG GGAGGG GAGGGG AGGGGA GGGGAT GGGATT GGATTT GATTTC ATTTCG TTTCGA TTCGAT TCGATC CGATCC GATCCC ATCCCT TCCCTG CCCTGA CCTGAA CTGAAA TGAAAA GAAAAG AAAAGA AAAGAA AAGAAG AGAAGC GAAGCC AAGCCT AGCCTC GCCTCA CCTCAG CTCAGA TCAGAA CAGAAT AGAATT GAATTT AATTTC ATTTCA TTTCAC TTCACA TCACAA CACAAG ACAAGG CAAGGC AAGGCG AGGCGT GGCGTG GCGTGG CGTGGC GTGGCC TGGCCC GGCCCC GCCCCA CCCCAG CCCAGG CCAGGA CAGGAG AGGAGT GGAGTC GAGTCT AGTCTC GTCTCA TCTCAC CTCACT TCACTC CACTCA ACTCAC CTCACC TCACCG CACCGG ACCGGT CCGGTC CGGTCC GGTCCG GTCCGG TCCGGA CCGGAA CGGAAG GGAAGG GAAGGG AAGGGA AGGGAG GGGAGC GGAGCG GAGCGC AGCGCC GCGCCG CGCCGG GCCGGG CCGGGA CGGGAG GGGAGA GGAGAG GAGAGG AGAGGC GAGGCC AGGCCT GGCCTG GCCTGA CCTGAG CTGAGA TGAGAG GAGAGC AGAGCC GAGCCA AGCCAG GCCAGC CCAGCC CAGCCG AGCCGG GCCGGG CCGGGC CGGGCC GGGCCG GGCCGT GCCGTC CCGTCC CGTCCT GTCCTC TCCTCT CCTCTC CTCTCG TCTCGC CTCGCT TCGCTG CGCTGG GCTGGT CTGGTT TGGTTC GGTTCA GTTCAG TTCAGC TCAGCC CAGCCA AGCCAG GCCAGT CCAGTT CAGTTG AGTTGA GTTGAT TTGATT TGATTC GATTCA ATTCAG TTCAGT TCAGTG CAGTGT AGTGTC GTGTCA TGTCAA GTCAAA TCAAAA CAAAAC AAAACC AAACCC AACCCA ACCCAG CCCAGC CCAGCG CAGCGG AGCGGA GCGGAA CGGAAC GGAACT GAACTG AACTGA ACTGAA CTGAAA TGAAAT GAAATT AAATTC AATTCC ATTCCG TTCCGC TCCGCC CCGCCA CGCCAG GCCAGT CCAGTT CAGTTC AGTTCA GTTCAC TTCACT TCACTT CACTTC ACTTCC CTTCCC TTCCCT TCCCTG CCCTGT CCTGTG CTGTGC TGTGCC GTGCCT	1	0	0.2691134214401245
CGCTGA GCTGAC CTGACC TGACCG GACCGC ACCGCC CCGCCC CGCCCC GCCCCG CCCCGG CCCGGC CCGGCT CGGCTA GGCTAG GCTAGG CTAGGC TAGGCT AGGCTT GGCTTA GCTTAA CTTAAA TTAAAG TAAAGA AAAGAG AAGAGC AGAGCA GAGCAG AGCAGG GCAGGC CAGGCG AGGCGG GGCGGG GCGGGG CGGGGC GGGGCA GGGCAG GGCAGA GCAGAG CAGAGA AGAGAC GAGACC AGACCC GACCCA ACCCAT CCCATA CCATAC CATACC ATACCT TACCTT ACCTTT CCTTTG CTTTGG TTTGGC TTGGCG TGGCGC GGCGCT GCGCTG CGCTGA GCTGAG CTGAGT TGAGTC GAGTCG AGTCGA GTCGAG TCGAGG CGAGGC GAGGCC AGGCCA GGCCAG GCCAGG CCAGGA CAGGAA AGGAAG GGAAGG GAAGGG AAGGGG AGGGGC GGGGCG GGGCGG GGCGGT GCGGTC CGGTCG GGTCGA GTCGAT TCGATG CGATGA GATGAG ATGAGA TGAGAG GAGAGG AGAGGG GAGGGC AGGGCG GGGCGG GGCGGC GCGGCC CGGCCT GGCCTT GCCTTA CCTTAG CTTAGC TTAGCA TAGCAT AGCATT GCATTA CATTAG ATTAGG TTAGGA TAGGAG AGGAGT GGAGTG GAGTGC AGTGCG GTGCGT TGCGTC GCGTCG CGTCGG GTCGGC TCGGCT CGGCTG GGCTGC GCTGCA CTGCAC TGCACC GCACCC CACCCT ACCCTG CCCTGG CCTGGC CTGGCG TGGCGG GGCGGA GCGGAT CGGATG GGATGG GATGGA ATGGAC TGGACC GGACCT GACCTT ACCTTG CCTTGG CTTGGG TTGGGA TGGGAA GGGAAG GGAAGG GAAGGA AAGGAG AGGAGG GGAGGG GAGGGG AGGGGA GGGGAG GGGAGG GGAGGG GAGGGG AGGGGA GGGGAC GGGACC GGACCA GACCAT ACCATC CCATCG CATCGG ATCGGG TCGGGG CGGGGT GGGGTC GGGTCG GGTCGG GTCGGC TCGGCG CGGCGG GGCGGG GCGGGG CGGGGA GGGGAG GGGAGC GGAGCT GAGCTA AGCTAC GCTACG CTACGG TACGGG ACGGGT CGGGTA GGGTAT GGTATG GTATGC TATGCA ATGCAT TGCATA GCATAG CATAGC ATAGCT TAGCTC AGCTCA GCTCAT CTCATA TCATAG CATAGA ATAGAG TAGAGC AGAGCG GAGCGT AGCGTC GCGTCA CGTCAG GTCAGA TCAGAG CAGAGC AGAGCT GAGCTG AGCTGA GCTGAC CTGACG TGACGA GACGAC ACGACG CGACGA GACGAC ACGACT CGACTA GACTAG ACTAGT CTAGTG TAGTGG AGTGGA GTGGAA TGGAAG GGAAGA GAAGAT AAGATG AGATGG GATGGG ATGGGG TGGGGA GGGGAA GGGAAA GGAAAC GAAACT AAACTA AACTAA ACTAAT CTAATG TAATGC AATGCT ATGCTC TGCTCA GCTCAG CTCAGA TCAGAG CAGAGC AGAGCG GAGCGG AGCGGG GCGGGA CGGGAC GGGACA GGACAG GACAGT ACAGTC CAGTCA AGTCAC GTCACT TCACTA CACTAC ACTACC CTACCT TACCTC ACCTCA CCTCAG CTCAGG TCAGGG CAGGGG AGGGGC GGGGCA GGGCAC GGCACA GCACAC CACACA ACACAA CACAAT ACAATT CAATTG AATTGA ATTGAT TTGATA TGATAA GATAAG ATAAGG TAAGGG AAGGGT AGGGTG	1	0	0.21232524514198303
CATTTC ATTTCC TTTCCG TTCCGG TCCGGG CCGGGT CGGGTG GGGTGA GGTGAA GTGAAG TGAAGA GAAGAG AAGAGT AGAGTG GAGTGA AGTGAG GTGAGT TGAGTT GAGTTT AGTTTC GTTTCC TTTCCG TTCCGG TCCGGT CCGGTG CGGTGT GGTGTC GTGTCC TGTCCC GTCCCC TCCCCT CCCCTT CCCTTT CCTTTT CTTTTC TTTTCT TTTCTA TTCTAC TCTACG CTACGT TACGTC ACGTCC CGTCCT GTCCTC TCCTCC CCTCCT CTCCTT TCCTTT CCTTTT CTTTTG TTTTGC TTTGCC TTGCCG TGCCGG GCCGGC CCGGCG CGGCGA GGCGAA GCGAAA CGAAAG GAAAGA AAAGAC AAGACT AGACTG GACTGG ACTGGC CTGGCA TGGCAA GGCAAG GCAAGG CAAGGG AAGGGG AGGGGG GGGGGG GGGGGC GGGGCG GGGCGC GGCGCA GCGCAG CGCAGG GCAGGC CAGGCG AGGCGC GGCGCA GCGCAA CGCAAA GCAAAG CAAAGA AAAGAG AAGAGG AGAGGT GAGGTC AGGTCG GGTCGC GTCGCT TCGCTA CGCTAC GCTACG CTACGC TACGCG ACGCGC CGCGCA GCGCAC CGCACG GCACGC CACGCG ACGCGC CGCGCT GCGCTG CGCTGT GCTGTT CTGTTG TGTTGT GTTGTT TTGTTT TGTTTT GTTTTC TTTTCT TTTCTC TTCTCG TCTCGG CTCGGC TCGGCT CGGCTG GGCTGT GCTGTG CTGTGC TGTGCA GTGCAC TGCACC GCACCA CACCAG ACCAGG CCAGGC CAGGCT AGGCTG GGCTGT GCTGTC CTGTCG TGTCGT GTCGTG TCGTGC CGTGCC GTGCCC TGCCCG GCCCGG CCCGGG CCGGGC CGGGCA GGGCAC GGCACG GCACGC CACGCT ACGCTC CGCTCT GCTCTC CTCTCC TCTCCC CTCCCT TCCCTG CCCTGC CCTGCT CTGCTG TGCTGT GCTGTC CTGTCT TGTCTC GTCTCC TCTCCC CTCCCC TCCCCC CCCCCA CCCCAC CCCACT CCACTA CACTAC ACTACA CTACAC TACACG ACACGT CACGTA ACGTAA CGTAAC GTAACA TAACAG AACAGT ACAGTG CAGTGG AGTGGT GTGGTT TGGTTC GGTTCA GTTCAA TTCAAA TCAAAT CAAATC AAATCC AATCCT ATCCTT TCCTTC CCTTCC CTTCCC TTCCCC TCCCCC CCCCCA CCCCAC CCCACG CCACGC CACGCC ACGCCT CGCCTG GCCTGT CCTGTC CTGTCT TGTCTC GTCTCC TCTCCT CTCCTT TCCTTG CCTTGA CTTGAC TTGACC TGACCC GACCCC ACCCCA CCCCAG CCCAGA CCAGAC CAGACC AGACCT GACCTC ACCTCG CCTCGG CTCGGG TCGGGG CGGGGC GGGGCT GGGCTT GGCTTC GCTTCT CTTCTC TTCTCA TCTCAT CTCATA TCATAT CATATC ATATCC TATCCC ATCCCT TCCCTC CCCTCT CCTCTC CTCTCT TCTCTT CTCTTT TCTTTA CTTTAT TTTATT TTATTC TATTCC ATTCCC TTCCCC TCCCCA CCCCAC CCCACC CCACCT CACCTA ACCTAA CCTAAC CTAACC TAACCC AACCCA ACCCAG CCCAGC CCAGCC CAGCCT AGCCTC GCCTCA CCTCAC CTCACT TCACTC CACTCC ACTCCT CTCCTC TCCTCA CCTCAG CTCAGC TCAGCC CAGCCC AGCCCC GCCCCT CCCCTC CCCTCC CCTCCT CTCCTT	1	0	0.07464825361967087
AGGAAT GGAATA GAATAC AATACC ATACCT TACCTC ACCTCA CCTCAG CTCAGT TCAGTG CAGTGG AGTGGG GTGGGG TGGGGG GGGGGC GGGGCC GGGCCT GGCCTT GCCTTG CCTTGC CTTGCT TTGCTG TGCTGT GCTGTC CTGTCA TGTCAT GTCATC TCATCC CATCCC ATCCCA TCCCAG CCCAGT CCAGTT CAGTTA AGTTAT GTTATA TTATAT TATATC ATATCA TATCAT ATCATA TCATAG CATAGA ATAGAT TAGATC AGATCT GATCTC ATCTCA TCTCAT CTCATC TCATCA CATCAC ATCACA TCACAA CACAAA ACAAAG CAAAGT AAAGTA AAGTAC AGTACA GTACAC TACACA ACACAT CACATT ACATTG CATTGT ATTGTG TTGTGA TGTGAC GTGACC TGACCT GACCTC ACCTCC CCTCCC CTCCCT TCCCTC CCCTCC CCTCCT CTCCTT TCCTTT CCTTTA CTTTAG TTTAGC TTAGCC TAGCCT AGCCTG GCCTGC CCTGCC CTGCCT TGCCTG GCCTGA CCTGAA CTGAAA TGAAAA GAAAAA AAAAAA AAAAAG AAAAGC AAAGCC AAGCCA AGCCAC GCCACC CCACCA CACCAC ACCACC CCACCC CACCCT ACCCTA CCCTAC CCTACC CTACCC TACCCT ACCCTT CCCTTT CCTTTC CTTTCT TTTCTC TTCTCT TCTCTG CTCTGA TCTGAC CTGACA TGACAC GACACC ACACCG CACCGA ACCGAA CCGAAA CGAAAT GAAATG AAATGA AATGAC ATGACC TGACCT GACCTC ACCTCC CCTCCA CTCCAC TCCACT CCACTG CACTGG ACTGGA CTGGAT TGGATG GGATGT GATGTA ATGTAA TGTAAG GTAAGA TAAGAT AAGATT AGATTC GATTCA ATTCAT TTCATG TCATGA CATGAG ATGAGG TGAGGA GAGGAC AGGACA GGACAG GACAGG ACAGGG CAGGGG AGGGGC GGGGCT GGGCTG GGCTGA GCTGAC CTGACC TGACCT GACCTA ACCTAG CCTAGT CTAGTC TAGTCT AGTCTC GTCTCT TCTCTC CTCTCT TCTCTT CTCTTC TCTTCT CTTCTT TTCTTC TCTTCA CTTCAC TTCACC TCACCT CACCTC ACCTCT CCTCTG CTCTGC TCTGCA CTGCAG TGCAGC GCAGCT CAGCTC AGCTCT GCTCTA CTCTAA TCTAAG CTAAGA TAAGAC AAGACT AGACTT GACTTA ACTTAG CTTAGA TTAGAA TAGAAT AGAATC GAATCA AATCAT ATCATT TCATTT CATTTA ATTTAA TTTAAT TTAATA TAATAA AATAAA ATAAAT TAAATA AAATAT AATATT ATATTT TATTTA ATTTAT TTTATG TTATGG TATGGG ATGGGA TGGGAT GGGATA GGATAA GATAAA ATAAAT TAAATA AAATAA AATAAA ATAAAC TAAACA AAACAG AACAGG ACAGGG CAGGGG AGGGGT GGGGTT GGGTTG GGTTGA GTTGAG TTGAGA TGAGAG GAGAGG AGAGGG GAGGGA AGGGAA GGGAAC GGAACT GAACTT AACTTT ACTTTT CTTTTT TTTTTT TTTTTT TTTTTT TTTTTT TTTTTT TTTTTT TTTTTT TTTTTT TTTTTT TTTTTT TTTTTT TTTTTG TTTTGA TTTGAG TTGAGA TGAGAT GAGATG AGATGG GATGGA ATGGAG TGGAGT GGAGTT GAGTTT AGTTTT GTTTTT TTTTTG TTTTGC TTTGCT TTGCTC TGCTCT	1	0	0.0534990094602108
GTGTTT TGTTTG GTTTGC TTTGCT TTGCTC TGCTCT GCTCTG CTCTGG TCTGGC CTGGCA TGGCAG GGCAGC GCAGCC CAGCCG AGCCGC GCCGCC CCGCCT CGCCTG GCCTGG CCTGGC CTGGCG TGGCGT GGCGTT GCGTTC CGTTCC GTTCCC TTCCCA TCCCAT CCCATC CCATCA CATCAT ATCATT TCATTT CATTTA ATTTAT TTTATC TTATCT TATCTC ATCTCT TCTCTT CTCTTC TCTTCA CTTCAT TTCATT TCATTT CATTTT ATTTTC TTTTCC TTTCCT TTCCTA TCCTAA CCTAAG CTAAGC TAAGCG AAGCGT AGCGTT GCGTTG CGTTGT GTTGTC TTGTCA TGTCAG GTCAGC TCAGCG CAGCGT AGCGTC GCGTCA CGTCAG GTCAGA TCAGAG CAGAGA AGAGAA GAGAAT AGAATC GAATCA AATCAA ATCAAT TCAATT CAATTA AATTAC ATTACC TTACCC TACCCA ACCCAC CCCACA CCACAA CACAAG ACAAGT CAAGTC AAGTCA AGTCAA GTCAAC TCAACC CAACCA AACCAA ACCAAA CCAAAG CAAAGG AAAGGA AAGGAC AGGACT GGACTG GACTGT ACTGTT CTGTTT TGTTTT GTTTTT TTTTTA TTTTAG TTTAGC TTAGCA TAGCAT AGCATC GCATCA CATCAT ATCATA TCATAT CATATC ATATCA TATCAC ATCACA TCACAC CACACT ACACTG CACTGA ACTGAC CTGACA TGACAA GACAAA ACAAAC CAAACC AAACCC AACCCT ACCCTG CCCTGT CCTGTT CTGTTG TGTTGG GTTGGT TTGGTG TGGTGA GGTGAA GTGAAA TGAAAG GAAAGA AAAGAG AAGAGG AGAGGT GAGGTT AGGTTT GGTTTG GTTTGG TTTGGC TTGGCC TGGCCC GGCCCC GCCCCT CCCCTT CCCTTG CCTTGC CTTGCA TTGCAG TGCAGA GCAGAC CAGACT AGACTT GACTTA ACTTAG CTTAGA TTAGAC TAGACT AGACTC GACTCC ACTCCT CTCCTG TCCTGG CCTGGT CTGGTA TGGTAA GGTAAA GTAAAG TAAAGT AAAGTC AAGTCT AGTCTC GTCTCC TCTCCT CTCCTT TCCTTT CCTTTT CTTTTA TTTTAT TTTATC TTATCT TATCTT ATCTTT TCTTTG CTTTGG TTTGGC TTGGCA TGGCAC GGCACA GCACAG CACAGT ACAGTG CAGTGG AGTGGA GTGGAC TGGACA GGACAT GACATA ACATAG CATAGT ATAGTA TAGTAC AGTACA GTACAA TACAAA ACAAAG CAAAGG AAAGGT AAGGTG AGGTGT GGTGTA GTGTAA TGTAAC GTAACA TAACAT AACATT ACATTA CATTAT ATTATT TTATTC TATTCC ATTCCA TTCCAA TCCAAG CCAAGA CAAGAG AAGAGG AGAGGA GAGGAT AGGATA GGATAT GATATA ATATAG TATAGA ATAGAG TAGAGA AGAGAA GAGAAT AGAATA GAATAT AATATA ATATAT TATATA ATATAC TATACT ATACTG TACTGC ACTGCT CTGCTA TGCTAT GCTATA CTATAA TATAAT ATAATA TAATAG AATAGT ATAGTG TAGTGA AGTGAT GTGATT TGATTG GATTGG ATTGGA TTGGAG TGGAGA GGAGAA GAGAAC AGAACT GAACTC AACTCG ACTCGG CTCGGC TCGGCT CGGCTG GGCTGG GCTGGG CTGGGC TGGGCG GGGCGC GGCGCG GCGCGG CGCGGT GCGGTG	1	0	0.07101710140705109
CACTTA ACTTAG CTTAGG TTAGGT TAGGTG AGGTGG GGTGGC GTGGCG TGGCGG GGCGGG GCGGGC CGGGCG GGGCGG GGCGGG GCGGGT CGGGTA GGGTAC GGTACT GTACTT TACTTA ACTTAA CTTAAG TTAAGG TAAGGC AAGGCG AGGCGC GGCGCG GCGCGG CGCGGC GCGGCC CGGCCA GGCCAC GCCACC CCACCG CACCGC ACCGCG CCGCGG CGCGGC GCGGCT CGGCTG GGCTGC GCTGCG CTGCGG TGCGGC GCGGCA CGGCAG GGCAGT GCAGTG CAGTGC AGTGCG GTGCGC TGCGCC GCGCCC CGCCCA GCCCAA CCCAAC CCAACA CAACAG AACAGC ACAGCG CAGCGG AGCGGA GCGGAC CGGACT GGACTC GACTCC ACTCCG CTCCGA TCCGAG CCGAGA CGAGAC GAGACC AGACCA GACCAG ACCAGC CCAGCG CAGCGG AGCGGA GCGGAT CGGATC GGATCT GATCTC ATCTCG TCTCGG CTCGGC TCGGCA CGGCAA GGCAAA GCAAAC CAAACC AAACCC AACCCT ACCCTC CCCTCT CCTCTT CTCTTT TCTTTC CTTTCT TTTCTC TTCTCG TCTCGA CTCGAC TCGACC CGACCA GACCAC ACCACC CCACCC CACCCA ACCCAC CCCACC CCACCT CACCTA ACCTAC CCTACC CTACCA TACCAT ACCATT CCATTC CATTCT ATTCTT TTCTTG TCTTGG CTTGGA TTGGAA TGGAAC GGAACC GAACCA AACCAT ACCATG CCATGG CATGGC ATGGCG TGGCGG GGCGGC GCGGCA CGGCAG GGCAGT GCAGTG CAGTGG AGTGGC GTGGCG TGGCGG GGCGGC GCGGCG CGGCGG GGCGGC GCGGCC CGGCCT GGCCTC GCCTCG CCTCGG CTCGGC TCGGCT CGGCTG GGCTGA GCTGAA CTGAAC TGAACT GAACTG AACTGC ACTGCT CTGCTC TGCTCA GCTCAT CTCATC TCATCA CATCAT ATCATC TCATCG CATCGG ATCGGC TCGGCT CGGCTG GGCTGG GCTGGT CTGGTA TGGTAC GGTACA GTACAT TACATC ACATCT CATCTT ATCTTC TCTTCC CTTCCG TTCCGC TCCGCG CCGCGT CGCGTG GCGTGC CGTGCT GTGCTG TGCTGC GCTGCT CTGCTG TGCTGC GCTGCA CTGCAG TGCAGG GCAGGT CAGGTA AGGTAA GGTAAG GTAAGT TAAGTC AAGTCT AGTCTG GTCTGA TCTGAC CTGACG TGACGG GACGGG ACGGGG CGGGGT GGGGTT GGGTTT GGTTTC GTTTCG TTTCGG TTCGGG TCGGGT CGGGTG GGGTGG GGTGGG GTGGGA TGGGAG GGGAGA GGAGAG GAGAGG AGAGGG GAGGGT AGGGTT GGGTTC GGTTCC GTTCCC TTCCCA TCCCAA CCCAAC CCAACT CAACTC AACTCG ACTCGC CTCGCG TCGCGC CGCGCC GCGCCC CGCCCC GCCCCT CCCCTA CCCTAG CCTAGA CTAGAA TAGAAC AGAACC GAACCC AACCCG ACCCGC CCCGCA CCGCAA CGCAAG GCAAGA CAAGAC AAGACT AGACTG GACTGC ACTGCG CTGCGT TGCGTC GCGTCG CGTCGC GTCGCG TCGCGA CGCGAT GCGATT CGATTG GATTGC ATTGCC TTGCCG TGCCGC GCCGCT CCGCTT CGCTTC GCTTCC CTTCCC TTCCCG TCCCGG CCCGGA CCGGAC CGGACC GGACCC GACCCG ACCCGT CCCGTC CCGTCC CGTCCT	1	0	0.39425480365753174
TGTCTT GTCTTC TCTTCC CTTCCT TTCCTC TCCTCT CCTCTC CTCTCC TCTCCC CTCCCA TCCCAC CCCACT CCACTC CACTCC ACTCCC CTCCCC TCCCCA CCCCAG CCCAGT CCAGTG CAGTGA AGTGAG GTGAGT TGAGTC GAGTCA AGTCAG GTCAGG TCAGGG CAGGGC AGGGCT GGGCTC GGCTCT GCTCTT CTCTTT TCTTTC CTTTCT TTTCTA TTCTAC TCTACA CTACAC TACACG ACACGG CACGGG ACGGGG CGGGGT GGGGTC GGGTCA GGTCAG GTCAGC TCAGCT CAGCTG AGCTGA GCTGAC CTGACT TGACTG GACTGT ACTGTC CTGTCT TGTCTC GTCTCA TCTCAC CTCACC TCACCA CACCAA ACCAAA CCAAAT CAAATG AAATGG AATGGC ATGGCC TGGCCC GGCCCT GCCCTG CCCTGC CCTGCC CTGCCG TGCCGC GCCGCC CCGCCT CGCCTG GCCTGT CCTGTT CTGTTC TGTTCA GTTCAG TTCAGC TCAGCC CAGCCT AGCCTT GCCTTG CCTTGT CTTGTC TTGTCT TGTCTC GTCTCT TCTCTG CTCTGG TCTGGC CTGGCT TGGCTT GGCTTT GCTTTA CTTTAT TTTATG TTATGT TATGTG ATGTGT TGTGTC GTGTCC TGTCCC GTCCCT TCCCTG CCCTGT CCTGTC CTGTCA TGTCAC GTCACT TCACTA CACTAC ACTACA CTACAC TACACA ACACAC CACACC ACACCT CACCTG ACCTGT CCTGTT CTGTTG TGTTGC GTTGCT TTGCTG TGCTGG GCTGGG CTGGGT TGGGTC GGGTCA GGTCAA GTCAAC TCAACA CAACAC AACACC ACACCA CACCAA ACCAAG CCAAGG CAAGGG AAGGGA AGGGAG GGGAGG GGAGGG GAGGGA AGGGAG GGGAGT GGAGTT GAGTTG AGTTGG GTTGGA TTGGAG TGGAGG GGAGGG GAGGGC AGGGCC GGGCCA GGCCAT GCCATA CCATAA CATAAA ATAAAT TAAATC AAATCT AATCTC ATCTCT TCTCTC CTCTCT TCTCTT CTCTTC TCTTCC CTTCCT TTCCTG TCCTGC CCTGCC CTGCCA TGCCAC GCCACT CCACTT CACTTC ACTTCT CTTCTT TTCTTC TCTTCG CTTCGA TTCGAA TCGAAT CGAATC GAATCC AATCCC ATCCCT TCCCTT CCCTTA CCTTAG CTTAGT TTAGTC TAGTCA AGTCAC GTCACA TCACAG CACAGC ACAGCT CAGCTG AGCTGT GCTGTC CTGTCA TGTCAC GTCACA TCACAA CACAAA ACAAAT CAAATA AAATAC AATACT ATACTT TACTTC ACTTCT CTTCTG TTCTGA TCTGAA CTGAAG TGAAGC GAAGCA AAGCAC AGCACA GCACAA CACAAA ACAAAG CAAAGT AAAGTA AAGTAC AGTACC GTACCT TACCTT ACCTTG CCTTGC CTTGCC TTGCCC TGCCCC GCCCCC CCCCCT CCCCTT CCCTTA CCTTAA CTTAAG TTAAGC TAAGCC AAGCCT AGCCTG GCCTGA CCTGAT CTGATC TGATCA GATCAT ATCATG TCATGT CATGTT ATGTTT TGTTTC GTTTCC TTTCCC TTCCCT TCCCTC CCCTCC CCTCCC CTCCCC TCCCCT CCCCTA CCCTAA CCTAAG CTAAGC TAAGCA AAGCAA AGCAAG GCAAGC CAAGCC AAGCCC AGCCCT GCCCTT CCCTTA CCTTAA CTTAAG TTAAGT TAAGTT AAGTTT AGTTTC GTTTCT TTTCTT	1	0	0.03633495047688484
CGGCTG GGCTGG GCTGGC CTGGCA TGGCAC GGCACT GCACTG CACTGC ACTGCC CTGCCG TGCCGA GCCGAG CCGAGG CGAGGC GAGGCG AGGCGG GGCGGA GCGGAG CGGAGA GGAGAG GAGAGC AGAGCG GAGCGG AGCGGC GCGGCG CGGCGC GGCGCT GCGCTA CGCTAA GCTAAC CTAACT TAACTT AACTTA ACTTAT CTTATA TTATAG TATAGC ATAGCC TAGCCC AGCCCG GCCCGC CCCGCT CCGCTT CGCTTT GCTTTG CTTTGG TTTGGG TTGGGG TGGGGC GGGGCG GGGCGG GGCGGG GCGGGC CGGGCC GGGCCG GGCCGG GCCGGG CCGGGG CGGGGG GGGGGC GGGGCG GGGCGG GGCGGG GCGGGG CGGGGC GGGGCC GGGCCC GGCCCC GCCCCG CCCCGC CCCGCG CCGCGG CGCGGG GCGGGA CGGGAA GGGAAG GGAAGG GAAGGC AAGGCG AGGCGG GGCGGC GCGGCG CGGCGA GGCGAC GCGACC CGACCT GACCTG ACCTGG CCTGGG CTGGGA TGGGAG GGGAGG GGAGGC GAGGCC AGGCCA GGCCAC GCCACC CCACCC CACCCA ACCCAT CCCATT CCATTG CATTGC ATTGCC TTGCCC TGCCCA GCCCAG CCCAGT CCAGTC CAGTCC AGTCCC GTCCCG TCCCGG CCCGGG CCGGGC CGGGCC GGGCCC GGCCCA GCCCAC CCCACG CCACGC CACGCC ACGCCG CGCCGC GCCGCC CCGCCA CGCCAG GCCAGC CCAGCG CAGCGC AGCGCT GCGCTG CGCTGG GCTGGG CTGGGG TGGGGC GGGGCT GGGCTC GGCTCA GCTCAC CTCACC TCACCC CACCCA ACCCAG CCCAGG CCAGGG CAGGGG AGGGGA GGGGAC GGGACC GGACCG GACCGG ACCGGA CCGGAG CGGAGC GGAGCC GAGCCC AGCCCG GCCCGA CCCGAG CCGAGG CGAGGG GAGGGA AGGGAG GGGAGG GGAGGG GAGGGA AGGGAC GGGACG GGACGG GACGGC ACGGCG CGGCGG GGCGGC GCGGCC CGGCCG GGCCGG GCCGGA CCGGAC CGGACG GGACGA GACGAG ACGAGG CGAGGG GAGGGC AGGGCG GGGCGC GGCGCC GCGCCC CGCCCC GCCCCC CCCCCT CCCCTG CCCTGG CCTGGG CTGGGG TGGGGG GGGGGA GGGGAG GGGAGC GGAGCG GAGCGG AGCGGA GCGGAC CGGACA GGACAG GACAGG ACAGGG CAGGGA AGGGAC GGGACA GGACAC GACACA ACACAC CACACA ACACAA CACAAC ACAACT CAACTA AACTAG ACTAGC CTAGCC TAGCCC AGCCCA GCCCAG CCCAGG CCAGGA CAGGAT AGGATA GGATAC GATACA ATACAG TACAGA ACAGAC CAGACA AGACAC GACACA ACACAC CACACC ACACCT CACCTG ACCTGG CCTGGA CTGGAC TGGACC GGACCC GACCCA ACCCAC CCCACA CCACAG CACAGA ACAGAC CAGACT AGACTC GACTCA ACTCAG CTCAGA TCAGAC CAGACC AGACCT GACCTT ACCTTG CCTTGG CTTGGA TTGGAG TGGAGA GGAGAA GAGAAC AGAACA GAACAG AACAGA ACAGAC CAGACA AGACAC GACACC ACACCT CACCTG ACCTGG CCTGGA CTGGAC TGGACA GGACAC GACACA ACACAC CACACA ACACAC CACACA ACACAC CACACT ACACTC CACTCA ACTCAG CTCAGA TCAGAT CAGATA	1	0	0.34915411472320557
TTGATT TGATTC GATTCA ATTCAA TTCAAA TCAAAG CAAAGG AAAGGT AAGGTT AGGTTG GGTTGC GTTGCC TTGCCT TGCCTA GCCTAT CCTATA CTATAA TATAAA ATAAAG TAAAGC AAAGCG AAGCGG AGCGGG GCGGGA CGGGAC GGGACT GGACTG GACTGC ACTGCA CTGCAC TGCACG GCACGC CACGCC ACGCCG CGCCGG GCCGGT CCGGTT CGGTTT GGTTTT GTTTTT TTTTTG TTTTGT TTTGTC TTGTCC TGTCCG GTCCGA TCCGAG CCGAGG CGAGGG GAGGGC AGGGCT GGGCTG GGCTGT GCTGTC CTGTCG TGTCGA GTCGAG TCGAGT CGAGTC GAGTCC AGTCCG GTCCGA TCCGAG CCGAGC CGAGCG GAGCGC AGCGCC GCGCCG CGCCGC GCCGCC CCGCCA CGCCAT GCCATG CCATGG CATGGC ATGGCT TGGCTC GGCTCT GCTCTG CTCTGC TCTGCT CTGCTG TGCTGT GCTGTC CTGTCC TGTCCG GTCCGA TCCGAG CCGAGG CGAGGG GAGGGC AGGGCC GGGCCT GGCCTG GCCTGG CCTGGA CTGGAC TGGACG GGACGA GACGAG ACGAGG CGAGGT GAGGTG AGGTGC GGTGCC GTGCCC TGCCCG GCCCGC CCCGCC CCGCCG CGCCGC GCCGCC CCGCCT CGCCTG GCCTGC CCTGCC CTGCCT TGCCTG GCCTGT CCTGTC CTGTCG TGTCGC GTCGCC TCGCCG CGCCGT GCCGTG CCGTGC CGTGCG GTGCGG TGCGGG GCGGGC CGGGCC GGGCCG GGCCGC GCCGCC CCGCCC CGCCCA GCCCAA CCCAAC CCAACC CAACCC AACCCG ACCCGA CCCGAC CCGACC CGACCG GACCGA ACCGAG CCGAGC CGAGCT GAGCTG AGCTGT GCTGTT CTGTTC TGTTCA GTTCAG TTCAGC TCAGCG CAGCGA AGCGAG GCGAGT CGAGTC GAGTCA AGTCAC GTCACG TCACGG CACGGC ACGGCG CGGCGC GGCGCC GCGCCT CGCCTG GCCTGG CCTGGC CTGGCT TGGCTC GGCTCT GCTCTG CTCTGG TCTGGA CTGGAG TGGAGG GGAGGA GAGGAG AGGAGC GGAGCT GAGCTG AGCTGG GCTGGT CTGGTG TGGTGG GGTGGC GTGGCG TGGCGG GGCGGG GCGGGC CGGGCG GGGCGG GGCGGC GCGGCC CGGCCC GGCCCC GCCCCG CCCCGA CCCGAA CCGAAG CGAAGC GAAGCC AAGCCT AGCCTT GCCTTC CCTTCG CTTCGC TTCGCG TCGCGG CGCGGC GCGGCC CGGCCT GGCCTT GCCTTC CCTTCC CTTCCT TTCCTG TCCTGC CCTGCG CTGCGA TGCGAC GCGACG CGACGC GACGCG ACGCGA CGCGAG GCGAGC CGAGCG GAGCGC AGCGCC GCGCCT CGCCTG GCCTGG CCTGGC CTGGCT TGGCTC GGCTCG GCTCGT CTCGTT TCGTTT CGTTTC GTTTCC TTTCCT TTCCTG TCCTGA CCTGAA CTGAAC TGAACC GAACCC AACCCC ACCCCG CCCCGA CCCGAT CCGATG CGATGA GATGAG ATGAGG TGAGGT GAGGTG AGGTGC GGTGCA GTGCAC TGCACG GCACGC CACGCC ACGCCA CGCCAT GCCATT CCATTC CATTCT ATTCTG TTCTGC TCTGCG CTGCGC TGCGCG GCGCGC CGCGCG GCGCGG CGCGGC GCGGCG CGGCGG GGCGGA GCGGAG CGGAGA GGAGAG GAGAGG AGAGGC GAGGCC AGGCCG	1	0	0.43728017807006836
ACGTCG CGTCGC GTCGCC TCGCCG CGCCGA GCCGAC CCGACG CGACGT GACGTG ACGTGT CGTGTT GTGTTG TGTTGT GTTGTT TTGTTT TGTTTA GTTTAA TTTAAA TTAAAA TAAAAG AAAAGC AAAGCG AAGCGG AGCGGC GCGGCC CGGCCG GGCCGC GCCGCG CCGCGC CGCGCA GCGCAG CGCAGG GCAGGC CAGGCG AGGCGC GGCGCA GCGCAG CGCAGT GCAGTG CAGTGA AGTGAG GTGAGC TGAGCC GAGCCC AGCCCA GCCCAA CCCAAA CCAAAT CAAATG AAATGC AATGCG ATGCGA TGCGAA GCGAAC CGAACT GAACTT AACTTA ACTTAG CTTAGG TTAGGC TAGGCT AGGCTG GGCTGT GCTGTT CTGTTA TGTTAC GTTACA TTACAC TACACA ACACAA CACAAC ACAACT CAACTG AACTGC ACTGCT CTGCTG TGCTGG GCTGGG CTGGGG TGGGGT GGGGTC GGGTCT GGTCTG GTCTGT TCTGTT CTGTTC TGTTCT GTTCTC TTCTCG TCTCGC CTCGCC TCGCCG CGCCGC GCCGCC CCGCCC CGCCCG GCCCGC CCCGCC CCGCCC CGCCCG GCCCGG CCCGGC CCGGCA CGGCAG GGCAGT GCAGTC CAGTCA AGTCAG GTCAGG TCAGGC CAGGCA AGGCAG GGCAGC GCAGCG CAGCGT AGCGTC GCGTCG CGTCGC GTCGCC TCGCCG CGCCGC GCCGCC CCGCCG CGCCGT GCCGTG CCGTGG CGTGGT GTGGTA TGGTAG GGTAGC GTAGCA TAGCAG AGCAGC GCAGCC CAGCCT AGCCTC GCCTCA CCTCAG CTCAGC TCAGCC CAGCCG AGCCGT GCCGTT CCGTTT CGTTTC GTTTCT TTTCTG TTCTGG TCTGGA CTGGAG TGGAGT GGAGTC GAGTCT AGTCTC GTCTCG TCTCGG CTCGGG TCGGGC CGGGCC GGGCCC GGCCCA GCCCAC CCCACA CCACAG CACAGT ACAGTC CAGTCA AGTCAC GTCACC TCACCG CACCGC ACCGCC CCGCCG CGCCGC GCCGCT CCGCTT CGCTTA GCTTAC CTTACC TTACCT TACCTG ACCTGC CCTGCG CTGCGC TGCGCC GCGCCT CGCCTC GCCTCC CCTCCT CTCCTC TCCTCG CCTCGA CTCGAG TCGAGC CGAGCC GAGCCT AGCCTC GCCTCC CCTCCG CTCCGG TCCGGA CCGGAG CGGAGT GGAGTC GAGTCC AGTCCC GTCCCC TCCCCG CCCCGT CCCGTC CCGTCC CGTCCG GTCCGC TCCGCC CCGCCC CGCCCG GCCCGC CCCGCA CCGCAC CGCACA GCACAG CACAGG ACAGGC CAGGCC AGGCCG GGCCGG GCCGGT CCGGTT CGGTTC GGTTCG GTTCGC TTCGCC TCGCCG CGCCGT GCCGTC CCGTCT CGTCTG GTCTGC TCTGCG CTGCGT TGCGTC GCGTCT CGTCTC GTCTCC TCTCCC CTCCCC TCCCCC CCCCCA CCCCAC CCCACG CCACGC CACGCC ACGCCG CGCCGC GCCGCC CCGCCT CGCCTC GCCTCG CCTCGC CTCGCC TCGCCT CGCCTG GCCTGC CCTGCC CTGCCG TGCCGC GCCGCC CCGCCG CGCCGC GCCGCG CCGCGC CGCGCT GCGCTC CGCTCG GCTCGT CTCGTC TCGTCC CGTCCC GTCCCT TCCCTC CCCTCC CCTCCG CTCCGG TCCGGG CCGGGC CGGGCC GGGCCG GGCCGA GCCGAC CCGACA CGACAT GACATG ACATGA CATGAG ATGAGT	1	0	0.4294387400150299
CCGCCC CGCCCC GCCCCA CCCCAC CCCACC CCACCG CACCGG ACCGGC CCGGCC CGGCCG GGCCGC GCCGCC CCGCCC CGCCCA GCCCAT CCCATA CCATAT CATATA ATATAG TATAGC ATAGCG TAGCGA AGCGAA GCGAAA CGAAAG GAAAGC AAAGCC AAGCCT AGCCTG GCCTGG CCTGGC CTGGCG TGGCGC GGCGCG GCGCGC CGCGCG GCGCGC CGCGCG GCGCGC CGCGCG GCGCGC CGCGCG GCGCGC CGCGCC GCGCCA CGCCAT GCCATT CCATTG CATTGT ATTGTG TTGTGT TGTGTG GTGTGG TGTGGC GTGGCT TGGCTG GGCTGG GCTGGA CTGGAC TGGACT GGACTC GACTCG ACTCGG CTCGGC TCGGCC CGGCCG GGCCGC GCCGCC CCGCCC CGCCCC GCCCCT CCCCTG CCCTGT CCTGTG CTGTGG TGTGGT GTGGTG TGGTGT GGTGTG GTGTGA TGTGAG GTGAGG TGAGGC GAGGCG AGGCGC GGCGCG GCGCGT CGCGTG GCGTGT CGTGTT GTGTTC TGTTCG GTTCGG TTCGGG TCGGGC CGGGCT GGGCTC GGCTCT GCTCTT CTCTTG TCTTGC CTTGCC TTGCCG TGCCGT GCCGTC CCGTCC CGTCCC GTCCCC TCCCCG CCCCGC CCCGCA CCGCAC CGCACC GCACCC CACCCG ACCCGC CCCGCA CCGCAC CGCACC GCACCG CACCGC ACCGCG CCGCGG CGCGGT GCGGTT CGGTTA GGTTAC GTTACT TTACTG TACTGG ACTGGC CTGGCT TGGCTT GGCTTG GCTTGC CTTGCG TTGCGG TGCGGT GCGGTC CGGTCC GGTCCG GTCCGC TCCGCC CCGCCG CGCCGT GCCGTT CCGTTC CGTTCG GTTCGA TTCGAC TCGACA CGACAA GACAAC ACAACC CAACCA AACCAG ACCAGC CCAGCC CAGCCC AGCCCT GCCCTT CCCTTG CCTTGG CTTGGG TTGGGT TGGGTC GGGTCC GGTCCC GTCCCC TCCCCG CCCCGC CCCGCC CCGCCC CGCCCG GCCCGC CCCGCC CCGCCA CGCCAC GCCACG CCACGG CACGGA ACGGAC CGGACA GGACAT GACATG ACATGC CATGCC ATGCCG TGCCGC GCCGCG CCGCGC CGCGCG GCGCGT CGCGTC GCGTCT CGTCTA GTCTAC TCTACA CTACAT TACATA ACATAG CATAGG ATAGGA TAGGAC AGGACG GGACGC GACGCC ACGCCT CGCCTG GCCTGA CCTGAG CTGAGC TGAGCT GAGCTA AGCTAC GCTACA CTACAA TACAAC ACAACG CAACGT AACGTC ACGTCC CGTCCG GTCCGG TCCGGG CCGGGA CGGGAG GGGAGA GGAGAA GAGAAG AGAAGG GAAGGA AAGGAC AGGACA GGACAT GACATC ACATCC CATCCA ATCCAG TCCAGC CCAGCG CAGCGC AGCGCT GCGCTT CGCTTT GCTTTT CTTTTT TTTTTC TTTTCA TTTCAG TTCAGT TCAGTG CAGTGG AGTGGC GTGGCT TGGCTA GGCTAT GCTATG CTATGG TATGGC ATGGCC TGGCCG GGCCGC GCCGCC CCGCCT CGCCTC GCCTCC CCTCCT CTCCTC TCCTCG CCTCGA CTCGAA TCGAAG CGAAGT GAAGTA AAGTAG AGTAGA GTAGAC TAGACC AGACCT GACCTC ACCTCA CCTCAA CTCAAA TCAAAA CAAAAA AAAAAT AAAATG AAATGG AATGGG ATGGGT TGGGTG GGGTGA GGTGAG GTGAGT	1	1	0.594449520111084
AAGAGT AGAGTT GAGTTG AGTTGT GTTGTC TTGTCA TGTCAG GTCAGG TCAGGA CAGGAG AGGAGG GGAGGG GAGGGC AGGGCT GGGCTT GGCTTA GCTTAT CTTATA TTATAA TATAAA ATAAAG TAAAGC AAAGCT AAGCTT AGCTTG GCTTGC CTTGCT TTGCTA TGCTAT GCTATT CTATTT TATTTC ATTTCT TTTCTG TTCTGG TCTGGC CTGGCA TGGCAT GGCATT GCATTT CATTTT ATTTTT TTTTTT TTTTTC TTTTCC TTTCCT TTCCTC TCCTCT CCTCTT CTCTTT TCTTTC CTTTCT TTTCTC TTCTCT TCTCTG CTCTGC TCTGCT CTGCTG TGCTGA GCTGAT CTGATT TGATTA GATTAT ATTATG TTATGC TATGCA ATGCAG TGCAGC GCAGCA CAGCAG AGCAGA GCAGAC CAGACT AGACTC GACTCG ACTCGC CTCGCA TCGCAC CGCACA GCACAG CACAGA ACAGAG CAGAGG AGAGGC GAGGCT AGGCTG GGCTGT GCTGTC CTGTCG TGTCGC GTCGCG TCGCGG CGCGGG GCGGGC CGGGCG GGGCGC GGCGCG GCGCGT CGCGTT GCGTTC CGTTCT GTTCTC TTCTCT TCTCTC CTCTCG TCTCGC CTCGCT TCGCTG CGCTGC GCTGCC CTGCCT TGCCTG GCCTGG CCTGGG CTGGGC TGGGCT GGGCTT GGCTTC GCTTCT CTTCTG TTCTGT TCTGTG CTGTGG TGTGGA GTGGAA TGGAAT GGAATG GAATGA AATGAG ATGAGA TGAGAC GAGACT AGACTC GACTCG ACTCGG CTCGGG TCGGGC CGGGCT GGGCTC GGCTCC GCTCCT CTCCTT TCCTTC CCTTCT CTTCTA TTCTAC TCTACT CTACTT TACTTG ACTTGC CTTGCA TTGCAA TGCAAG GCAAGA CAAGAC AAGACA AGACAC GACACT ACACTG CACTGG ACTGGT CTGGTG TGGTGC GGTGCA GTGCAT TGCATT GCATTG CATTGC ATTGCA TTGCAG TGCAGG GCAGGT CAGGTG AGGTGT GGTGTG GTGTGT TGTGTT GTGTTT TGTTTC GTTTCC TTTCCG TTCCGC TCCGCA CCGCAG CGCAGA GCAGAA CAGAAG AGAAGG GAAGGT AAGGTA AGGTAA GGTAAG GTAAGC TAAGCA AAGCAG AGCAGC GCAGCG CAGCGG AGCGGG GCGGGT CGGGTG GGGTGC GGTGCC GTGCCC TGCCCA GCCCAC CCCACC CCACCG CACCGC ACCGCC CCGCCC CGCCCC GCCCCA CCCCAT CCCATG CCATGA CATGAG ATGAGG TGAGGT GAGGTG AGGTGG GGTGGA GTGGAG TGGAGG GGAGGT GAGGTG AGGTGG GGTGGT GTGGTC TGGTCA GGTCAG GTCAGG TCAGGC CAGGCC AGGCCG GGCCGT GCCGTC CCGTCA CGTCAC GTCACT TCACTG CACTGT ACTGTG CTGTGG TGTGGG GTGGGC TGGGCT GGGCTG GGCTGA GCTGAA CTGAAG TGAAGA GAAGAT AAGATA AGATAG GATAGG ATAGGT TAGGTG AGGTGA GGTGAT GTGATG TGATGT GATGTC ATGTCT TGTCTG GTCTGG TCTGGA CTGGAT TGGATG GGATGG GATGGG ATGGGG TGGGGG GGGGGC GGGGCA GGGCAG GGCAGG GCAGGC CAGGCA AGGCAG GGCAGG GCAGGG CAGGGA AGGGAC GGGACC GGACCT GACCTG ACCTGG CCTGGA CTGGAC TGGACT GGACTG GACTGG ACTGGT CTGGTG	1	0	0.1283765733242035
CACACC ACACCC CACCCA ACCCAT CCCATA CCATAG CATAGT ATAGTT TAGTTT AGTTTG GTTTGG TTTGGA TTGGAG TGGAGC GGAGCC GAGCCA AGCCAT GCCATA CCATAA CATAAA ATAAAA TAAAAC AAAACC AAACCC AACCCA ACCCAA CCCAAC CCAACC CAACCC AACCCA ACCCAG CCCAGG CCAGGT CAGGTT AGGTTG GGTTGG GTTGGA TTGGAC TGGACT GGACTC GACTCT ACTCTC CTCTCA TCTCAC CTCACC TCACCT CACCTC ACCTCT CCTCTC CTCTCC TCTCCA CTCCAG TCCAGC CCAGCC CAGCCC AGCCCC GCCCCT CCCCTT CCCTTC CCTTCT CTTCTG TTCTGC TCTGCT CTGCTC TGCTCC GCTCCG CTCCGG TCCGGC CCGGCC CGGCCC GGCCCT GCCCTG CCCTGT CCTGTC CTGTCC TGTCCT GTCCTC TCCTCA CCTCAA CTCAAA TCAAAT CAAATT AAATTG AATTGG ATTGGG TTGGGG TGGGGG GGGGGG GGGGGC GGGGCT GGGCTG GGCTGA GCTGAT CTGATG TGATGT GATGTC ATGTCC TGTCCC GTCCCC TCCCCA CCCCAT CCCATA CCATAC CATACA ATACAC TACACC ACACCT CACCTG ACCTGG CCTGGC CTGGCT TGGCTC GGCTCT GCTCTG CTCTGG TCTGGG CTGGGT TGGGTT GGGTTC GGTTCC GTTCCC TTCCCC TCCCCT CCCCTA CCCTAA CCTAAC CTAACC TAACCC AACCCC ACCCCA CCCCAG CCCAGA CCAGAG CAGAGT AGAGTG GAGTGC AGTGCA GTGCAG TGCAGG GCAGGA CAGGAC AGGACT GGACTA GACTAG ACTAGG CTAGGA TAGGAC AGGACC GGACCC GACCCG ACCCGA CCCGAG CCGAGT CGAGTG GAGTGG AGTGGA GTGGAC TGGACC GGACCT GACCTC ACCTCA CCTCAG CTCAGG TCAGGT CAGGTC AGGTCT GGTCTG GTCTGG TCTGGC CTGGCC TGGCCA GGCCAG GCCAGG CCAGGT CAGGTC AGGTCG GGTCGC GTCGCC TCGCCA CGCCAT GCCATT CCATTG CATTGC ATTGCC TTGCCA TGCCAT GCCATG CCATGG CATGGA ATGGAG TGGAGA GGAGAC GAGACA AGACAG GACAGC ACAGCA CAGCAA AGCAAC GCAACA CAACAG AACAGT ACAGTC CAGTCC AGTCCC GTCCCC TCCCCA CCCCAG CCCAGC CCAGCC CAGCCG AGCCGC GCCGCG CCGCGG CGCGGG GCGGGT CGGGTT GGGTTC GGTTCC GTTCCC TTCCCT TCCCTA CCCTAA CCTAAG CTAAGT TAAGTG AAGTGA AGTGAC GTGACT TGACTG GACTGG ACTGGT CTGGTT TGGTTA GGTTAC GTTACT TTACTC TACTCT ACTCTT CTCTTT TCTTTA CTTTAA TTTAAC TTAACG TAACGT AACGTA ACGTAT CGTATC GTATCC TATCCA ATCCAC TCCACC CCACCC CACCCA ACCCAC CCCACC CCACCT CACCTT ACCTTG CCTTGG CTTGGG TTGGGT TGGGTG GGGTGA GGTGAT GTGATT TGATTA GATTAG ATTAGA TTAGAA TAGAAG AGAAGA GAAGAA AAGAAT AGAATC GAATCA AATCAA ATCAAT TCAATA CAATAA AATAAG ATAAGA TAAGAT AAGATA AGATAA GATAAC ATAACC TAACCG AACCGG ACCGGG CCGGGC CGGGCG GGGCGG GGCGGT GCGGTG CGGTGG	1	0	0.10247132927179337
CCTCAC CTCACA TCACAG CACAGC ACAGCT CAGCTG AGCTGC GCTGCC CTGCCG TGCCGG GCCGGA CCGGAA CGGAAC GGAACA GAACAT AACATA ACATAA CATAAA ATAAAG TAAAGA AAAGAC AAGACT AGACTC GACTCA ACTCAC CTCACA TCACAG CACAGG ACAGGT CAGGTC AGGTCC GGTCCG GTCCGC TCCGCC CCGCCT CGCCTC GCCTCC CCTCCC CTCCCA TCCCAG CCCAGG CCAGGC CAGGCT AGGCTC GGCTCA GCTCAA CTCAAA TCAAAG CAAAGC AAAGCT AAGCTG AGCTGG GCTGGC CTGGCT TGGCTC GGCTCT GCTCTG CTCTGC TCTGCA CTGCAG TGCAGG GCAGGG CAGGGG AGGGGA GGGGAC GGGACA GGACAT GACATG ACATGA CATGAG ATGAGA TGAGAG GAGAGG AGAGGC GAGGCA AGGCAC GGCACA GCACAC CACACC ACACCG CACCGA ACCGAA CCGAAG CGAAGA GAAGAC AAGACC AGACCC GACCCA ACCCAC CCCACC CCACCT CACCTC ACCTCC CCTCCT CTCCTG TCCTGG CCTGGC CTGGCC TGGCCT GGCCTT GCCTTC CCTTCT CTTCTC TTCTCC TCTCCC CTCCCT TCCCTC CCCTCC CCTCCT CTCCTC TCCTCT CCTCTG CTCTGC TCTGCC CTGCCT TGCCTC GCCTCC CCTCCT CTCCTC TCCTCT CCTCTC CTCTCA TCTCAA CTCAAA TCAAAG CAAAGG AAAGGT AAGGTA AGGTAA GGTAAG GTAAGG TAAGGA AAGGAG AGGAGG GGAGGC GAGGCC AGGCCC GGCCCG GCCCGG CCCGGG CCGGGC CGGGCC GGGCCC GGCCCT GCCCTG CCCTGG CCTGGA CTGGAA TGGAAT GGAATG GAATGC AATGCA ATGCAC TGCACT GCACTG CACTGC ACTGCT CTGCTG TGCTGA GCTGAC CTGACT TGACTA GACTAT ACTATT CTATTT TATTTG ATTTGG TTTGGG TTGGGT TGGGTG GGGTGT GGTGTG GTGTGG TGTGGA GTGGAG TGGAGG GGAGGG GAGGGG AGGGGG GGGGGT GGGGTG GGGTGG GGTGGG GTGGGG TGGGGA GGGGAT GGGATG GGATGT GATGTA ATGTAA TGTAAA GTAAAA TAAAAT AAAATC AAATCG AATCGC ATCGCA TCGCAG CGCAGC GCAGCC CAGCCA AGCCAA GCCAAG CCAAGG CAAGGA AAGGAC AGGACC GGACCC GACCCC ACCCCC CCCCCT CCCCTT CCCTTG CCTTGG CTTGGC TTGGCA TGGCAG GGCAGA GCAGAA CAGAAT AGAATT GAATTC AATTCC ATTCCT TTCCTC TCCTCC CCTCCA CTCCAG TCCAGG CCAGGG CAGGGC AGGGCC GGGCCC GGCCCC GCCCCA CCCCAC CCCACA CCACAT CACATT ACATTG CATTGG ATTGGG TTGGGC TGGGCA GGGCAC GGCACA GCACAG CACAGT ACAGTC CAGTCT AGTCTG GTCTGG TCTGGC CTGGCC TGGCCC GGCCCC GCCCCC CCCCCA CCCCAT CCCATG CCATGC CATGCC ATGCCT TGCCTA GCCTAA CCTAAG CTAAGC TAAGCA AAGCAG AGCAGG GCAGGG CAGGGC AGGGCT GGGCTT GGCTTC GCTTCT CTTCTC TTCTCT TCTCTC CTCTCC TCTCCC CTCCCT TCCCTG CCCTGG CCTGGA CTGGAA TGGAAC GGAACT GAACTC AACTCA ACTCAG CTCAGA TCAGAG CAGAGC AGAGCT	1	0	0.08370266109704971
GGCAGG GCAGGT CAGGTG AGGTGC GGTGCT GTGCTT TGCTTG GCTTGG CTTGGC TTGGCT TGGCTG GGCTGG GCTGGG CTGGGA TGGGAG GGGAGC GGAGCT GAGCTG AGCTGG GCTGGG CTGGGC TGGGCT GGGCTG GGCTGA GCTGAG CTGAGC TGAGCC GAGCCT AGCCTG GCCTGG CCTGGC CTGGCT TGGCTT GGCTTT GCTTTA CTTTAT TTTATA TTATAG TATAGT ATAGTG TAGTGT AGTGTT GTGTTC TGTTCC GTTCCT TTCCTG TCCTGC CCTGCT CTGCTG TGCTGG GCTGGG CTGGGC TGGGCA GGGCAT GGCATG GCATGC CATGCC ATGCCA TGCCAG GCCAGT CCAGTG CAGTGG AGTGGG GTGGGT TGGGTG GGGTGG GGTGGA GTGGAG TGGAGC GGAGCT GAGCTG AGCTGA GCTGAA CTGAAG TGAAGG GAAGGC AAGGCT AGGCTC GGCTCA GCTCAA CTCAAA TCAAAA CAAAAT AAAATG AAATGG AATGGC ATGGCA TGGCAA GGCAAG GCAAGG CAAGGG AAGGGA AGGGAG GGGAGG GGAGGC GAGGCT AGGCTG GGCTGC GCTGCA CTGCAC TGCACT GCACTT CACTTC ACTTCC CTTCCC TTCCCA TCCCAG CCCAGC CCAGCT CAGCTC AGCTCT GCTCTA CTCTAT TCTATT CTATTT TATTTG ATTTGG TTTGGA TTGGAA TGGAAA GGAAAT GAAATG AAATGG AATGGC ATGGCC TGGCCC GGCCCC GCCCCT CCCCTT CCCTTC CCTTCT CTTCTG TTCTGA TCTGAG CTGAGG TGAGGA GAGGAG AGGAGG GGAGGG GAGGGA AGGGAC GGGACT GGACTT GACTTG ACTTGG CTTGGG TTGGGG TGGGGC GGGGCT GGGCTT GGCTTT GCTTTC CTTTCC TTTCCC TTCCCT TCCCTA CCCTAA CCTAAG CTAAGG TAAGGC AAGGCT AGGCTC GGCTCT GCTCTG CTCTGC TCTGCA CTGCAC TGCACT GCACTG CACTGG ACTGGA CTGGAA TGGAAT GGAATA GAATAG AATAGA ATAGAT TAGATG AGATGA GATGAA ATGAAG TGAAGA GAAGAA AAGAAA AGAAAT GAAATC AAATCC AATCCA ATCCAA TCCAAG CCAAGA CAAGAG AAGAGC AGAGCG GAGCGA AGCGAC GCGACC CGACCC GACCCT ACCCTC CCCTCG CCTCGT CTCGTT TCGTTC CGTTCT GTTCTT TTCTTC TCTTCA CTTCAC TTCACA TCACAC CACACG ACACGA CACGAG ACGAGG CGAGGA GAGGAG AGGAGA GGAGAA GAGAAG AGAAGA GAAGAA AAGAAA AGAAAT GAAATG AAATGG AATGGA ATGGAC TGGACA GGACAC GACACG ACACGT CACGTG ACGTGA CGTGAT GTGATT TGATTG GATTGA ATTGAC TTGACC TGACCA GACCAT ACCATT CCATTA CATTAG ATTAGG TTAGGC TAGGCG AGGCGC GGCGCC GCGCCA CGCCAC GCCACC CCACCA CACCAG ACCAGG CCAGGG CAGGGC AGGGCC GGGCCA GGCCAA GCCAAA CCAAAC CAAACT AAACTA AACTAT ACTATC CTATCT TATCTT ATCTTA TCTTAT CTTATG TTATGG TATGGA ATGGAA TGGAAG GGAAGG GAAGGA AAGGAG AGGAGG GGAGGA GAGGAA AGGAAA GGAAAA GAAAAG AAAAGA AAAGAA AAGAAG AGAAGC GAAGCA AAGCAC AGCACA GCACAG CACAGA ACAGAA	1	0	0.07085979729890823
GTTGAA TTGAAG TGAAGA GAAGAA AAGAAG AGAAGC GAAGCA AAGCAA AGCAAT GCAATA CAATAC AATACT ATACTT TACTTC ACTTCT CTTCTC TTCTCG TCTCGA CTCGAT TCGATC CGATCC GATCCC ATCCCC TCCCCA CCCCAG CCCAGG CCAGGC CAGGCA AGGCAG GGCAGG GCAGGC CAGGCT AGGCTT GGCTTT GCTTTA CTTTAT TTTATA TTATAG TATAGT ATAGTG TAGTGC AGTGCA GTGCAG TGCAGC GCAGCA CAGCAC AGCACA GCACAC CACACA ACACAG CACAGG ACAGGT CAGGTA AGGTAA GGTAAG GTAAGA TAAGAG AAGAGG AGAGGG GAGGGT AGGGTG GGGTGA GGTGAA GTGAAA TGAAAG GAAAGG AAAGGG AAGGGC AGGGCA GGGCAG GGCAGG GCAGGA CAGGAT AGGATA GGATAG GATAGA ATAGAG TAGAGT AGAGTA GAGTAA AGTAAA GTAAAC TAAACT AAACTC AACTCT ACTCTG CTCTGG TCTGGG CTGGGC TGGGCA GGGCAA GGCAAT GCAATA CAATAT AATATC ATATCC TATCCA ATCCAG TCCAGG CCAGGT CAGGTT AGGTTT GGTTTC GTTTCG TTTCGG TTCGGT TCGGTG CGGTGC GGTGCA GTGCAG TGCAGC GCAGCT CAGCTG AGCTGG GCTGGA CTGGAG TGGAGA GGAGAA GAGAAA AGAAAG GAAAGA AAAGAT AAGATG AGATGC GATGCC ATGCCA TGCCAC GCCACA CCACAG CACAGG ACAGGG CAGGGT AGGGTG GGGTGA GGTGAG GTGAGT TGAGTC GAGTCG AGTCGA GTCGAG TCGAGG CGAGGG GAGGGC AGGGCA GGGCAA GGCAAC GCAACC CAACCA AACCAT ACCATA CCATAA CATAAG ATAAGT TAAGTC AAGTCA AGTCAC GTCACT TCACTT CACTTC ACTTCC CTTCCA TTCCAG TCCAGG CCAGGT CAGGTA AGGTAT GGTATC GTATCA TATCAG ATCAGG TCAGGG CAGGGC AGGGCC GGGCCA GGCCAG GCCAGC CCAGCT CAGCTC AGCTCG GCTCGT CTCGTT TCGTTC CGTTCC GTTCCA TTCCAC TCCACG CCACGG CACGGA ACGGAT CGGATT GGATTC GATTCC ATTCCT TTCCTC TCCTCA CCTCAG CTCAGA TCAGAG CAGAGG AGAGGA GAGGAA AGGAAA GGAAAT GAAATG AAATGT AATGTT ATGTTC TGTTCC GTTCCC TTCCCT TCCCTA CCCTAA CCTAAC CTAACC TAACCC AACCCC ACCCCA CCCCAC CCCACC CCACCC CACCCA ACCCAC CCCACA CCACAC CACACC ACACCC CACCCA ACCCAG CCCAGG CCAGGA CAGGAT AGGATT GGATTG GATTGT ATTGTC TTGTCA TGTCAC GTCACG TCACGC CACGCC ACGCCT CGCCTT GCCTTA CCTTAC CTTACT TTACTC TACTCA ACTCAC CTCACT TCACTC CACTCA ACTCAC CTCACA TCACAC CACACT ACACTC CACTCT ACTCTT CTCTTC TCTTCA CTTCAG TTCAGG TCAGGA CAGGAT AGGATT GGATTC GATTCC ATTCCA TTCCAG TCCAGG CCAGGC CAGGCT AGGCTG GGCTGA GCTGAA CTGAAC TGAACC GAACCA AACCAT ACCATG CCATGC CATGCG ATGCGG TGCGGA GCGGAG CGGAGG GGAGGC GAGGCC AGGCCA GGCCAA GCCAAA CCAAAG CAAAGA AAAGAG AAGAGG	1	0	0.07317044585943222
AGCCAG GCCAGG CCAGGC CAGGCC AGGCCA GGCCAA GCCAAG CCAAGC CAAGCT AAGCTG AGCTGG GCTGGA CTGGAC TGGACT GGACTG GACTGC ACTGCA CTGCAT TGCATA GCATAA CATAAA ATAAAG TAAAGA AAAGAT AAGATT AGATTG GATTGG ATTGGT TTGGTA TGGTAT GGTATG GTATGG TATGGC ATGGCC TGGCCT GGCCTT GCCTTA CCTTAG CTTAGC TTAGCT TAGCTC AGCTCT GCTCTT CTCTTA TCTTAG CTTAGC TTAGCC TAGCCA AGCCAA GCCAAA CCAAAC CAAACA AAACAC AACACC ACACCT CACCTT ACCTTC CCTTCC CTTCCT TTCCTG TCCTGA CCTGAC CTGACA TGACAC GACACC ACACCA CACCAT ACCATG CCATGA CATGAG ATGAGG TGAGGG GAGGGC AGGGCC GGGCCA GGCCAG GCCAGC CCAGCA CAGCAG AGCAGC GCAGCT CAGCTT AGCTTC GCTTCT CTTCTT TTCTTG TCTTGA CTTGAT TTGATC TGATCG GATCGT ATCGTG TCGTGG CGTGGT GTGGTG TGGTGG GGTGGT GTGGTG TGGTGT GGTGTT GTGTTC TGTTCC GTTCCT TTCCTC TCCTCA CCTCAT CTCATC TCATCG CATCGC ATCGCT TCGCTG CGCTGG GCTGGG CTGGGA TGGGAC GGGACG GGACGC GACGCT ACGCTG CGCTGG GCTGGT CTGGTT TGGTTC GGTTCT GTTCTA TTCTAG TCTAGA CTAGAG TAGAGG AGAGGC GAGGCA AGGCAG GGCAGC GCAGCT CAGCTG AGCTGT GCTGTC CTGTCA TGTCAC GTCACG TCACGG CACGGG ACGGGA CGGGAG GGGAGG GGAGGT GAGGTG AGGTGA GGTGAG GTGAGT TGAGTG GAGTGA AGTGAA GTGAAC TGAACA GAACAG AACAGG ACAGGT CAGGTG AGGTGA GGTGAC GTGACC TGACCT GACCTG ACCTGC CCTGCT CTGCTG TGCTGG GCTGGG CTGGGC TGGGCT GGGCTG GGCTGG GCTGGG CTGGGT TGGGTT GGGTTG GGTTGG GTTGGA TTGGAC TGGACT GGACTA GACTAA ACTAAG CTAAGG TAAGGG AAGGGG AGGGGA GGGGAG GGGAGA GGAGAC GAGACC AGACCC GACCCT ACCCTC CCCTCT CCTCTG CTCTGG TCTGGG CTGGGA TGGGAC GGGACA GGACAC GACACC ACACCC CACCCT ACCCTG CCCTGG CCTGGG CTGGGC TGGGCC GGGCCA GGCCAG GCCAGG CCAGGA CAGGAC AGGACA GGACAG GACAGG ACAGGG CAGGGA AGGGAG GGGAGC GGAGCA GAGCAC AGCACT GCACTT CACTTC ACTTCT CTTCTG TTCTGA TCTGAA CTGAAG TGAAGC GAAGCA AAGCAG AGCAGT GCAGTA CAGTAG AGTAGG GTAGGC TAGGCA AGGCAG GGCAGC GCAGCA CAGCAC AGCACT GCACTG CACTGG ACTGGA CTGGAG TGGAGC GGAGCC GAGCCC AGCCCA GCCCAG CCCAGA CCAGAT CAGATT AGATTT GATTTC ATTTCA TTTCAG TTCAGC TCAGCT CAGCTT AGCTTT GCTTTC CTTTCT TTTCTG TTCTGT TCTGTT CTGTTC TGTTCT GTTCTT TTCTTT TCTTTG CTTTGC TTTGCC TTGCCA TGCCAT GCCATC CCATCA CATCAT ATCATA TCATAT CATATT ATATTC TATTCA ATTCAG TTCAGA TCAGAA CAGAAA AGAAAA GAAAAA	1	0	0.11214594542980194
CACCCA ACCCAC CCCACT CCACTC CACTCA ACTCAA CTCAAG TCAAGG CAAGGA AAGGAA AGGAAC GGAACA GAACAT AACATA ACATAT CATATA ATATAA TATAAA ATAAAT TAAATG AAATGA AATGAA ATGAAG TGAAGA GAAGAG AAGAGA AGAGAT GAGATC AGATCC GATCCG ATCCGC TCCGCT CCGCTC CGCTCA GCTCAG CTCAGT TCAGTT CAGTTC AGTTCT GTTCTC TTCTCA TCTCAG CTCAGA TCAGAC CAGACA AGACAA GACAAG ACAAGA CAAGAT AAGATT AGATTT GATTTT ATTTTT TTTTTC TTTTCA TTTCAA TTCAAG TCAAGC CAAGCA AAGCAA AGCAAG GCAAGA CAAGAT AAGATG AGATGA GATGAA ATGAAG TGAAGT GAAGTC AAGTCC AGTCCA GTCCAT TCCATC CCATCA CATCAT ATCATC TCATCC CATCCT ATCCTC TCCTCT CCTCTT CTCTTT TCTTTG CTTTGT TTTGTC TTGTCC TGTCCT GTCCTT TCCTTT CCTTTC CTTTCC TTTCCC TTCCCT TCCCTG CCCTGC CCTGCT CTGCTC TGCTCC GCTCCT CTCCTT TCCTTA CCTTAT CTTATC TTATCT TATCTT ATCTTG TCTTGG CTTGGA TTGGAG TGGAGA GGAGAA GAGAAG AGAAGC GAAGCA AAGCAA AGCAAG GCAAGC CAAGCA AAGCAG AGCAGC GCAGCT CAGCTG AGCTGT GCTGTG CTGTGA TGTGAT GTGATG TGATGG GATGGG ATGGGA TGGGAC GGGACA GGACAA GACAAA ACAAAA CAAAAA AAAAAG AAAAGG AAAGGT AAGGTG AGGTGA GGTGAG GTGAGT TGAGTG GAGTGG AGTGGA GTGGAG TGGAGA GGAGAG GAGAGG AGAGGG GAGGGT AGGGTA GGGTAA GGTAAG GTAAGC TAAGCC AAGCCT AGCCTT GCCTTG CCTTGG CTTGGG TTGGGG TGGGGA GGGGAA GGGAAA GGAAAG GAAAGC AAAGCT AAGCTA AGCTAC GCTACT CTACTT TACTTT ACTTTA CTTTAA TTTAAA TTAAAA TAAAAA AAAAAA AAAAAA AAAAAT AAAATG AAATGG AATGGC ATGGCC TGGCCT GGCCTC GCCTCT CCTCTA CTCTAA TCTAAG CTAAGG TAAGGA AAGGAT AGGATA GGATAT GATATT ATATTC TATTCA ATTCAG TTCAGG TCAGGG CAGGGT AGGGTG GGGTGC GGTGCA GTGCAA TGCAAA GCAAAC CAAACA AAACAG AACAGT ACAGTA CAGTAA AGTAAC GTAACC TAACCT AACCTG ACCTGT CCTGTT CTGTTC TGTTCA GTTCAG TTCAGG TCAGGC CAGGCA AGGCAC GGCACA GCACAG CACAGA ACAGAT CAGATT AGATTC GATTCT ATTCTT TTCTTC TCTTCT CTTCTC TTCTCC TCTCCT CTCCTT TCCTTG CCTTGA CTTGAT TTGATG TGATGA GATGAG ATGAGA TGAGAA GAGAAT AGAATT GAATTG AATTGA ATTGAT TTGATT TGATTT GATTTT ATTTTT TTTTTC TTTTCT TTTCTC TTCTCC TCTCCA CTCCAC TCCACC CCACCC CACCCA ACCCAA CCCAAC CCAACG CAACGC AACGCT ACGCTG CGCTGT GCTGTA CTGTAG TGTAGG GTAGGC TAGGCT AGGCTT GGCTTT GCTTTT CTTTTG TTTTGG TTTGGA TTGGAA TGGAAA GGAAAT GAAATA AAATAT AATATC ATATCA TATCAG ATCAGA	1	0	0.06244470924139023
GGAGTG GAGTGA AGTGAC GTGACT TGACTC GACTCT ACTCTG CTCTGA TCTGAT CTGATG TGATGG GATGGC ATGGCC TGGCCA GGCCAA GCCAAT CCAATG CAATGC AATGCC ATGCCA TGCCAA GCCAAA CCAAAC CAAACC AAACCT AACCTC ACCTCA CCTCAC CTCACT TCACTA CACTAT ACTATT CTATTT TATTTA ATTTAT TTTATT TTATTC TATTCT ATTCTT TTCTTT TCTTTC CTTTCA TTTCAC TTCACC TCACCA CACCAG ACCAGT CCAGTG CAGTGG AGTGGG GTGGGT TGGGTG GGGTGT GGTGTG GTGTGG TGTGGC GTGGCC TGGCCC GGCCCC GCCCCA CCCCAC CCCACC CCACCA CACCAG ACCAGA CCAGAA CAGAAT AGAATT GAATTC AATTCT ATTCTT TTCTTT TCTTTC CTTTCG TTTCGG TTCGGC TCGGCC CGGCCT GGCCTC GCCTCT CCTCTC CTCTCC TCTCCC CTCCCA TCCCAG CCCAGC CCAGCT CAGCTA AGCTAC GCTACT CTACTA TACTAT ACTATT CTATTG TATTGC ATTGCA TTGCAT TGCATA GCATAA CATAAG ATAAGC TAAGCA AAGCAG AGCAGG GCAGGA CAGGAA AGGAAA GGAAAC GAAACG AAACGT AACGTA ACGTAG CGTAGC GTAGCC TAGCCA AGCCAG GCCAGA CCAGAG CAGAGA AGAGAC GAGACC AGACCA GACCAG ACCAGA CCAGAA CAGAAA AGAAAT GAAATC AAATCC AATCCT ATCCTG TCCTGA CCTGAC CTGACA TGACAC GACACC ACACCA CACCAA ACCAAG CCAAGG CAAGGA AAGGAG AGGAGA GGAGAT GAGATT AGATTG GATTGT ATTGTT TTGTTT TGTTTA GTTTAT TTTATC TTATCT TATCTT ATCTTT TCTTTC CTTTCC TTTCCT TTCCTA TCCTAT CCTATG CTATGC TATGCC ATGCCA TGCCAG GCCAGG CCAGGT CAGGTA AGGTAA GGTAAG GTAAGG TAAGGC AAGGCT AGGCTA GGCTAT GCTATG CTATGA TATGAG ATGAGG TGAGGC GAGGCC AGGCCA GGCCAA GCCAAC CCAACA CAACAC AACACA ACACAG CACAGC ACAGCA CAGCAA AGCAAC GCAACT CAACTA AACTAT ACTATC CTATCA TATCAG ATCAGA TCAGAA CAGAAA AGAAAA GAAAAG AAAAGA AAAGAA AAGAAA AGAAAG GAAAGG AAAGGG AAGGGA AGGGAA GGGAAG GGAAGA GAAGAG AAGAGA AGAGAT GAGATT AGATTG GATTGG ATTGGC TTGGCC TGGCCT GGCCTG GCCTGG CCTGGG CTGGGA TGGGAA GGGAAG GGAAGT GAAGTT AAGTTG AGTTGG GTTGGT TTGGTT TGGTTG GGTTGA GTTGAT TTGATT TGATTA GATTAA ATTAAA TTAAAG TAAAGA AAAGAG AAGAGG AGAGGC GAGGCC AGGCCA GGCCAT GCCATC CCATCT CATCTC ATCTCA TCTCAG CTCAGT TCAGTG CAGTGT AGTGTC GTGTCC TGTCCA GTCCAT TCCATC CCATCT CATCTG ATCTGA TCTGAG CTGAGC TGAGCC GAGCCC AGCCCT GCCCTA CCCTAA CCTAAA CTAAAC TAAACA AAACAT AACATC ACATCA CATCAC ATCACA TCACAA CACAAG ACAAGA CAAGAT AAGATC AGATCC GATCCC ATCCCA TCCCAG CCCAGG CCAGGC CAGGCC AGGCCA GGCCAT GCCATT	1	0	0.05059806630015373
AGATAA GATAAG ATAAGG TAAGGC AAGGCC AGGCCT GGCCTG GCCTGG CCTGGA CTGGAC TGGACA GGACAG GACAGG ACAGGA CAGGAT AGGATA GGATAT GATATA ATATAA TATAAC ATAACC TAACCC AACCCG ACCCGC CCCGCG CCGCGC CGCGCA GCGCAA CGCAAG GCAAGA CAAGAG AAGAGC AGAGCC GAGCCG AGCCGA GCCGAG CCGAGG CGAGGA GAGGAG AGGAGC GGAGCA GAGCAG AGCAGG GCAGGG CAGGGG AGGGGT GGGGTG GGGTGT GGTGTG GTGTGC TGTGCA GTGCAG TGCAGG GCAGGG CAGGGT AGGGTT GGGTTC GGTTCC GTTCCA TTCCAG TCCAGC CCAGCG CAGCGA AGCGAC GCGACA CGACAG GACAGC ACAGCA CAGCAG AGCAGC GCAGCA CAGCAC AGCACT GCACTG CACTGG ACTGGA CTGGAC TGGACT GGACTC GACTCG ACTCGT CTCGTC TCGTCC CGTCCA GTCCAG TCCAGA CCAGAG CAGAGG AGAGGG GAGGGC AGGGCG GGGCGG GGCGGC GCGGCG CGGCGG GGCGGG GCGGGT CGGGTG GGGTGA GGTGAG GTGAGC TGAGCG GAGCGG AGCGGC GCGGCT CGGCTG GGCTGG GCTGGG CTGGGG TGGGGC GGGGCC GGGCCC GGCCCC GCCCCG CCCCGT CCCGTG CCGTGG CGTGGA GTGGAG TGGAGC GGAGCC GAGCCA AGCCAC GCCACC CCACCA CACCAT ACCATG CCATGG CATGGA ATGGAC TGGACC GGACCC GACCCC ACCCCG CCCCGC CCCGCA CCGCAG CGCAGG GCAGGG CAGGGG AGGGGC GGGGCA GGGCAG GGCAGC GCAGCA CAGCAG AGCAGG GCAGGT CAGGTG AGGTGA GGTGAG GTGAGC TGAGCG GAGCGC AGCGCT GCGCTT CGCTTA GCTTAC CTTACC TTACCC TACCCT ACCCTC CCCTCC CCTCCC CTCCCG TCCCGA CCCGAG CCGAGG CGAGGC GAGGCC AGGCCC GGCCCC GCCCCG CCCCGG CCCGGA CCGGAG CGGAGA GGAGAC GAGACG AGACGC GACGCC ACGCCC CGCCCC GCCCCG CCCCGT CCCGTG CCGTGA CGTGAG GTGAGA TGAGAA GAGAAC AGAACT GAACTA AACTAC ACTACG CTACGA TACGAA ACGAAG CGAAGG GAAGGA AAGGAC AGGACC GGACCA GACCAC ACCACC CCACCC CACCCC ACCCCC CCCCCC CCCCCC CCCCCA CCCCAC CCCACC CCACCC CACCCC ACCCCC CCCCCT CCCCTC CCCTCC CCTCCC CTCCCC TCCCCA CCCCAC CCCACT CCACTA CACTAT ACTATA CTATAC TATACA ATACAA TACAAA ACAAAT CAAATA AAATAG AATAGG ATAGGA TAGGAA AGGAAA GGAAAA GAAAAC AAAACT AAACTA AACTAA ACTAAG CTAAGC TAAGCC AAGCCC AGCCCC GCCCCA CCCCAA CCCAAG CCAAGG CAAGGA AAGGAG AGGAGG GGAGGC GAGGCA AGGCAG GGCAGC GCAGCC CAGCCC AGCCCG GCCCGC CCCGCC CCGCCG CGCCGA GCCGAA CCGAAC CGAACT GAACTG AACTGC ACTGCA CTGCAA TGCAAA GCAAAA CAAAAG AAAAGC AAAGCA AAGCAG AGCAGG GCAGGA CAGGAT AGGATT GGATTA GATTAG ATTAGA TTAGAA TAGAAC AGAACC GAACCT AACCTA ACCTAG CCTAGG CTAGGG TAGGGC	1	0	0.24753762781620026
CTGCGG TGCGGC GCGGCG CGGCGA GGCGAG GCGAGT CGAGTG GAGTGG AGTGGC GTGGCC TGGCCC GGCCCC GCCCCG CCCCGG CCCGGG CCGGGC CGGGCG GGGCGG GGCGGG GCGGGC CGGGCG GGGCGC GGCGCG GCGCGC CGCGCC GCGCCA CGCCAC GCCACC CCACCC CACCCA ACCCAT CCCATC CCATCT CATCTT ATCTTA TCTTAT CTTATA TTATAG TATAGG ATAGGC TAGGCG AGGCGG GGCGGC GCGGCC CGGCCT GGCCTA GCCTAC CCTACC CTACCG TACCGG ACCGGC CCGGCC CGGCCC GGCCCC GCCCCG CCCCGC CCCGCC CCGCCC CGCCCC GCCCCG CCCCGG CCCGGC CCGGCC CGGCCC GGCCCG GCCCGC CCCGCC CCGCCC CGCCCC GCCCCC CCCCCG CCCCGC CCCGCC CCGCCC CGCCCC GCCCCG CCCCGC CCCGCC CCGCCG CGCCGC GCCGCC CCGCCC CGCCCG GCCCGC CCCGCA CCGCAC CGCACC GCACCC CACCCC ACCCCG CCCCGC CCCGCC CCGCCC CGCCCG GCCCGG CCCGGA CCGGAA CGGAAT GGAATT GAATTC AATTCC ATTCCC TTCCCC TCCCCA CCCCAG CCCAGT CCAGTG CAGTGG AGTGGA GTGGAA TGGAAG GGAAGC GAAGCG AAGCGA AGCGAG GCGAGG CGAGGC GAGGCC AGGCCT GGCCTG GCCTGC CCTGCG CTGCGG TGCGGG GCGGGG CGGGGC GGGGCA GGGCAC GGCACT GCACTG CACTGC ACTGCG CTGCGC TGCGCC GCGCCC CGCCCG GCCCGC CCCGCC CCGCCC CGCCCG GCCCGC CCCGCG CCGCGG CGCGGA GCGGAG CGGAGT GGAGTT GAGTTG AGTTGG GTTGGA TTGGAA TGGAAA GGAAAC GAAACC AAACCC AACCCC ACCCCA CCCCAA CCCAAG CCAAGG CAAGGG AAGGGA AGGGAC GGGACC GGACCC GACCCG ACCCGC CCCGCC CCGCCC CGCCCT GCCCTG CCCTGC CCTGCC CTGCCC TGCCCG GCCCGA CCCGAG CCGAGC CGAGCC GAGCCC AGCCCG GCCCGC CCCGCC CCGCCG CGCCGG GCCGGC CCGGCT CGGCTC GGCTCC GCTCCT CTCCTA TCCTAC CCTACT CTACTC TACTCA ACTCAA CTCAAC TCAACC CAACCC AACCCC ACCCCT CCCCTA CCCTAG CCTAGT CTAGTC TAGTCC AGTCCT GTCCTA TCCTAC CCTACC CTACCC TACCCT ACCCTC CCCTCC CCTCCG CTCCGG TCCGGG CCGGGA CGGGAG GGGAGC GGAGCT GAGCTC AGCTCC GCTCCA CTCCAA TCCAAC CCAACT CAACTC AACTCC ACTCCC CTCCCT TCCCTT CCCTTT CCTTTA CTTTAT TTTATT TTATTT TATTTA ATTTAT TTTATT TTATTT TATTTG ATTTGA TTTGAC TTGACC TGACCC GACCCA ACCCAC CCCACT CCACTG CACTGC ACTGCC CTGCCA TGCCAG GCCAGG CCAGGC CAGGCA AGGCAG GGCAGG GCAGGT CAGGTC AGGTCC GGTCCC GTCCCC TCCCCA CCCCAG CCCAGA CCAGAG CAGAGA AGAGAT GAGATC AGATCA GATCAC ATCACT TCACTG CACTGC ACTGCG CTGCGG TGCGGC GCGGCT CGGCTA GGCTAA GCTAAC CTAACC TAACCC AACCCC ACCCCA CCCCAT CCCATT CCATTT CATTTT ATTTTA TTTTAT TTTATA TTATAG	1	0	0.21539923548698425
CCCCCT CCCCTC CCCTCC CCTCCC CTCCCG TCCCGC CCCGCG CCGCGC CGCGCG GCGCGC CGCGCG GCGCGC CGCGCG GCGCGG CGCGGT GCGGTT CGGTTA GGTTAA GTTAAA TTAAAT TAAATC AAATCC AATCCC ATCCCC TCCCCG CCCCGC CCCGCA CCGCAC CGCACC GCACCT CACCTG ACCTGA CCTGAG CTGAGC TGAGCA GAGCAT AGCATC GCATCG CATCGG ATCGGC TCGGCT CGGCTC GGCTCA GCTCAC CTCACA TCACAC CACACC ACACCT CACCTG ACCTGC CCTGCA CTGCAC TGCACC GCACCC CACCCC ACCCCG CCCCGC CCCGCC CCGCCC CGCCCG GCCCGG CCCGGG CCGGGC CGGGCA GGGCAT GGCATA GCATAG CATAGC ATAGCA TAGCAC AGCACC GCACCA CACCAT ACCATG CCATGC CATGCC ATGCCT TGCCTG GCCTGC CCTGCT CTGCTT TGCTTG GCTTGT CTTGTC TTGTCG TGTCGC GTCGCC TCGCCT CGCCTA GCCTAG CCTAGG CTAGGC TAGGCC AGGCCC GGCCCG GCCCGC CCCGCT CCGCTA CGCTAG GCTAGC CTAGCC TAGCCG AGCCGC GCCGCC CCGCCG CGCCGC GCCGCC CCGCCC CGCCCT GCCCTC CCCTCC CCTCCT CTCCTC TCCTCC CCTCCT CTCCTC TCCTCA CCTCAG CTCAGC TCAGCC CAGCCT AGCCTG GCCTGC CCTGCT CTGCTG TGCTGC GCTGCT CTGCTG TGCTGT GCTGTT CTGTTC TGTTCG GTTCGG TTCGGC TCGGCT CGGCTT GGCTTC GCTTCA CTTCAC TTCACC TCACCC CACCCT ACCCTA CCCTAG CCTAGT CTAGTC TAGTCT AGTCTC GTCTCA TCTCAG CTCAGG TCAGGT CAGGTG AGGTGA GGTGAG GTGAGT TGAGTG GAGTGG AGTGGG GTGGGG TGGGGC GGGGCG GGGCGG GGCGGG GCGGGG CGGGGA GGGGAG GGGAGA GGAGAG GAGAGG AGAGGC GAGGCC AGGCCC GGCCCG GCCCGG CCCGGC CCGGCG CGGCGC GGCGCC GCGCCT CGCCTA GCCTAG CCTAGA CTAGAG TAGAGG AGAGGG GAGGGG AGGGGC GGGGCC GGGCCG GGCCGA GCCGAG CCGAGC CGAGCC GAGCCA AGCCAC GCCACG CCACGA CACGAG ACGAGC CGAGCG GAGCGC AGCGCC GCGCCA CGCCAG GCCAGG CCAGGA CAGGAT AGGATG GGATGG GATGGA ATGGAG TGGAGC GGAGCC GAGCCA AGCCAG GCCAGG CCAGGC CAGGCG AGGCGG GGCGGA GCGGAG CGGAGG GGAGGC GAGGCG AGGCGT GGCGTA GCGTAG CGTAGC GTAGCC TAGCCT AGCCTC GCCTCT CCTCTG CTCTGG TCTGGA CTGGAG TGGAGG GGAGGC GAGGCT AGGCTG GGCTGG GCTGGG CTGGGG TGGGGA GGGGAA GGGAAG GGAAGT GAAGTG AAGTGG AGTGGG GTGGGA TGGGAA GGGAAT GGAATT GAATTC AATTCC ATTCCG TTCCGG TCCGGG CCGGGG CGGGGG GGGGGC GGGGCG GGGCGG GGCGGA GCGGAA CGGAAG GGAAGT GAAGTG AAGTGG AGTGGC GTGGCG TGGCGG GGCGGG GCGGGG CGGGGA GGGGAC GGGACC GGACCC GACCCT ACCCTT CCCTTG CCTTGG CTTGGA TTGGAG TGGAGC GGAGCC GAGCCT AGCCTA GCCTAG CCTAGG CTAGGG TAGGGT AGGGTG	1	0	0.39271411299705505
TCAAGT CAAGTA AAGTAT AGTATC GTATCA TATCAA ATCAAG TCAAGC CAAGCC AAGCCC AGCCCA GCCCAA CCCAAA CCAAAA CAAAAT AAAATA AAATAT AATATA ATATAA TATAAC ATAACA TAACAT AACATC ACATCA CATCAG ATCAGG TCAGGT CAGGTG AGGTGA GGTGAT GTGATA TGATAC GATACC ATACCA TACCAC ACCACA CCACAA CACAAC ACAACT CAACTA AACTAT ACTATC CTATCC TATCCT ATCCTG TCCTGC CCTGCC CTGCCT TGCCTG GCCTGC CCTGCT CTGCTG TGCTGC GCTGCT CTGCTT TGCTTG GCTTGC CTTGCT TTGCTG TGCTGC GCTGCA CTGCAC TGCACC GCACCA CACCAT ACCATG CCATGA CATGAA ATGAAG TGAAGT GAAGTC AAGTCT AGTCTG GTCTGC TCTGCC CTGCCA TGCCAA GCCAAG CCAAGC CAAGCT AAGCTG AGCTGG GCTGGG CTGGGA TGGGAT GGGATT GGATTT GATTTC ATTTCT TTTCTT TTCTTC TCTTCT CTTCTA TTCTAA TCTAAG CTAAGA TAAGAT AAGATT AGATTC GATTCT ATTCTT TTCTTC TCTTCA CTTCAT TTCATC TCATCT CATCTT ATCTTC TCTTCT CTTCTG TTCTGC TCTGCT CTGCTC TGCTCA GCTCAT CTCATT TCATTG CATTGA ATTGAA TTGAAT TGAATA GAATAC AATACC ATACCC TACCCT ACCCTG CCCTGT CCTGTT CTGTTA TGTTAT GTTATT TTATTG TATTGG ATTGGG TTGGGT TGGGTG GGGTGG GGTGGT GTGGTG TGGTGT GGTGTT GTGTTA TGTTAA GTTAAT TTAATA TAATAA AATAAA ATAAAA TAAAAT AAAATT AAATTG AATTGC ATTGCG TTGCGG TGCGGA GCGGAG CGGAGA GGAGAA GAGAAG AGAAGA GAAGAT AAGATA AGATAT GATATG ATATGT TATGTG ATGTGG TGTGGA GTGGAG TGGAGA GGAGAC GAGACC AGACCT GACCTC ACCTCA CCTCAA CTCAAA TCAAAG CAAAGG AAAGGT AAGGTA AGGTAT GGTATG GTATGA TATGAA ATGAAG TGAAGC GAAGCT AAGCTA AGCTAA GCTAAG CTAAGG TAAGGC AAGGCA AGGCAG GGCAGA GCAGAA CAGAAA AGAAAA GAAAAT AAAATA AAATAA AATAAA ATAAAT TAAATC AAATCC AATCCA ATCCAA TCCAAA CCAAAG CAAAGG AAAGGT AAGGTC AGGTCA GGTCAA GTCAAT TCAATT CAATTA AATTAT ATTATG TTATGA TATGAA ATGAAT TGAATG GAATGA AATGAG ATGAGA TGAGAG GAGAGA AGAGAG GAGAGA AGAGAA GAGAAG AGAAGG GAAGGT AAGGTA AGGTAT GGTATT GTATTG TATTGG ATTGGG TTGGGA TGGGAG GGGAGA GGAGAA GAGAAA AGAAAA GAAAAG AAAAGT AAAGTG AAGTGT AGTGTG GTGTGT TGTGTT GTGTTA TGTTAT GTTATC TTATCT TATCTA ATCTAG TCTAGG CTAGGT TAGGTA AGGTAG GGTAGT GTAGTC TAGTCC AGTCCA GTCCAG TCCAGG CCAGGA CAGGAA AGGAAG GGAAGG GAAGGT AAGGTC AGGTCT GGTCTT GTCTTC TCTTCC CTTCCT TTCCTT TCCTTT CCTTTC CTTTCA TTTCAT TTCATG TCATGA CATGAC ATGACA TGACAA GACAAT ACAATA CAATAC AATACC	1	0	0.03169173374772072
CCCTTC CCTTCC CTTCCT TTCCTC TCCTCC CCTCCT CTCCTG TCCTGC CCTGCC CTGCCG TGCCGT GCCGTG CCGTGC CGTGCC GTGCCA TGCCAG GCCAGA CCAGAA CAGAAG AGAAGG GAAGGC AAGGCA AGGCAG GGCAGG GCAGGG CAGGGT AGGGTC GGGTCG GGTCGG GTCGGG TCGGGA CGGGAC GGGACT GGACTT GACTTT ACTTTT CTTTTA TTTTAA TTTAAG TTAAGG TAAGGC AAGGCA AGGCAG GGCAGG GCAGGA CAGGAA AGGAAA GGAAAC GAAACT AAACTT AACTTC ACTTCC CTTCCT TTCCTC TCCTCA CCTCAG CTCAGT TCAGTT CAGTTC AGTTCC GTTCCT TTCCTC TCCTCT CCTCTT CTCTTT TCTTTT CTTTTG TTTTGT TTTGTG TTGTGG TGTGGA GTGGAG TGGAGG GGAGGA GAGGAG AGGAGG GGAGGC GAGGCC AGGCCT GGCCTT GCCTTA CCTTAC CTTACA TTACAA TACAAC ACAACT CAACTA AACTAT ACTATC CTATCG TATCGT ATCGTC TCGTCC CGTCCC GTCCCA TCCCAC CCCACC CCACCC CACCCC ACCCCA CCCCAA CCCAAG CCAAGG CAAGGC AAGGCG AGGCGG GGCGGG GCGGGA CGGGAG GGGAGA GGAGAG GAGAGA AGAGAT GAGATG AGATGG GATGGT ATGGTG TGGTGA GGTGAC GTGACG TGACGG GACGGA ACGGAT CGGATC GGATCT GATCTG ATCTGA TCTGAG CTGAGA TGAGAA GAGAAG AGAAGC GAAGCA AAGCAG AGCAGG GCAGGG CAGGGA AGGGAT GGGATG GGATGT GATGTC ATGTCC TGTCCA GTCCAG TCCAGG CCAGGT CAGGTT AGGTTT GGTTTA GTTTAA TTTAAC TTAACT TAACTT AACTTC ACTTCA CTTCAT TTCATA TCATAC CATACC ATACCC TACCCA ACCCAC CCCACC CCACCC CACCCT ACCCTC CCCTCC CCTCCA CTCCAC TCCACC CCACCT CACCTC ACCTCC CCTCCA CTCCAC TCCACC CCACCC CACCCC ACCCCA CCCCAC CCCACC CCACCC CACCCC ACCCCA CCCCAG CCCAGT CCAGTG CAGTGT AGTGTC GTGTCA TGTCAC GTCACA TCACAG CACAGG ACAGGC CAGGCC AGGCCG GGCCGC GCCGCA CCGCAG CGCAGT GCAGTG CAGTGA AGTGAC GTGACA TGACAT GACATT ACATTT CATTTG ATTTGT TTTGTT TTGTTC TGTTCC GTTCCG TTCCGT TCCGTT CCGTTG CGTTGG GTTGGT TTGGTC TGGTCC GGTCCC GTCCCC TCCCCA CCCCAC CCCACA CCACAG CACAGA ACAGAA CAGAAC AGAACC GAACCC AACCCT ACCCTT CCCTTG CCTTGG CTTGGA TTGGAA TGGAAC GGAACA GAACAT AACATA ACATAA CATAAT ATAATG TAATGA AATGAT ATGATA TGATAA GATAAA ATAAAG TAAAGC AAAGCA AAGCAC AGCACC GCACCG CACCGG ACCGGC CCGGCA CGGCAG GGCAGG GCAGGT CAGGTG AGGTGC GGTGCA GTGCAG TGCAGC GCAGCG CAGCGG AGCGGA GCGGAG CGGAGG GGAGGG GAGGGG AGGGGC GGGGCC GGGCCG GGCCGC GCCGCC CCGCCG CGCCGC GCCGCT CCGCTC CGCTCA GCTCAC CTCACA TCACAG CACAGA ACAGAT CAGATG AGATGA GATGAC ATGACA TGACAA GACAAC	1	0	0.11936244368553162
CACCCA ACCCAA CCCAAA CCAAAG CAAAGA AAAGAT AAGATG AGATGA GATGAC ATGACC TGACCT GACCTG ACCTGG CCTGGC CTGGCC TGGCCT GGCCTG GCCTGC CCTGCT CTGCTC TGCTCT GCTCTA CTCTAG TCTAGC CTAGCC TAGCCC AGCCCC GCCCCC CCCCCG CCCCGG CCCGGG CCGGGA CGGGAT GGGATT GGATTT GATTTG ATTTGT TTTGTA TTGTAG TGTAGG GTAGGG TAGGGG AGGGGC GGGGCA GGGCAC GGCACC GCACCC CACCCT ACCCTC CCCTCC CCTCCC CTCCCC TCCCCT CCCCTC CCCTCC CCTCCC CTCCCA TCCCAC CCCACC CCACCT CACCTC ACCTCC CCTCCC CTCCCT TCCCTG CCCTGC CCTGCT CTGCTC TGCTCC GCTCCC CTCCCC TCCCCA CCCCAG CCCAGC CCAGCA CAGCAC AGCACT GCACTG CACTGG ACTGGA CTGGAG TGGAGA GGAGAC GAGACC AGACCC GACCCT ACCCTG CCCTGC CCTGCC CTGCCC TGCCCA GCCCAA CCCAAT CCAATC CAATCA AATCAG ATCAGA TCAGAT CAGATC AGATCC GATCCT ATCCTG TCCTGG CCTGGG CTGGGG TGGGGT GGGGTC GGGTCA GGTCAG GTCAGC TCAGCG CAGCGA AGCGAG GCGAGT CGAGTC GAGTCC AGTCCC GTCCCA TCCCAC CCCACC CCACCC CACCCC ACCCCT CCCCTC CCCTCC CCTCCC CTCCCA TCCCAC CCCACA CCACAG CACAGT ACAGTC CAGTCT AGTCTG GTCTGA TCTGAA CTGAAC TGAACC GAACCC AACCCA ACCCAT CCCATT CCATTA CATTAC ATTACC TTACCT TACCTA ACCTAA CCTAAT CTAATT TAATTT AATTTA ATTTAG TTTAGC TTAGCC TAGCCA AGCCAA GCCAAG CCAAGG CAAGGG AAGGGC AGGGCC GGGCCC GGCCCT GCCCTT CCCTTG CCTTGC CTTGCA TTGCAG TGCAGA GCAGAG CAGAGA AGAGAA GAGAAA AGAAAT GAAATT AAATTT AATTTA ATTTAA TTTAAG TTAAGC TAAGCC AAGCCT AGCCTC GCCTCC CCTCCA CTCCAA TCCAAG CCAAGC CAAGCA AAGCAG AGCAGG GCAGGT CAGGTG AGGTGG GGTGGC GTGGCA TGGCAG GGCAGG GCAGGC CAGGCC AGGCCT GGCCTT GCCTTG CCTTGA CTTGAC TTGACG TGACGT GACGTC ACGTCC CGTCCT GTCCTA TCCTAG CCTAGA CTAGAT TAGATT AGATTC GATTCT ATTCTT TTCTTG TCTTGT CTTGTG TTGTGA TGTGAG GTGAGG TGAGGA GAGGAA AGGAAG GGAAGG GAAGGC AAGGCC AGGCCT GGCCTG GCCTGC CCTGCC CTGCCC TGCCCT GCCCTG CCCTGT CCTGTT CTGTTC TGTTCC GTTCCA TTCCAC TCCACT CCACTG CACTGC ACTGCC CTGCCT TGCCTT GCCTTG CCTTGG CTTGGA TTGGAG TGGAGT GGAGTC GAGTCC AGTCCC GTCCCC TCCCCC CCCCCC CCCCCG CCCCGA CCCGAC CCGACC CGACCG GACCGA ACCGAG CCGAGG CGAGGA GAGGAA AGGAAG GGAAGC GAAGCA AAGCAC AGCACA GCACAC CACACT ACACTG CACTGG ACTGGC CTGGCT TGGCTC GGCTCC GCTCCA CTCCAA TCCAAG CCAAGA CAAGAT AAGATG AGATGG GATGGT ATGGTA TGGTAA GGTAAG	1	0	0.07595527172088623
CGGGGT GGGGTC GGGTCT GGTCTG GTCTGG TCTGGC CTGGCG TGGCGG GGCGGG GCGGGC CGGGCA GGGCAG GGCAGG GCAGGG CAGGGT AGGGTT GGGTTG GGTTGT GTTGTT TTGTTC TGTTCC GTTCCA TTCCAG TCCAGC CCAGCC CAGCCG AGCCGC GCCGCC CCGCCT CGCCTT GCCTTT CCTTTA CTTTAT TTTATA TTATAA TATAAA ATAAAG TAAAGC AAAGCC AAGCCG AGCCGG GCCGGC CCGGCC CGGCCT GGCCTC GCCTCC CCTCCC CTCCCC TCCCCG CCCCGA CCCGAC CCGACC CGACCC GACCCC ACCCCT CCCCTC CCCTCC CCTCCT CTCCTC TCCTCC CCTCCT CTCCTC TCCTCT CCTCTC CTCTCT TCTCTG CTCTGC TCTGCA CTGCAG TGCAGC GCAGCT CAGCTC AGCTCT GCTCTC CTCTCC TCTCCC CTCCCC TCCCCT CCCCTC CCCTCC CCTCCT CTCCTC TCCTCC CCTCCC CTCCCT TCCCTT CCCTTG CCTTGG CTTGGG TTGGGG TGGGGG GGGGGC GGGGCT GGGCTG GGCTGG GCTGGG CTGGGA TGGGAG GGGAGG GGAGGG GAGGGG AGGGGA GGGGAC GGGACG GGACGG GACGGG ACGGGG CGGGGC GGGGCG GGGCGG GGCGGG GCGGGA CGGGAC GGGACG GGACGC GACGCT ACGCTG CGCTGG GCTGGC CTGGCA TGGCAG GGCAGC GCAGCC CAGCCG AGCCGG GCCGGG CCGGGA CGGGAG GGGAGA GGAGAG GAGAGT AGAGTG GAGTGG AGTGGA GTGGAA TGGAAA GGAAAA GAAAAG AAAAGG AAAGGC AAGGCT AGGCTG GGCTGC GCTGCA CTGCAC TGCACA GCACAG CACAGA ACAGAG CAGAGC AGAGCC GAGCCC AGCCCC GCCCCG CCCCGT CCCGTG CCGTGA CGTGAC GTGACA TGACAA GACAAG ACAAGC CAAGCC AAGCCC AGCCCG GCCCGG CCCGGC CCGGCC CGGCCG GGCCGC GCCGCT CCGCTG CGCTGT GCTGTC CTGTCT TGTCTG GTCTGG TCTGGA CTGGAC TGGACA GGACAA GACAAG ACAAGT CAAGTG AAGTGG AGTGGG GTGGGA TGGGAG GGGAGA GGAGAC GAGACC AGACCC GACCCA ACCCAA CCCAAG CCAAGC CAAGCC AAGCCC AGCCCA GCCCAG CCCAGG CCAGGG CAGGGA AGGGAG GGGAGA GGAGAG GAGAGG AGAGGG GAGGGA AGGGAA GGGAAG GGAAGG GAAGGA AAGGAA AGGAAA GGAAAT GAAATG AAATGC AATGCA ATGCAG TGCAGG GCAGGA CAGGAG AGGAGC GGAGCC GAGCCG AGCCGG GCCGGC CCGGCC CGGCCC GGCCCA GCCCAC CCCACT CCACTC CACTCA ACTCAG CTCAGC TCAGCC CAGCCC AGCCCC GCCCCA CCCCAA CCCAAC CCAACA CAACAA AACAAT ACAATC CAATCC AATCCC ATCCCA TCCCAC CCCACT CCACTT CACTTT ACTTTG CTTTGC TTTGCT TTGCTG TGCTGG GCTGGG CTGGGA TGGGAC GGGACC GGACCT GACCTT ACCTTG CCTTGG CTTGGT TTGGTT TGGTTC GGTTCA GTTCAA TTCAAA TCAAAT CAAATT AAATTA AATTAC ATTACA TTACAA TACAAT ACAATT CAATTA AATTAT ATTATC TTATCC TATCCA ATCCAT TCCATG CCATGT CATGTC ATGTCT TGTCTT GTCTTC TCTTCC CTTCCT	1	0	0.16550113260746002
CAGCAG AGCAGG GCAGGA CAGGAA AGGAAG GGAAGT GAAGTG AAGTGC AGTGCC GTGCCG TGCCGA GCCGAA CCGAAC CGAACA GAACAA AACAAG ACAAGA CAAGAG AAGAGG AGAGGG GAGGGA AGGGAA GGGAAA GGAAAA GAAAAG AAAAGC AAAGCC AAGCCC AGCCCC GCCCCT CCCCTT CCCTTA CCTTAT CTTATA TTATAA TATAAA ATAAAA TAAAAC AAAACC AAACCA AACCAT ACCATC CCATCA CATCAG ATCAGA TCAGAT CAGATC AGATCT GATCTC ATCTCG TCTCGT CTCGTG TCGTGA CGTGAG GTGAGA TGAGAA GAGAAC AGAACT GAACTC AACTCA ACTCAC CTCACT TCACTC CACTCG ACTCGC CTCGCT TCGCTA CGCTAT GCTATC CTATCA TATCAC ATCACG TCACGA CACGAG ACGAGA CGAGAA GAGAAC AGAACA GAACAG AACAGC ACAGCA CAGCAC AGCACG GCACGG CACGGA ACGGAG CGGAGG GGAGGT GAGGTA AGGTAG GGTAGC GTAGCC TAGCCG AGCCGC GCCGCC CCGCCC CGCCCC GCCCCG CCCCGA CCCGAG CCGAGG CGAGGA GAGGAT AGGATT GGATTA GATTAA ATTAAA TTAAAT TAAATT AAATTA AATTAC ATTACC TTACCT TACCTC ACCTCC CCTCCC CTCCCA TCCCAC CCCACT CCACTG CACTGG ACTGGG CTGGGT TGGGTC GGGTCC GGTCCC GTCCCT TCCCTC CCCTCC CCTCCC CTCCCA TCCCAT CCCATG CCATGT CATGTC ATGTCA TGTCAC GTCACG TCACGT CACGTG ACGTGG CGTGGG GTGGGG TGGGGA GGGGAT GGGATT GGATTA GATTAC ATTACG TTACGG TACGGG ACGGGA CGGGAA GGGAAC GGAACA GAACAA AACAAT ACAATT CAATTC AATTCA ATTCAA TTCAAG TCAAGA CAAGAT AAGATG AGATGA GATGAG ATGAGA TGAGAT GAGATT AGATTT GATTTG ATTTGG TTTGGA TTGGAT TGGATG GGATGG GATGGG ATGGGG TGGGGA GGGGAC GGGACA GGACAC GACACA ACACAG CACAGC ACAGCC CAGCCA AGCCAA GCCAAA CCAAAC CAAACC AAACCC AACCCT ACCCTA CCCTAT CCTATC CTATCA TATCAA ATCAAC TCAACT CAACTA AACTAG ACTAGG CTAGGG TAGGGA AGGGAT GGGATT GGATTT GATTTG ATTTGT TTTGTT TTGTTG TGTTGA GTTGAC TTGACT TGACTT GACTTA ACTTAA CTTAAT TTAATG TAATGC AATGCA ATGCAC TGCACA GCACAC CACACG ACACGA CACGAG ACGAGC CGAGCC GAGCCA AGCCAA GCCAAC CCAACC CAACCA AACCAT ACCATA CCATAC CATACC ATACCC TACCCC ACCCCA CCCCAA CCCAAC CCAACA CAACAA AACAAA ACAAAG CAAAGC AAAGCA AAGCAG AGCAGG GCAGGT CAGGTA AGGTAC GGTACT GTACTA TACTAG ACTAGC CTAGCC TAGCCT AGCCTT GCCTTA CCTTAT CTTATA TTATAG TATAGT ATAGTA TAGTAC AGTACA GTACAC TACACG ACACGT CACGTG ACGTGA CGTGAG GTGAGG TGAGGA GAGGAA AGGAAA GGAAAC GAAACT AAACTG AACTGA ACTGAG CTGAGG TGAGGA GAGGAA AGGAAT GGAATG GAATGA AATGAG ATGAGG TGAGGC	1	0	0.15374647080898285
GGCGTG GCGTGG CGTGGC GTGGCC TGGCCT GGCCTC GCCTCG CCTCGG CTCGGG TCGGGA CGGGAC GGGACT GGACTA GACTAC ACTACA CTACAT TACATA ACATAT CATATC ATATCC TATCCC ATCCCA TCCCAG CCCAGT CCAGTG CAGTGG AGTGGC GTGGCC TGGCCC GGCCCC GCCCCC CCCCCG CCCCGT CCCGTG CCGTGC CGTGCG GTGCGG TGCGGC GCGGCG CGGCGA GGCGAC GCGACT CGACTT GACTTT ACTTTA CTTTAG TTTAGC TTAGCT TAGCTG AGCTGC GCTGCT CTGCTG TGCTGC GCTGCT CTGCTG TGCTGT GCTGTC CTGTCT TGTCTC GTCTCA TCTCAG CTCAGC TCAGCC CAGCCG AGCCGC GCCGCT CCGCTC CGCTCC GCTCCA CTCCAC TCCACA CCACAG CACAGC ACAGCG CAGCGA AGCGAC GCGACG CGACGG GACGGC ACGGCA CGGCAG GGCAGC GCAGCG CAGCGG AGCGGC GCGGCT CGGCTG GGCTGC GCTGCG CTGCGG TGCGGC GCGGCT CGGCTT GGCTTA GCTTAG CTTAGT TTAGTC TAGTCG AGTCGG GTCGGT TCGGTG CGGTGG GGTGGC GTGGCG TGGCGG GGCGGC GCGGCC CGGCCG GGCCGG GCCGGC CCGGCG CGGCGG GGCGGC GCGGCG CGGCGG GGCGGC GCGGCT CGGCTG GGCTGC GCTGCG CTGCGG TGCGGG GCGGGC CGGGCT GGGCTG GGCTGA GCTGAG CTGAGC TGAGCG GAGCGG AGCGGC GCGGCG CGGCGA GGCGAG GCGAGT CGAGTT GAGTTT AGTTTC GTTTCC TTTCCG TTCCGA TCCGAT CCGATT CGATTT GATTTA ATTTAA TTTAAA TTAAAG TAAAGC AAAGCT AAGCTG AGCTGA GCTGAG CTGAGC TGAGCT GAGCTG AGCTGC GCTGCG CTGCGA TGCGAG GCGAGG CGAGGA GAGGAA AGGAAA GGAAAA GAAAAT AAAATG AAATGG AATGGC ATGGCG TGGCGG GGCGGC GCGGCG CGGCGG GGCGGG GCGGGA CGGGAG GGGAGG GGAGGT GAGGTG AGGTGA GGTGAG GTGAGT TGAGTG GAGTGG AGTGGA GTGGAG TGGAGA GGAGAT GAGATA AGATAA GATAAA ATAAAG TAAAGG AAAGGA AAGGAG AGGAGG GGAGGA GAGGAG AGGAGG GGAGGC GAGGCG AGGCGG GGCGGT GCGGTG CGGTGG GGTGGC GTGGCG TGGCGG GGCGGG GCGGGC CGGGCG GGGCGA GGCGAG GCGAGG CGAGGG GAGGGG AGGGGG GGGGGT GGGGTG GGGTGG GGTGGA GTGGAG TGGAGT GGAGTG GAGTGC AGTGCG GTGCGA TGCGAG GCGAGG CGAGGC GAGGCG AGGCGG GGCGGA GCGGAG CGGAGG GGAGGG GAGGGA AGGGAA GGGAAG GGAAGA GAAGAG AAGAGG AGAGGG GAGGGG AGGGGC GGGGCG GGGCGA GGCGAG GCGAGT CGAGTT GAGTTC AGTTCC GTTCCC TTCCCC TCCCCA CCCCAG CCCAGG CCAGGC CAGGCT AGGCTG GGCTGC GCTGCG CTGCGA TGCGAG GCGAGA CGAGAG GAGAGC AGAGCC GAGCCA AGCCAG GCCAGC CCAGCG CAGCGG AGCGGC GCGGCT CGGCTT GGCTTC GCTTCA CTTCAG TTCAGA TCAGAT CAGATC AGATCT GATCTG ATCTGC TCTGCC CTGCCA TGCCAA GCCAAG CCAAGG CAAGGC AAGGCA AGGCAC GGCACT	1	1	0.5415554046630859
TGGGGA GGGGAA GGGAAC GGAACT GAACTG AACTGC ACTGCA CTGCAG TGCAGC GCAGCC CAGCCA AGCCAG GCCAGC CCAGCT CAGCTG AGCTGC GCTGCT CTGCTG TGCTGG GCTGGC CTGGCC TGGCCA GGCCAC GCCACA CCACAC CACACA ACACAG CACAGG ACAGGA CAGGAG AGGAGC GGAGCT GAGCTC AGCTCT GCTCTT CTCTTT TCTTTA CTTTAT TTTATC TTATCC TATCCC ATCCCC TCCCCC CCCCCA CCCCAC CCCACC CCACCA CACCAA ACCAAC CCAACT CAACTC AACTCA ACTCAC CTCACC TCACCT CACCTC ACCTCC CCTCCC CTCCCT TCCCTG CCCTGG CCTGGG CTGGGA TGGGAT GGGATC GGATCT GATCTA ATCTAC TCTACC CTACCC TACCCA ACCCAG CCCAGG CCAGGA CAGGAC AGGACC GGACCT GACCTG ACCTGC CCTGCC CTGCCT TGCCTT GCCTTC CCTTCT CTTCTT TTCTTG TCTTGA CTTGAG TTGAGT TGAGTA GAGTAA AGTAAC GTAACA TAACAG AACAGG ACAGGA CAGGAT AGGATG GGATGT GATGTG ATGTGA TGTGAC GTGACC TGACCC GACCCT ACCCTA CCCTAT CCTATG CTATGT TATGTC ATGTCA TGTCAC GTCACC TCACCA CACCAG ACCAGG CCAGGG CAGGGC AGGGCA GGGCAC GGCACT GCACTT CACTTG ACTTGC CTTGCT TTGCTG TGCTGC GCTGCC CTGCCC TGCCCA GCCCAT CCCATT CCATTG CATTGA ATTGAA TTGAAA TGAAAG GAAAGT AAAGTC AAGTCC AGTCCT GTCCTC TCCTCA CCTCAT CTCATG TCATGA CATGAG ATGAGT TGAGTC GAGTCA AGTCAT GTCATT TCATTC CATTCT ATTCTC TTCTCC TCTCCA CTCCAA TCCAAG CCAAGG CAAGGT AAGGTT AGGTTC GGTTCC GTTCCA TTCCAA TCCAAG CCAAGG CAAGGG AAGGGA AGGGAA GGGAAA GGAAAA GAAAAA AAAAAA AAAAAA AAAAAA AAAAAC AAAACT AAACTC AACTCC ACTCCT CTCCTA TCCTAG CCTAGA CTAGAT TAGATA AGATAG GATAGG ATAGGG TAGGGG AGGGGC GGGGCC GGGCCC GGCCCA GCCCAT CCCATC CCATCC CATCCC ATCCCA TCCCAG CCCAGA CCAGAA CAGAAA AGAAAG GAAAGA AAAGAA AAGAAA AGAAAT GAAATA AAATAA AATAAA ATAAAA TAAAAC AAAACA AAACAC AACACT ACACTG CACTGG ACTGGC CTGGCC TGGCCC GGCCCA GCCCAG CCCAGG CCAGGG CAGGGC AGGGCC GGGCCG GGCCGA GCCGAG CCGAGA CGAGAC GAGACT AGACTT GACTTT ACTTTC CTTTCA TTTCAG TTCAGA TCAGAG CAGAGA AGAGAA GAGAAA AGAAAC GAAACC AAACCA AACCAG ACCAGC CCAGCT CAGCTG AGCTGG GCTGGC CTGGCC TGGCCT GGCCTG GCCTGC CCTGCT CTGCTT TGCTTG GCTTGT CTTGTG TTGTGA TGTGAG GTGAGT TGAGTG GAGTGG AGTGGG GTGGGA TGGGAG GGGAGG GGAGGT GAGGTT AGGTTG GGTTGC GTTGCG TTGCGG TGCGGG GCGGGG CGGGGG GGGGGG GGGGGT GGGGTC GGGTCA GGTCAC GTCACC TCACCT CACCTT ACCTTG CCTTGA CTTGAA TTGAAC TGAACC GAACCG AACCGA	1	0	0.03636135533452034
CCACCA CACCAC ACCACC CCACCC CACCCC ACCCCC CCCCCC CCCCCC CCCCCG CCCCGG CCCGGA CCGGAG CGGAGT GGAGTA GAGTAC AGTACT GTACTT TACTTA ACTTAA CTTAAG TTAAGG TAAGGG AAGGGA AGGGAG GGGAGT GGAGTT GAGTTG AGTTGG GTTGGC TTGGCG TGGCGG GGCGGC GCGGCG CGGCGC GGCGCT GCGCTG CGCTGC GCTGCT CTGCTG TGCTGC GCTGCA CTGCAT TGCATT GCATTC CATTCA ATTCAT TTCATT TCATTG CATTGC ATTGCG TTGCGC TGCGCC GCGCCG CGCCGC GCCGCG CCGCGG CGCGGC GCGGCA CGGCAC GGCACG GCACGG CACGGC ACGGCC CGGCCT GGCCTA GCCTAG CCTAGC CTAGCG TAGCGA AGCGAG GCGAGT CGAGTG GAGTGG AGTGGT GTGGTT TGGTTC GGTTCT GTTCTT TTCTTC TCTTCT CTTCTG TTCTGC TCTGCG CTGCGC TGCGCT GCGCTA CGCTAC GCTACT CTACTG TACTGC ACTGCT CTGCTG TGCTGC GCTGCG CTGCGC TGCGCG GCGCGA CGCGAA GCGAAT CGAATC GAATCG AATCGG ATCGGC TCGGCG CGGCGA GGCGAC GCGACC CGACCC GACCCC ACCCCA CCCCAG CCCAGT CCAGTG CAGTGC AGTGCC GTGCCT TGCCTC GCCTCG CCTCGA CTCGAC TCGACC CGACCA GACCAC ACCACT CCACTA CACTAT ACTATG CTATGC TATGCC ATGCCG TGCCGC GCCGCG CCGCGC CGCGCT GCGCTC CGCTCT GCTCTT CTCTTT TCTTTC CTTTCC TTTCCT TTCCTC TCCTCG CCTCGT CTCGTC TCGTCA CGTCAG GTCAGG TCAGGA CAGGAA AGGAAG GGAAGC GAAGCC AAGCCC AGCCCT GCCCTC CCCTCC CCTCCG CTCCGA TCCGAC CCGACC CGACCC GACCCC ACCCCA CCCCAA CCCAAT CCAATC CAATCG AATCGG ATCGGA TCGGAA CGGAAG GGAAGC GAAGCC AAGCCT AGCCTA GCCTAA CCTAAC CTAACT TAACTA AACTAC ACTACA CTACAG TACAGC ACAGCG CAGCGA AGCGAG GCGAGC CGAGCT GAGCTG AGCTGC GCTGCA CTGCAG TGCAGG GCAGGA CAGGAC AGGACT GGACTC GACTCT ACTCTA CTCTAA TCTAAT CTAATC TAATCC AATCCA ATCCAG TCCAGG CCAGGT CAGGTG AGGTGC GGTGCG GTGCGT TGCGTT GCGTTG CGTTGG GTTGGA TTGGAG TGGAGG GGAGGG GAGGGG AGGGGT GGGGTT GGGTTC GGTTCT GTTCTG TTCTGG TCTGGG CTGGGC TGGGCT GGGCTC GGCTCC GCTCCA CTCCAG TCCAGG CCAGGA CAGGAG AGGAGG GGAGGT GAGGTT AGGTTT GGTTTG GTTTGG TTTGGG TTGGGG TGGGGG GGGGGA GGGGAG GGGAGA GGAGAC GAGACA AGACAG GACAGG ACAGGC CAGGCG AGGCGA GGCGAA GCGAAG CGAAGG GAAGGC AAGGCT AGGCTG GGCTGC GCTGCG CTGCGT TGCGTG GCGTGG CGTGGG GTGGGG TGGGGG GGGGGG GGGGGC GGGGCA GGGCAC GGCACC GCACCT CACCTG ACCTGA CCTGAG CTGAGG TGAGGG GAGGGA AGGGAG GGGAGG GGAGGC GAGGCG AGGCGG GGCGGC GCGGCC CGGCCT GGCCTG GCCTGC CCTGCC CTGCCT TGCCTG GCCTGA	1	0	0.3646574318408966
AGAGGC GAGGCA AGGCAA GGCAAC GCAACG CAACGC AACGCG ACGCGA CGCGAC GCGACT CGACTT GACTTC ACTTCC CTTCCT TTCCTT TCCTTC CCTTCC CTTCCC TTCCCC TCCCCG CCCCGC CCCGCG CCGCGC CGCGCT GCGCTC CGCTCC GCTCCG CTCCGT TCCGTG CCGTGT CGTGTT GTGTTT TGTTTA GTTTAT TTTATA TTATAG TATAGG ATAGGC TAGGCT AGGCTT GGCTTT GCTTTC CTTTCA TTTCAA TTCAAT TCAATG CAATGC AATGCA ATGCAG TGCAGT GCAGTA CAGTAA AGTAAA GTAAAA TAAAAT AAAATA AAATAA AATAAC ATAACG TAACGG AACGGG ACGGGA CGGGAT GGGATT GGATTC GATTCC ATTCCC TTCCCT TCCCTC CCCTCA CCTCAC CTCACT TCACTG CACTGT ACTGTT CTGTTT TGTTTC GTTTCC TTTCCT TTCCTC TCCTCC CCTCCT CTCCTG TCCTGT CCTGTT CTGTTT TGTTTA GTTTAT TTTATC TTATCC TATCCA ATCCAG TCCAGC CCAGCG CAGCGC AGCGCC GCGCCA CGCCAT GCCATG CCATGG CATGGA ATGGAA TGGAAA GGAAAC GAAACC AAACCA AACCAC ACCACT CCACTG CACTGG ACTGGA CTGGAT TGGATC GGATCC GATCCC ATCCCG TCCCGT CCCGTC CCGTCC CGTCCA GTCCAT TCCATC CCATCT CATCTC ATCTCC TCTCCA CTCCAA TCCAAA CCAAAA CAAAAC AAAACT AAACTA AACTAA ACTAAG CTAAGG TAAGGG AAGGGC AGGGCT GGGCTT GGCTTT GCTTTC CTTTCC TTTCCT TTCCTG TCCTGC CCTGCA CTGCAA TGCAAA GCAAAC CAAACT AAACTT AACTTC ACTTCA CTTCAC TTCACA TCACAC CACACT ACACTC CACTCA ACTCAG CTCAGG TCAGGA CAGGAA AGGAAT GGAATC GAATCC AATCCA ATCCAT TCCATG CCATGA CATGAC ATGACG TGACGT GACGTC ACGTCG CGTCGC GTCGCC TCGCCT CGCCTC GCCTCC CCTCCT CTCCTC TCCTCC CCTCCG CTCCGC TCCGCG CCGCGG CGCGGC GCGGCC CGGCCA GGCCAG GCCAGC CCAGCC CAGCCA AGCCAG GCCAGC CCAGCT CAGCTC AGCTCC GCTCCG CTCCGT TCCGTG CCGTGG CGTGGC GTGGCT TGGCTC GGCTCC GCTCCT CTCCTT TCCTTC CCTTCG CTTCGG TTCGGC TCGGCC CGGCCG GGCCGC GCCGCC CCGCCA CGCCAG GCCAGC CCAGCA CAGCAC AGCACA GCACAA CACAAG ACAAGT CAAGTC AAGTCC AGTCCC GTCCCT TCCCTG CCCTGA CCTGAT CTGATT TGATTG GATTGT ATTGTT TTGTTC TGTTCG GTTCGG TTCGGG TCGGGA CGGGAG GGGAGA GGAGAA GAGAAA AGAAAA GAAAAG AAAAGT AAAGTC AAGTCT AGTCTG GTCTGG TCTGGG CTGGGA TGGGAG GGGAGA GGAGAG GAGAGG AGAGGG GAGGGA AGGGAG GGGAGC GGAGCG GAGCGA AGCGAA GCGAAG CGAAGC GAAGCG AAGCGG AGCGGG GCGGGC CGGGCG GGGCGA GGCGAC GCGACG CGACGG GACGGC ACGGCG CGGCGA GGCGAG GCGAGA CGAGAA GAGAAG AGAAGA GAAGAA AAGAAG AGAAGG GAAGGG AAGGGG AGGGGG GGGGGT GGGGTG GGGTGG GGTGGG	1	0	0.26623016595840454
GTCCCA TCCCAG CCCAGT CCAGTA CAGTAA AGTAAT GTAATT TAATTA AATTAT ATTATT TTATTA TATTAT ATTATT TTATTA TATTAT ATTATC TTATCA TATCAA ATCAAT TCAATA CAATAA AATAAT ATAATG TAATGC AATGCA ATGCAT TGCATT GCATTG CATTGC ATTGCG TTGCGA TGCGAT GCGATT CGATTT GATTTA ATTTAT TTTATC TTATCA TATCAT ATCATG TCATGA CATGAG ATGAGC TGAGCC GAGCCC AGCCCT GCCCTG CCCTGA CCTGAC CTGACA TGACAG GACAGC ACAGCT CAGCTG AGCTGA GCTGAT CTGATT TGATTG GATTGG ATTGGC TTGGCC TGGCCT GGCCTG GCCTGG CCTGGG CTGGGT TGGGTC GGGTCC GGTCCA GTCCAA TCCAAG CCAAGA CAAGAC AAGACC AGACCT GACCTC ACCTCA CCTCAG CTCAGA TCAGAG CAGAGA AGAGAT GAGATC AGATCA GATCAT ATCATT TCATTT CATTTA ATTTAA TTTAAA TTAAAT TAAATA AAATAA AATAAG ATAAGC TAAGCC AAGCCC AGCCCT GCCCTC CCCTCA CCTCAT CTCATT TCATTG CATTGA ATTGAT TTGATC TGATCA GATCAG ATCAGG TCAGGG CAGGGA AGGGAG GGGAGG GGAGGG GAGGGG AGGGGT GGGGTG GGGTGA GGTGAG GTGAGG TGAGGC GAGGCA AGGCAT GGCATT GCATTC CATTCT ATTCTG TTCTGG TCTGGG CTGGGC TGGGCT GGGCTT GGCTTT GCTTTG CTTTGT TTTGTA TTGTAG TGTAGT GTAGTC TAGTCC AGTCCG GTCCGG TCCGGG CCGGGC CGGGCC GGGCCT GGCCTA GCCTAC CCTACT CTACTT TACTTG ACTTGT CTTGTG TTGTGA TGTGAC GTGACA TGACAA GACAAA ACAAAG CAAAGG AAAGGC AAGGCG AGGCGT GGCGTG GCGTGT CGTGTT GTGTTC TGTTCA GTTCAT TTCATC TCATCA CATCAG ATCAGG TCAGGG CAGGGG AGGGGA GGGGAG GGGAGC GGAGCG GAGCGC AGCGCA GCGCAG CGCAGC GCAGCT CAGCTA AGCTAA GCTAAT CTAATT TAATTA AATTAG ATTAGC TTAGCA TAGCAT AGCATC GCATCC CATCCG ATCCGG TCCGGG CCGGGC CGGGCT GGGCTC GGCTCA GCTCAG CTCAGA TCAGAT CAGATT AGATTG GATTGG ATTGGC TTGGCT TGGCTG GGCTGG GCTGGG CTGGGG TGGGGC GGGGCG GGGCGG GGCGGG GCGGGG CGGGGA GGGGAC GGGACG GGACGA GACGAA ACGAAA CGAAAT GAAATC AAATCA AATCAG ATCAGA TCAGAG CAGAGG AGAGGG GAGGGG AGGGGG GGGGGA GGGGAC GGGACC GGACCC GACCCA ACCCAT CCCATC CCATCC CATCCT ATCCTT TCCTTG CCTTGC CTTGCT TTGCTC TGCTCC GCTCCA CTCCAG TCCAGC CCAGCT CAGCTA AGCTAT GCTATC CTATCT TATCTC ATCTCA TCTCAG CTCAGT TCAGTC CAGTCC AGTCCT GTCCTT TCCTTG CCTTGG CTTGGA TTGGAG TGGAGA GGAGAG GAGAGG AGAGGA GAGGAA AGGAAA GGAAAA GAAAAG AAAAGA AAAGAA AAGAAA AGAAAA GAAAAT AAAATG AAATGG AATGGG ATGGGG TGGGGA GGGGAG GGGAGA GGAGAA GAGAAA AGAAAT GAAATG AAATGC	1	0	0.13537178933620453
GAAGAA AAGAAT AGAATG GAATGA AATGAG ATGAGT TGAGTG GAGTGC AGTGCG GTGCGA TGCGAG GCGAGC CGAGCT GAGCTG AGCTGG GCTGGG CTGGGG TGGGGA GGGGAA GGGAAA GGAAAT GAAATG AAATGC AATGCC ATGCCA TGCCAG GCCAGA CCAGAT CAGATG AGATGC GATGCT ATGCTT TGCTTA GCTTAT CTTATA TTATAA TATAAA ATAAAA TAAAAC AAAACC AAACCA AACCAT ACCATC CCATCA CATCAG ATCAGA TCAGAT CAGATC AGATCT GATCTC ATCTCG TCTCGC CTCGCG TCGCGA CGCGAG GCGAGA CGAGAC GAGACT AGACTC GACTCA ACTCAC CTCACT TCACTC CACTCA ACTCAG CTCAGT TCAGTA CAGTAT AGTATC GTATCA TATCAC ATCACG TCACGA CACGAG ACGAGA CGAGAA GAGAAC AGAACA GAACAG AACAGC ACAGCG CAGCGT AGCGTG GCGTGG CGTGGA GTGGAG TGGAGG GGAGGA GAGGAA AGGAAC GGAACC GAACCC AACCCG ACCCGC CCCGCC CCGCCC CGCCCC GCCCCC CCCCCA CCCCAT CCCATG CCATGA CATGAT ATGATC TGATCC GATCCA ATCCAA TCCAAT CCAATT CAATTA AATTAC ATTACC TTACCT TACCTC ACCTCC CCTCCA CTCCAC TCCACC CCACCT CACCTG ACCTGG CCTGGT CTGGTC TGGTCC GGTCCC GTCCCA TCCCAT CCCATC CCATCC CATCCT ATCCTT TCCTTG CCTTGA CTTGAC TTGACG TGACGT GACGTG ACGTGG CGTGGG GTGGGG TGGGGA GGGGAT GGGATT GGATTA GATTAT ATTATG TTATGA TATGAG ATGAGG TGAGGA GAGGAT AGGATT GGATTA GATTAC ATTACA TTACAA TACAAT ACAATT CAATTC AATTCA ATTCAA TTCAAG TCAAGG CAAGGT AAGGTA AGGTAA GGTAAG GTAAGA TAAGAT AAGATT AGATTT GATTTT ATTTTA TTTTAC TTTACG TTACGT TACGTA ACGTAG CGTAGA GTAGAG TAGAGA AGAGAC GAGACA AGACAC GACACA ACACAA CACAAC ACAACC CAACCA AACCAA ACCAAA CCAAAC CAAACT AAACTA AACTAT ACTATA CTATAT TATATC ATATCA TATCAT ATCATT TCATTG CATTGC ATTGCT TTGCTT TGCTTA GCTTAT CTTATA TTATAT TATATT ATATTT TATTTA ATTTAT TTTATT TTATTT TATTTT ATTTTG TTTTGG TTTGGG TTGGGA TGGGAA GGGAAA GGAAAT GAAATA AAATAG AATAGA ATAGAA TAGAAA AGAAAG GAAAGG AAAGGA AAGGAG AGGAGA GGAGAT GAGATT AGATTT GATTTT ATTTTG TTTTGG TTTGGA TTGGAC TGGACT GGACTC GACTCA ACTCAT CTCATG TCATGT CATGTA ATGTAT TGTATT GTATTC TATTCA ATTCAA TTCAAC TCAACA CAACAG AACAGA ACAGAA CAGAAT AGAATT GAATTA AATTAA ATTAAA TTAAAG TAAAGT AAAGTT AAGTTA AGTTAA GTTAAA TTAAAT TAAATG AAATGC AATGCA ATGCAG TGCAGT GCAGTC CAGTCA AGTCAT GTCATA TCATAA CATAAT ATAATT TAATTT AATTTT ATTTTC TTTTCA TTTCAG TTCAGT TCAGTT CAGTTG AGTTGC GTTGCA TTGCAT TGCATT GCATTT	1	0	0.1522524505853653
CCCCTC CCCTCC CCTCCC CTCCCC TCCCCC CCCCCT CCCCTC CCCTCC CCTCCC CTCCCG TCCCGT CCCGTT CCGTTA CGTTAA GTTAAT TTAATT TAATTA AATTAA ATTAAA TTAAAT TAAATA AAATAA AATAAA ATAAAC TAAACG AAACGC AACGCT ACGCTG CGCTGG GCTGGA CTGGAA TGGAAG GGAAGC GAAGCG AAGCGT AGCGTG GCGTGT CGTGTG GTGTGT TGTGTT GTGTTT TGTTTA GTTTAC TTTACC TTACCG TACCGC ACCGCA CCGCAC CGCACA GCACAC CACACG ACACGA CACGAC ACGACT CGACTC GACTCG ACTCGG CTCGGC TCGGCC CGGCCC GGCCCT GCCCTC CCCTCG CCTCGG CTCGGG TCGGGG CGGGGA GGGGAA GGGAAC GGAACT GAACTC AACTCT ACTCTT CTCTTT TCTTTT CTTTTT TTTTTC TTTTCT TTTCTA TTCTAC TCTACG CTACGT TACGTC ACGTCT CGTCTC GTCTCT TCTCTC CTCTCC TCTCCT CTCCTA TCCTAC CCTACT CTACTC TACTCT ACTCTT CTCTTA TCTTAA CTTAAA TTAAAC TAAACT AAACTC AACTCC ACTCCT CTCCTC TCCTCA CCTCAA CTCAAC TCAACT CAACTC AACTCA ACTCAC CTCACA TCACAG CACAGA ACAGAG CAGAGG AGAGGG GAGGGT AGGGTT GGGTTG GGTTGG GTTGGA TTGGAG TGGAGA GGAGAG GAGAGC AGAGCT GAGCTG AGCTGG GCTGGC CTGGCA TGGCAC GGCACC GCACCA CACCAT ACCATG CCATGA CATGAG ATGAGC TGAGCT GAGCTT AGCTTC GCTTCC CTTCCA TTCCAG TCCAGT CCAGTT CAGTTC AGTTCC GTTCCT TTCCTA TCCTAC CCTACG CTACGG TACGGG ACGGGT CGGGTG GGGTGA GGTGAG GTGAGA TGAGAA GAGAAA AGAAAA GAAAAG AAAAGA AAAGAG AAGAGG AGAGGT GAGGTG AGGTGT GGTGTC GTGTCT TGTCTG GTCTGT TCTGTG CTGTGT TGTGTG GTGTGG TGTGGA GTGGAG TGGAGG GGAGGG GAGGGC AGGGCA GGGCAG GGCAGG GCAGGT CAGGTG AGGTGC GGTGCG GTGCGA TGCGAC GCGACC CGACCC GACCCC ACCCCG CCCCGG CCCGGG CCGGGG CGGGGG GGGGGC GGGGCT GGGCTA GGCTAG GCTAGC CTAGCA TAGCAG AGCAGA GCAGAG CAGAGA AGAGAG GAGAGG AGAGGA GAGGAG AGGAGA GGAGAG GAGAGG AGAGGC GAGGCT AGGCTG GGCTGC GCTGCG CTGCGG TGCGGG GCGGGA CGGGAG GGGAGG GGAGGA GAGGAC AGGACT GGACTC GACTCG ACTCGC CTCGCT TCGCTG CGCTGC GCTGCG CTGCGA TGCGAA GCGAAG CGAAGG GAAGGG AAGGGC AGGGCG GGGCGA GGCGAG GCGAGG CGAGGG GAGGGG AGGGGT GGGGTG GGGTGG GGTGGC GTGGCG TGGCGC GGCGCT GCGCTG CGCTGG GCTGGG CTGGGT TGGGTG GGGTGG GGTGGG GTGGGA TGGGAC GGGACG GGACGG GACGGG ACGGGC CGGGCG GGGCGC GGCGCC GCGCCT CGCCTG GCCTGG CCTGGG CTGGGG TGGGGC GGGGCC GGGCCG GGCCGT GCCGTG CCGTGC CGTGCA GTGCAG TGCAGG GCAGGG CAGGGT AGGGTG GGGTGG GGTGGC GTGGCT TGGCTC GGCTCC GCTCCT	1	0	0.1732773631811142
TGGGTG GGGTGG GGTGGG GTGGGG TGGGGC GGGGCC GGGCCA GGCCAG GCCAGA CCAGAT CAGATA AGATAA GATAAG ATAAGA TAAGAG AAGAGA AGAGAA GAGAAT AGAATA GAATAA AATAAA ATAAAA TAAAAG AAAAGC AAAGCA AAGCAG AGCAGG GCAGGC CAGGCT AGGCTG GGCTGC GCTGCC CTGCCG TGCCGG GCCGGA CCGGAG CGGAGC GGAGCT GAGCTA AGCTAG GCTAGT CTAGTA TAGTAG AGTAGT GTAGTG TAGTGG AGTGGC GTGGCA TGGCAA GGCAAT GCAATC CAATCT AATCTG ATCTGC TCTGCT CTGCTC TGCTCG GCTCGG CTCGGG TCGGGG CGGGGC GGGGCA GGGCAC GGCACC GCACCT CACCTT ACCTTC CCTTCC CTTCCA TTCCAC TCCACG CCACGG CACGGT ACGGTG CGGTGT GGTGTG GTGTGG TGTGGG GTGGGA TGGGAG GGGAGG GGAGGT GAGGTT AGGTTT GGTTTG GTTTGT TTTGTT TTGTTC TGTTCT GTTCTT TTCTTT TCTTTC CTTTCG TTTCGC TTCGCT TCGCTT CGCTTT GCTTTT CTTTTT TTTTTG TTTTGG TTTGGG TTGGGA TGGGAC GGGACC GGACCA GACCAC ACCACG CCACGT CACGTC ACGTCG CGTCGT GTCGTC TCGTCT CGTCTT GTCTTT TCTTTA CTTTAT TTTATG TTATGA TATGAG ATGAGC TGAGCT GAGCTG AGCTGT GCTGTA CTGTAA TGTAAC GTAACA TAACAC AACACT ACACTC CACTCA ACTCAC CTCACC TCACCG CACCGC ACCGCA CCGCAA CGCAAA GCAAAG CAAAGG AAAGGT AAGGTC AGGTCT GGTCTG GTCTGC TCTGCA CTGCAG TGCAGC GCAGCT CAGCTT AGCTTT GCTTTA CTTTAC TTTACT TTACTC TACTCC ACTCCT CTCCTG TCCTGA CCTGAA CTGAAG TGAAGC GAAGCC AAGCCA AGCCAG GCCAGC CCAGCG CAGCGA AGCGAG GCGAGA CGAGAC GAGACC AGACCA GACCAC ACCACG CCACGA CACGAG ACGAGC CGAGCC GAGCCC AGCCCG GCCCGC CCCGCC CCGCCG CGCCGG GCCGGG CCGGGA CGGGAG GGGAGG GGAGGA GAGGAA AGGAAG GGAAGG GAAGGA AAGGAA AGGAAC GGAACA GAACAA AACAAC ACAACT CAACTC AACTCC ACTCCA CTCCAG TCCAGA CCAGAT CAGATG AGATGC GATGCG ATGCGT TGCGTC GCGTCG CGTCGC GTCGCC TCGCCT CGCCTT GCCTTA CCTTAA CTTAAG TTAAGA TAAGAG AAGAGC AGAGCT GAGCTG AGCTGT GCTGTA CTGTAA TGTAAC GTAACA TAACAC AACACT ACACTC CACTCA ACTCAC CTCACT TCACTG CACTGC ACTGCC CTGCCC TGCCCG GCCCGA CCCGAA CCGAAG CGAAGG GAAGGT AAGGTC AGGTCT GGTCTG GTCTGC TCTGCA CTGCAG TGCAGC GCAGCT CAGCTT AGCTTC GCTTCG CTTCGC TTCGCT TCGCTT CGCTTC GCTTCT CTTCTG TTCTGA TCTGAG CTGAGC TGAGCC GAGCCA AGCCAG GCCAGC CCAGCG CAGCGA AGCGAG GCGAGG CGAGGC GAGGCC AGGCCA GGCCAT GCCATA CCATAA CATAAA ATAAAC TAAACC AAACCA AACCAC ACCACC CCACCA CACCAG ACCAGA CCAGAA CAGAAG AGAAGG GAAGGA AAGGAA	1	0	0.21158412098884583
AGCTGG GCTGGC CTGGCG TGGCGG GGCGGG GCGGGG CGGGGG GGGGGC GGGGCG GGGCGG GGCGGC GCGGCA CGGCAG GGCAGG GCAGGC CAGGCT AGGCTA GGCTAC GCTACA CTACAA TACAAA ACAAAG CAAAGC AAAGCC AAGCCC AGCCCG GCCCGG CCCGGG CCGGGG CGGGGG GGGGGC GGGGCG GGGCGG GGCGGT GCGGTG CGGTGC GGTGCC GTGCCG TGCCGG GCCGGG CCGGGG CGGGGC GGGGCG GGGCGC GGCGCA GCGCAG CGCAGA GCAGAG CAGAGT AGAGTC GAGTCC AGTCCC GTCCCC TCCCCG CCCCGC CCCGCA CCGCAG CGCAGC GCAGCG CAGCGC AGCGCC GCGCCG CGCCGG GCCGGT CCGGTC CGGTCG GGTCGG GTCGGG TCGGGA CGGGAG GGGAGC GGAGCG GAGCGC AGCGCA GCGCAG CGCAGC GCAGCG CAGCGC AGCGCG GCGCGG CGCGGC GCGGCG CGGCGC GGCGCA GCGCAC CGCACG GCACGT CACGTC ACGTCG CGTCGG GTCGGC TCGGCG CGGCGC GGCGCG GCGCGC CGCGCA GCGCAC CGCACG GCACGG CACGGC ACGGCG CGGCGG GGCGGG GCGGGA CGGGAC GGGACG GGACGG GACGGG ACGGGC CGGGCG GGGCGC GGCGCC GCGCCG CGCCGG GCCGGA CCGGAG CGGAGT GGAGTG GAGTGG AGTGGT GTGGTC TGGTCG GGTCGG GTCGGG TCGGGC CGGGCC GGGCCT GGCCTG GCCTGG CCTGGC CTGGCG TGGCGG GGCGGC GCGGCT CGGCTG GGCTGG GCTGGA CTGGAC TGGACG GGACGG GACGGG ACGGGC CGGGCG GGGCGC GGCGCC GCGCCC CGCCCC GCCCCT CCCCTC CCCTCG CCTCGC CTCGCT TCGCTG CGCTGC GCTGCC CTGCCC TGCCCC GCCCCG CCCCGC CCCGCG CCGCGC CGCGCG GCGCGC CGCGCT GCGCTC CGCTCC GCTCCC CTCCCC TCCCCG CCCCGC CCCGCC CCGCCG CGCCGC GCCGCC CCGCCC CGCCCC GCCCCC CCCCCC CCCCCA CCCCAT CCCATG CCATGA CATGAG ATGAGC TGAGCG GAGCGC AGCGCA GCGCAG CGCAGC GCAGCC CAGCCC AGCCCC GCCCCG CCCCGC CCCGCG CCGCGC CGCGCG GCGCGG CGCGGC GCGGCC CGGCCC GGCCCG GCCCGG CCCGGG CCGGGT CGGGTC GGGTCC GGTCCG GTCCGT TCCGTA CCGTAG CGTAGG GTAGGC TAGGCG AGGCGG GGCGGC GCGGCG CGGCGG GGCGGG GCGGGG CGGGGC GGGGCG GGGCGC GGCGCC GCGCCC CGCCCC GCCCCC CCCCCC CCCCCA CCCCAT CCCATG CCATGC CATGCT ATGCTG TGCTGC GCTGCT CTGCTG TGCTGC GCTGCA CTGCAG TGCAGC GCAGCC CAGCCC AGCCCG GCCCGC CCCGCG CCGCGC CGCGCC GCGCCG CGCCGT GCCGTG CCGTGC CGTGCG GTGCGC TGCGCC GCGCCC CGCCCC GCCCCG CCCCGA CCCGAG CCGAGC CGAGCG GAGCGC AGCGCG GCGCGG CGCGGG GCGGGC CGGGCT GGGCTT GGCTTC GCTTCC CTTCCC TTCCCG TCCCGC CCCGCG CCGCGG CGCGGC GCGGCC CGGCCC GGCCCC GCCCCT CCCCTG CCCTGG CCTGGC CTGGCC TGGCCG GGCCGC GCCGCC CCGCCC CGCCCC GCCCCC CCCCCG CCCCGG CCCGGC CCGGCG	1	1	0.5592323541641235
GGCTAT GCTATT CTATTC TATTCT ATTCTT TTCTTT TCTTTT CTTTTC TTTTCC TTTCCA TTCCAC TCCACA CCACAG CACAGT ACAGTA CAGTAT AGTATT GTATTT TATTTA ATTTAA TTTAAA TTAAAG TAAAGC AAAGCT AAGCTG AGCTGG GCTGGG CTGGGA TGGGAG GGGAGG GGAGGT GAGGTT AGGTTC GGTTCT GTTCTG TTCTGC TCTGCC CTGCCA TGCCAC GCCACC CCACCA CACCAA ACCAAG CCAAGC CAAGCA AAGCAC AGCACG GCACGG CACGGC ACGGCC CGGCCT GGCCTT GCCTTC CCTTCC CTTCCC TTCCCA TCCCAC CCCACT CCACTG CACTGG ACTGGG CTGGGA TGGGAA GGGAAC GGAACA GAACAC AACACA ACACAA CACAAA ACAAAC CAAACT AAACTT AACTTG ACTTGC CTTGCT TTGCTG TGCTGG GCTGGC CTGGCG TGGCGG GGCGGG GCGGGA CGGGAA GGGAAG GGAAGA GAAGAG AAGAGC AGAGCC GAGCCC AGCCCG GCCCGG CCCGGA CCGGAA CGGAAA GGAAAG GAAAGA AAAGAA AAGAAA AGAAAC GAAACC AAACCT AACCTG ACCTGT CCTGTG CTGTGG TGTGGA GTGGAT TGGATC GGATCT GATCTC ATCTCC TCTCCC CTCCCT TCCCTT CCCTTC CCTTCG CTTCGA TTCGAG TCGAGA CGAGAT GAGATC AGATCA GATCAT ATCATC TCATCC CATCCA ATCCAA TCCAAA CCAAAG CAAAGA AAAGAG AAGAGA AGAGAA GAGAAG AGAAGA GAAGAA AAGAAA AGAAAG GAAAGG AAAGGT AAGGTA AGGTAA GGTAAG GTAAGT TAAGTA AAGTAG AGTAGA GTAGAG TAGAGC AGAGCT GAGCTT AGCTTT GCTTTG CTTTGC TTTGCA TTGCAT TGCATT GCATTT CATTTA ATTTAC TTTACA TTACAT TACATT ACATTT CATTTT ATTTTG TTTTGA TTTGAA TTGAAA TGAAAA GAAAAA AAAAAT AAAATT AAATTA AATTAC ATTACA TTACAA TACAAA ACAAAG CAAAGA AAAGAT AAGATG AGATGA GATGAA ATGAAC TGAACT GAACTC AACTCA ACTCAT CTCATT TCATTT CATTTT ATTTTT TTTTTT TTTTTT TTTTTC TTTTCC TTTCCT TTCCTG TCCTGA CCTGAG CTGAGA TGAGAG GAGAGC AGAGCA GAGCAA AGCAAT GCAATA CAATAA AATAAC ATAACT TAACTA AACTAT ACTATT CTATTT TATTTG ATTTGG TTTGGC TTGGCA TGGCAA GGCAAT GCAATG CAATGC AATGCA ATGCAC TGCACA GCACAG CACAGC ACAGCC CAGCCC AGCCCT GCCCTG CCCTGG CCTGGC CTGGCA TGGCAA GGCAAA GCAAAA CAAAAG AAAAGG AAAGGC AAGGCC AGGCCG GGCCGT GCCGTC CCGTCG CGTCGA GTCGAA TCGAAT CGAATG GAATGT AATGTG ATGTGT TGTGTT GTGTTT TGTTTG GTTTGA TTTGAA TTGAAG TGAAGG GAAGGT AAGGTG AGGTGT GGTGTC GTGTCT TGTCTG GTCTGT TCTGTT CTGTTG TGTTGT GTTGTT TTGTTG TGTTGT GTTGTT TTGTTT TGTTTT GTTTTT TTTTTG TTTTGT TTTGTT TTGTTC TGTTCA GTTCAG TTCAGG TCAGGA CAGGAC AGGACG GGACGC GACGCT ACGCTT CGCTTG GCTTGC CTTGCG TTGCGT TGCGTT	1	0	0.08528070896863937
GCGGGG CGGGGG GGGGGC GGGGCC GGGCCC GGCCCG GCCCGG CCCGGC CCGGCC CGGCCG GGCCGA GCCGAG CCGAGG CGAGGC GAGGCA AGGCAA GGCAAT GCAATA CAATAA AATAAG ATAAGA TAAGAG AAGAGC AGAGCG GAGCGG AGCGGC GCGGCG CGGCGG GGCGGC GCGGCG CGGCGG GGCGGC GCGGCG CGGCGG GGCGGC GCGGCA CGGCAG GGCAGC GCAGCG CAGCGG AGCGGC GCGGCG CGGCGG GGCGGC GCGGCA CGGCAG GGCAGC GCAGCA CAGCAG AGCAGC GCAGCT CAGCTC AGCTCC GCTCCC CTCCCG TCCCGC CCCGCA CCGCAG CGCAGC GCAGCT CAGCTC AGCTCC GCTCCT CTCCTG TCCTGC CCTGCT CTGCTC TGCTCT GCTCTG CTCTGG TCTGGT CTGGTC TGGTCC GGTCCG GTCCGC TCCGCC CCGCCT CGCCTC GCCTCG CCTCGG CTCGGC TCGGCC CGGCCC GGCCCG GCCCGG CCCGGC CCGGCG CGGCGG GGCGGC GCGGCG CGGCGG GGCGGC GCGGCC CGGCCA GGCCAT GCCATC CCATCA CATCAG ATCAGC TCAGCC CAGCCC AGCCCC GCCCCC CCCCCT CCCCTC CCCTCG CCTCGG CTCGGC TCGGCC CGGCCT GGCCTC GCCTCG CCTCGG CTCGGC TCGGCT CGGCTC GGCTCG GCTCGA CTCGAG TCGAGG CGAGGG GAGGGG AGGGGC GGGGCG GGGCGG GGCGGG GCGGGG CGGGGA GGGGAG GGGAGC GGAGCT GAGCTG AGCTGC GCTGCG CTGCGC TGCGCG GCGCGC CGCGCG GCGCGC CGCGCC GCGCCC CGCCCC GCCCCT CCCCTC CCCTCG CCTCGG CTCGGT TCGGTC CGGTCC GGTCCG GTCCGA TCCGAC CCGACC CGACCG GACCGA ACCGAC CCGACA CGACAC GACACC ACACCC CACCCT ACCCTC CCCTCC CCTCCC CTCCCC TCCCCT CCCCTT CCCTTC CCTTCC CTTCCC TTCCCG TCCCGC CCCGCC CCGCCC CGCCCG GCCCGT CCCGTC CCGTCC CGTCCG GTCCGC TCCGCG CCGCGC CGCGCG GCGCGC CGCGCC GCGCCC CGCCCC GCCCCG CCCCGC CCCGCG CCGCGG CGCGGC GCGGCC CGGCCC GGCCCG GCCCGC CCCGCG CCGCGG CGCGGC GCGGCC CGGCCC GGCCCG GCCCGC CCCGCA CCGCAG CGCAGT GCAGTC CAGTCC AGTCCG GTCCGC TCCGCC CCGCCC CGCCCC GCCCCG CCCCGC CCCGCG CCGCGC CGCGCG GCGCGC CGCGCT GCGCTC CGCTCC GCTCCT CTCCTT TCCTTG CCTTGC CTTGCC TTGCCG TGCCGA GCCGAG CCGAGG CGAGGA GAGGAG AGGAGC GGAGCC GAGCCG AGCCGA GCCGAG CCGAGC CGAGCC GAGCCC AGCCCG GCCCGC CCCGCG CCGCGC CGCGCC GCGCCC CGCCCG GCCCGG CCCGGC CCGGCC CGGCCC GGCCCG GCCCGC CCCGCC CCGCCC CGCCCG GCCCGC CCCGCC CCGCCC CGCCCG GCCCGG CCCGGC CCGGCG CGGCGC GGCGCT GCGCTG CGCTGC GCTGCC CTGCCC TGCCCC GCCCCG CCCCGG CCCGGC CCGGCC CGGCCC GGCCCT GCCCTC CCCTCC CCTCCC CTCCCG TCCCGG CCCGGC CCGGCC CGGCCC GGCCCG GCCCGC CCCGCG CCGCGT CGCGTG GCGTGA CGTGAG GTGAGG TGAGGC GAGGCC	1	1	0.5424517393112183
GCGGGA CGGGAG GGGAGA GGAGAT GAGATA AGATAA GATAAG ATAAGG TAAGGC AAGGCA AGGCAT GGCATG GCATGT CATGTG ATGTGT TGTGTA GTGTAT TGTATA GTATAA TATAAG ATAAGT TAAGTA AAGTAA AGTAAT GTAATT TAATTA AATTAG ATTAGC TTAGCA TAGCAA AGCAAA GCAAAC CAAACA AAACAG AACAGG ACAGGA CAGGAC AGGACT GGACTG GACTGT ACTGTG CTGTGT TGTGTG GTGTGT TGTGTG GTGTGG TGTGGG GTGGGC TGGGCA GGGCAC GGCACT GCACTG CACTGC ACTGCA CTGCAG TGCAGG GCAGGT CAGGTT AGGTTG GGTTGA GTTGAA TTGAAG TGAAGT GAAGTG AAGTGC AGTGCT GTGCTC TGCTCT GCTCTG CTCTGG TCTGGT CTGGTC TGGTCC GGTCCC GTCCCC TCCCCA CCCCAG CCCAGG CCAGGA CAGGAG AGGAGA GGAGAG GAGAGG AGAGGA GAGGAA AGGAAG GGAAGT GAAGTG AAGTGT AGTGTC GTGTCT TGTCTC GTCTCT TCTCTG CTCTGA TCTGAT CTGATG TGATGA GATGAG ATGAGG TGAGGG GAGGGA AGGGAC GGGACC GGACCT GACCTG ACCTGC CCTGCC CTGCCT TGCCTG GCCTGT CCTGTG CTGTGG TGTGGG GTGGGA TGGGAA GGGAAG GGAAGA GAAGAT AAGATC AGATCA GATCAT ATCATG TCATGG CATGGA ATGGAG TGGAGC GGAGCT GAGCTG AGCTGT GCTGTC CTGTCT TGTCTT GTCTTT TCTTTG CTTTGA TTTGAT TTGATC TGATCT GATCTT ATCTTC TCTTCG CTTCGG TTCGGA TCGGAG CGGAGA GGAGAA GAGAAG AGAAGT GAAGTC AAGTCT AGTCTG GTCTGG TCTGGT CTGGTA TGGTAG GGTAGG GTAGGC TAGGCA AGGCAG GGCAGG GCAGGG CAGGGG AGGGGC GGGGCC GGGCCC GGCCCC GCCCCT CCCCTG CCCTGG CCTGGG CTGGGT TGGGTG GGGTGG GGTGGG GTGGGG TGGGGA GGGGAG GGGAGG GGAGGG GAGGGA AGGGAG GGGAGG GGAGGC GAGGCT AGGCTC GGCTCG GCTCGG CTCGGG TCGGGA CGGGAG GGGAGA GGAGAG GAGAGC AGAGCT GAGCTG AGCTGG GCTGGT CTGGTG TGGTGG GGTGGG GTGGGG TGGGGA GGGGAC GGGACA GGACAG GACAGA ACAGAG CAGAGA AGAGAC GAGACA AGACAA GACAAG ACAAGG CAAGGG AAGGGG AGGGGA GGGGAA GGGAAA GGAAAA GAAAAG AAAAGA AAAGAG AAGAGG AGAGGC GAGGCC AGGCCA GGCCAA GCCAAG CCAAGG CAAGGC AAGGCA AGGCAC GGCACG GCACGC CACGCC ACGCCA CGCCAG GCCAGG CCAGGA CAGGAG AGGAGA GGAGAA GAGAAA AGAAAG GAAAGG AAAGGC AAGGCT AGGCTG GGCTGG GCTGGA CTGGAA TGGAAG GGAAGT GAAGTG AAGTGA AGTGAG GTGAGG TGAGGC GAGGCA AGGCAA GGCAAG GCAAGA CAAGAT AAGATG AGATGG GATGGG ATGGGC TGGGCT GGGCTA GGCTAA GCTAAT CTAATG TAATGT AATGTC ATGTCT TGTCTA GTCTAT TCTATG CTATGG TATGGA ATGGAA TGGAAA GGAAAC GAAACA AAACAG AACAGA ACAGAA CAGAAT AGAATG GAATGG AATGGT ATGGTC TGGTCT GGTCTA	1	0	0.08895125985145569
GGGGGT GGGGTG GGGTGG GGTGGT GTGGTG TGGTGC GGTGCA GTGCAG TGCAGA GCAGAA CAGAAG AGAAGC GAAGCC AAGCCA AGCCAG GCCAGA CCAGAA CAGAAA AGAAAA GAAAAG AAAAGC AAAGCC AAGCCC AGCCCG GCCCGA CCCGAG CCGAGC CGAGCC GAGCCA AGCCAC GCCACA CCACAG CACAGC ACAGCC CAGCCG AGCCGG GCCGGC CCGGCC CGGCCA GGCCAG GCCAGC CCAGCT CAGCTC AGCTCC GCTCCG CTCCGC TCCGCG CCGCGC CGCGCA GCGCAG CGCAGG GCAGGG CAGGGA AGGGAT GGGATG GGATGG GATGGG ATGGGC TGGGCA GGGCAG GGCAGC GCAGCG CAGCGC AGCGCG GCGCGC CGCGCT GCGCTC CGCTCT GCTCTG CTCTGA TCTGAA CTGAAA TGAAAG GAAAGT AAAGTT AAGTTT AGTTTA GTTTAT TTTATG TTATGA TATGAC ATGACC TGACCG GACCGC ACCGCC CCGCCG CGCCGC GCCGCA CCGCAG CGCAGC GCAGCC CAGCCA AGCCAA GCCAAC CCAACT CAACTC AACTCC ACTCCT CTCCTG TCCTGG CCTGGC CTGGCC TGGCCG GGCCGG GCCGGA CCGGAG CGGAGC GGAGCT GAGCTG AGCTGG GCTGGA CTGGAG TGGAGA GGAGAC GAGACG AGACGC GACGCA ACGCAG CGCAGC GCAGCG CAGCGA AGCGAG GCGAGC CGAGCG GAGCGA AGCGAT GCGATC CGATCG GATCGG ATCGGC TCGGCC CGGCCG GGCCGG GCCGGC CCGGCC CGGCCT GGCCTC GCCTCG CCTCGA CTCGAA TCGAAC CGAACC GAACCC AACCCC ACCCCC CCCCCA CCCCAC CCCACA CCACAG CACAGC ACAGCT CAGCTG AGCTGG GCTGGA CTGGAG TGGAGG GGAGGG GAGGGC AGGGCG GGGCGA GGCGAG GCGAGG CGAGGC GAGGCC AGGCCA GGCCAG GCCAGC CCAGCT CAGCTG AGCTGT GCTGTA CTGTAC TGTACC GTACCC TACCCG ACCCGG CCCGGC CCGGCC CGGCCC GGCCCC GCCCCA CCCCAG CCCAGT CCAGTG CAGTGC AGTGCC GTGCCC TGCCCT GCCCTT CCCTTT CCTTTC CTTTCG TTTCGC TTCGCG TCGCGG CGCGGC GCGGCC CGGCCA GGCCAC GCCACA CCACAA CACAAG ACAAGC CAAGCG AAGCGG AGCGGC GCGGCC CGGCCG GGCCGT GCCGTC CCGTCC CGTCCT GTCCTC TCCTCC CCTCCT CTCCTG TCCTGG CCTGGT CTGGTC TGGTCC GGTCCG GTCCGG TCCGGT CCGGTG CGGTGC GGTGCT GTGCTC TGCTCC GCTCCG CTCCGG TCCGGC CCGGCG CGGCGC GGCGCC GCGCCT CGCCTG GCCTGA CCTGAT CTGATC TGATCT GATCTA ATCTAG TCTAGG CTAGGT TAGGTT AGGTTC GGTTCA GTTCAT TTCATG TCATGG CATGGA ATGGAG TGGAGC GGAGCC GAGCCG AGCCGG GCCGGG CCGGGG CGGGGC GGGGCT GGGCTG GGCTGT GCTGTG CTGTGG TGTGGC GTGGCT TGGCTC GGCTCC GCTCCT CTCCTT TCCTTT CCTTTT CTTTTC TTTTCG TTTCGG TTCGGG TCGGGC CGGGCT GGGCTC GGCTCA GCTCAC CTCACA TCACAG CACAGT ACAGTG CAGTGA AGTGAC GTGACC TGACCT GACCTC ACCTCC CCTCCG CTCCGC TCCGCC CCGCCG	1	0	0.31021633744239807
CGCCCC GCCCCG CCCCGC CCCGCT CCGCTC CGCTCC GCTCCC CTCCCG TCCCGA CCCGAG CCGAGG CGAGGG GAGGGC AGGGCG GGGCGG GGCGGC GCGGCC CGGCCC GGCCCA GCCCAA CCCAAG CCAAGC CAAGCG AAGCGG AGCGGC GCGGCG CGGCGG GGCGGC GCGGCC CGGCCG GGCCGG GCCGGC CCGGCT CGGCTC GGCTCT GCTCTT CTCTTC TCTTCT CTTCTA TTCTAC TCTACC CTACCC TACCCG ACCCGG CCCGGC CCGGCG CGGCGC GGCGCC GCGCCC CGCCCG GCCCGG CCCGGG CCGGGA CGGGAC GGGACG GGACGC GACGCC ACGCCA CGCCAC GCCACT CCACTT CACTTA ACTTAC CTTACC TTACCG TACCGC ACCGCA CCGCAG CGCAGG GCAGGC CAGGCC AGGCCG GGCCGC GCCGCA CCGCAG CGCAGG GCAGGC CAGGCC AGGCCT GGCCTC GCCTCT CCTCTA CTCTAG TCTAGG CTAGGG TAGGGT AGGGTC GGGTCT GGTCTC GTCTCG TCTCGC CTCGCA TCGCAG CGCAGC GCAGCC CAGCCA AGCCAT GCCATT CCATTT CATTTC ATTTCC TTTCCC TTCCCC TCCCCG CCCCGA CCCGAA CCGAAC CGAACG GAACGC AACGCC ACGCCG CGCCGC GCCGCG CCGCGG CGCGGA GCGGAG CGGAGT GGAGTG GAGTGG AGTGGG GTGGGC TGGGCG GGGCGG GGCGGA GCGGAC CGGACG GGACGG GACGGC ACGGCC CGGCCA GGCCAC GCCACC CCACCG CACCGA ACCGAG CCGAGA CGAGAT GAGATG AGATGG GATGGC ATGGCG TGGCGC GGCGCG GCGCGG CGCGGG GCGGGG CGGGGC GGGGCT GGGCTA GGCTAG GCTAGA CTAGAG TAGAGC AGAGCG GAGCGG AGCGGC GCGGCG CGGCGC GGCGCC GCGCCC CGCCCC GCCCCC CCCCCG CCCCGC CCCGCG CCGCGC CGCGCG GCGCGG CGCGGC GCGGCG CGGCGG GGCGGG GCGGGC CGGGCG GGGCGG GGCGGA GCGGAG CGGAGG GGAGGA GAGGAC AGGACG GGACGA GACGAG ACGAGA CGAGAC GAGACC AGACCG GACCGG ACCGGC CCGGCC CGGCCA GGCCAC GCCACC CCACCG CACCGA ACCGAG CCGAGA CGAGAC GAGACG AGACGC GACGCT ACGCTG CGCTGC GCTGCG CTGCGG TGCGGG GCGGGG CGGGGC GGGGCT GGGCTA GGCTAG GCTAGA CTAGAG TAGAGC AGAGCG GAGCGG AGCGGA GCGGAG CGGAGC GGAGCC GAGCCC AGCCCG GCCCGG CCCGGG CCGGGC CGGGCT GGGCTG GGCTGC GCTGCG CTGCGA TGCGAA GCGAAG CGAAGC GAAGCC AAGCCC AGCCCG GCCCGG CCCGGC CCGGCC CGGCCC GGCCCC GCCCCG CCCCGG CCCGGA CCGGAC CGGACT GGACTG GACTGC ACTGCG CTGCGC TGCGCG GCGCGC CGCGCA GCGCAT CGCATG GCATGC CATGCG ATGCGC TGCGCC GCGCCC CGCCCG GCCCGT CCCGTC CCGTCT CGTCTT GTCTTT TCTTTC CTTTCA TTTCAT TTCATA TCATAC CATACC ATACCT TACCTG ACCTGC CCTGCA CTGCAC TGCACT GCACTC CACTCC ACTCCG CTCCGG TCCGGA CCGGAC CGGACG GGACGC GACGCG ACGCGC CGCGCC GCGCCC CGCCCT GCCCTT CCCTTC CCTTCG CTTCGG	1	0	0.45851752161979675
CAGCCA AGCCAG GCCAGA CCAGAG CAGAGG AGAGGG GAGGGA AGGGAC GGGACT GGACTG GACTGG ACTGGC CTGGCG TGGCGG GGCGGC GCGGCG CGGCGC GGCGCC GCGCCG CGCCGG GCCGGC CCGGCG CGGCGC GGCGCC GCGCCG CGCCGG GCCGGC CCGGCG CGGCGG GGCGGT GCGGTT CGGTTT GGTTTT GTTTTA TTTTAT TTTATC TTATCT TATCTC ATCTCC TCTCCG CTCCGG TCCGGG CCGGGA CGGGAG GGGAGG GGAGGG GAGGGG AGGGGG GGGGGT GGGGTC GGGTCC GGTCCA GTCCAC TCCACC CCACCT CACCTA ACCTAT CCTATT CTATTG TATTGA ATTGAC TTGACG TGACGG GACGGT ACGGTG CGGTGG GGTGGC GTGGCG TGGCGG GGCGGC GCGGCG CGGCGC GGCGCA GCGCAG CGCAGT GCAGTG CAGTGC AGTGCA GTGCAC TGCACC GCACCG CACCGC ACCGCG CCGCGC CGCGCC GCGCCC CGCCCT GCCCTG CCCTGC CCTGCA CTGCAG TGCAGC GCAGCA CAGCAC AGCACG GCACGC CACGCC ACGCCA CGCCAA GCCAAT CCAATG CAATGC AATGCG ATGCGG TGCGGA GCGGAA CGGAAC GGAACC GAACCG AACCGC ACCGCG CCGCGC CGCGCG GCGCGG CGCGGG GCGGGA CGGGAG GGGAGG GGAGGG GAGGGG AGGGGG GGGGGC GGGGCG GGGCGG GGCGGG GCGGGG CGGGGC GGGGCG GGGCGC GGCGCG GCGCGG CGCGGA GCGGAC CGGACG GGACGC GACGCG ACGCGC CGCGCG GCGCGC CGCGCG GCGCGG CGCGGG GCGGGC CGGGCG GGGCGG GGCGGG GCGGGC CGGGCG GGGCGC GGCGCC GCGCCA CGCCAC GCCACG CCACGG CACGGG ACGGGG CGGGGA GGGGAC GGGACG GGACGC GACGCG ACGCGA CGCGAG GCGAGG CGAGGC GAGGCG AGGCGA GGCGAT GCGATG CGATGC GATGCG ATGCGG TGCGGG GCGGGA CGGGAG GGGAGG GGAGGC GAGGCG AGGCGC GGCGCG GCGCGG CGCGGG GCGGGC CGGGCT GGGCTG GGCTGC GCTGCA CTGCAA TGCAAA GCAAAG CAAAGA AAAGAC AAGACG AGACGG GACGGA ACGGAC CGGACG GGACGC GACGCG ACGCGG CGCGGG GCGGGA CGGGAG GGGAGG GGAGGC GAGGCG AGGCGG GGCGGG GCGGGG CGGGGG GGGGGA GGGGAG GGGAGA GGAGAA GAGAAA AGAAAC GAAACG AAACGC AACGCG ACGCGC CGCGCC GCGCCG CGCCGC GCCGCG CCGCGG CGCGGG GCGGGC CGGGCG GGGCGG GGCGGG GCGGGG CGGGGG GGGGGC GGGGCG GGGCGG GGCGGG GCGGGG CGGGGC GGGGCG GGGCGG GGCGGG GCGGGG CGGGGG GGGGGG GGGGGC GGGGCA GGGCAG GGCAGG GCAGGG CAGGGC AGGGCA GGGCAG GGCAGG GCAGGG CAGGGA AGGGAG GGGAGG GGAGGC GAGGCG AGGCGG GGCGGC GCGGCG CGGCGG GGCGGG GCGGGA CGGGAG GGGAGG GGAGGG GAGGGA AGGGAG GGGAGG GGAGGG GAGGGA AGGGAC GGGACC GGACCG GACCGG ACCGGG CCGGGA CGGGAC GGGACG GGACGG GACGGA ACGGAG CGGAGA GGAGAC GAGACG AGACGG GACGGC ACGGCG CGGCGC GGCGCG GCGCGG CGCGGG GCGGGG	1	1	0.6509570479393005
GACGCG ACGCGC CGCGCC GCGCCG CGCCGC GCCGCG CCGCGG CGCGGC GCGGCC CGGCCC GGCCCC GCCCCC CCCCCG CCCCGC CCCGCG CCGCGC CGCGCA GCGCAT CGCATA GCATAT CATATA ATATAA TATAAG ATAAGT TAAGTG AAGTGG AGTGGG GTGGGC TGGGCG GGGCGC GGCGCG GCGCGT CGCGTC GCGTCC CGTCCG GTCCGC TCCGCG CCGCGC CGCGCG GCGCGT CGCGTG GCGTGC CGTGCG GTGCGC TGCGCA GCGCAC CGCACC GCACCC CACCCC ACCCCG CCCCGC CCCGCG CCGCGC CGCGCG GCGCGC CGCGCG GCGCGC CGCGCC GCGCCT CGCCTC GCCTCT CCTCTC CTCTCT TCTCTG CTCTGT TCTGTC CTGTCG TGTCGT GTCGTG TCGTGG CGTGGC GTGGCG TGGCGC GGCGCG GCGCGG CGCGGC GCGGCT CGGCTT GGCTTC GCTTCC CTTCCC TTCCCG TCCCGC CCCGCG CCGCGG CGCGGT GCGGTC CGGTCT GGTCTT GTCTTC TCTTCT CTTCTC TTCTCT TCTCTG CTCTGC TCTGCA CTGCAA TGCAAA GCAAAT CAAATG AAATGG AATGGG ATGGGC TGGGCT GGGCTC GGCTCC GCTCCG CTCCGT TCCGTG CCGTGG CGTGGC GTGGCC TGGCCT GGCCTA GCCTAG CCTAGC CTAGCG TAGCGC AGCGCC GCGCCC CGCCCC GCCCCC CCCCCG CCCCGT CCCGTC CCGTCC CGTCCC GTCCCC TCCCCG CCCCGC CCCGCC CCGCCA CGCCAC GCCACC CCACCC CACCCG ACCCGT CCCGTG CCGTGA CGTGAT GTGATC TGATCG GATCGT ATCGTG TCGTGC CGTGCG GTGCGC TGCGCC GCGCCG CGCCGA GCCGAG CCGAGG CGAGGC GAGGCC AGGCCC GGCCCG GCCCGC CCCGCG CCGCGA CGCGAG GCGAGG CGAGGG GAGGGG AGGGGT GGGGTC GGGTCG GGTCGC GTCGCC TCGCCG CGCCGC GCCGCC CCGCCC CGCCCA GCCCAG CCCAGG CCAGGT CAGGTG AGGTGA GGTGAG GTGAGG TGAGGG GAGGGG AGGGGC GGGGCG GGGCGC GGCGCC GCGCCG CGCCGC GCCGCG CCGCGC CGCGCG GCGCGC CGCGCG GCGCGG CGCGGG GCGGGT CGGGTG GGGTGG GGTGGG GTGGGA TGGGAC GGGACG GGACGA GACGAG ACGAGC CGAGCA GAGCAG AGCAGG GCAGGC CAGGCC AGGCCC GGCCCG GCCCGA CCCGAG CCGAGG CGAGGG GAGGGG AGGGGC GGGGCG GGGCGG GGCGGG GCGGGG CGGGGG GGGGGG GGGGGC GGGGCG GGGCGA GGCGAG GCGAGG CGAGGG GAGGGG AGGGGC GGGGCG GGGCGG GGCGGG GCGGGG CGGGGC GGGGCT GGGCTG GGCTGG GCTGGG CTGGGC TGGGCC GGGCCG GGCCGG GCCGGG CCGGGG CGGGGG GGGGGC GGGGCT GGGCTC GGCTCC GCTCCT CTCCTC TCCTCT CCTCTC CTCTCC TCTCCT CTCCTC TCCTCT CCTCTC CTCTCC TCTCCG CTCCGC TCCGCC CCGCCT CGCCTG GCCTGG CCTGGC CTGGCG TGGCGA GGCGAG GCGAGC CGAGCG GAGCGC AGCGCT GCGCTG CGCTGG GCTGGG CTGGGC TGGGCT GGGCTC GGCTCG GCTCGG CTCGGG TCGGGG CGGGGT GGGGTC GGGTCC GGTCCC GTCCCC TCCCCG CCCCGG CCCGGC CCGGCG	1	1	0.6345269680023193
CAGCCC AGCCCT GCCCTC CCCTCT CCTCTC CTCTCC TCTCCC CTCCCC TCCCCG CCCCGC CCCGCC CCGCCC CGCCCA GCCCAT CCCATA CCATAT CATATA ATATAT TATATG ATATGT TATGTA ATGTAG TGTAGG GTAGGG TAGGGC AGGGCA GGGCAG GGCAGC GCAGCA CAGCAG AGCAGC GCAGCA CAGCAG AGCAGG GCAGGA CAGGAT AGGATG GGATGG GATGGG ATGGGC TGGGCT GGGCTT GGCTTC GCTTCT CTTCTG TTCTGG TCTGGA CTGGAC TGGACT GGACTT GACTTG ACTTGG CTTGGG TTGGGC TGGGCG GGGCGG GGCGGC GCGGCC CGGCCC GGCCCC GCCCCT CCCCTC CCCTCC CCTCCG CTCCGC TCCGCA CCGCAG CGCAGG GCAGGC CAGGCG AGGCGG GGCGGA GCGGAC CGGACC GGACCG GACCGG ACCGGG CCGGGG CGGGGG GGGGGC GGGGCA GGGCAA GGCAAA GCAAAG CAAAGG AAAGGA AAGGAG AGGAGG GGAGGT GAGGTG AGGTGG GGTGGC GTGGCA TGGCAT GGCATG GCATGT CATGTC ATGTCG TGTCGG GTCGGT TCGGTC CGGTCA GGTCAG GTCAGG TCAGGC CAGGCA AGGCAC GGCACA GCACAG CACAGC ACAGCA CAGCAG AGCAGG GCAGGG CAGGGT AGGGTC GGGTCC GGTCCT GTCCTG TCCTGT CCTGTG CTGTGT TGTGTC GTGTCC TGTCCG GTCCGC TCCGCG CCGCGC CGCGCT GCGCTG CGCTGA GCTGAG CTGAGC TGAGCC GAGCCG AGCCGC GCCGCG CCGCGC CGCGCT GCGCTC CGCTCT GCTCTC CTCTCC TCTCCC CTCCCT TCCCTG CCCTGC CCTGCT CTGCTC TGCTCC GCTCCA CTCCAG TCCAGC CCAGCA CAGCAA AGCAAG GCAAGG CAAGGA AAGGAC AGGACC GGACCA GACCAT ACCATG CCATGA CATGAG ATGAGG TGAGGG GAGGGC AGGGCG GGGCGC GGCGCT GCGCTG CGCTGG GCTGGA CTGGAG TGGAGG GGAGGG GAGGGG AGGGGC GGGGCC GGGCCA GGCCAG GCCAGG CCAGGC CAGGCC AGGCCT GGCCTG GCCTGT CCTGTC CTGTCG TGTCGC GTCGCT TCGCTG CGCTGC GCTGCT CTGCTG TGCTGT GCTGTG CTGTGC TGTGCC GTGCCT TGCCTG GCCTGG CCTGGT CTGGTG TGGTGT GGTGTT GTGTTG TGTTGG GTTGGC TTGGCG TGGCGC GGCGCT GCGCTG CGCTGC GCTGCC CTGCCT TGCCTG GCCTGC CCTGCC CTGCCC TGCCCT GCCCTG CCCTGC CCTGCT CTGCTG TGCTGC GCTGCC CTGCCG TGCCGG GCCGGT CCGGTG CGGTGC GGTGCC GTGCCG TGCCGG GCCGGC CCGGCT CGGCTG GGCTGT GCTGTA CTGTAC TGTACG GTACGC TACGCG ACGCGG CGCGGA GCGGAG CGGAGT GGAGTG GAGTGG AGTGGC GTGGCA TGGCAG GGCAGA GCAGAA CAGAAA AGAAAC GAAACA AAACAC AACACC ACACCC CACCCA ACCCAC CCCACC CCACCT CACCTA ACCTAC CCTACC CTACCC TACCCC ACCCCT CCCCTG CCCTGG CCTGGC CTGGCG TGGCGG GGCGGG GCGGGA CGGGAC GGGACG GGACGC GACGCA ACGCAG CGCAGA GCAGAG CAGAGA AGAGAC GAGACA AGACAG GACAGG ACAGGG CAGGGG AGGGGA GGGGAG	1	0	0.13758760690689087
GGGACG GGACGG GACGGC ACGGCG CGGCGG GGCGGT GCGGTG CGGTGG GGTGGC GTGGCC TGGCCT GGCCTC GCCTCG CCTCGG CTCGGG TCGGGC CGGGCC GGGCCG GGCCGG GCCGGG CCGGGC CGGGCG GGGCGG GGCGGG GCGGGC CGGGCG GGGCGC GGCGCC GCGCCC CGCCCA GCCCAG CCCAGA CCAGAT CAGATA AGATAT GATATA ATATAG TATAGC ATAGCG TAGCGG AGCGGC GCGGCT CGGCTC GGCTCA GCTCAG CTCAGG TCAGGG CAGGGC AGGGCC GGGCCA GGCCAA GCCAAT CCAATC CAATCG AATCGG ATCGGC TCGGCG CGGCGG GGCGGC GCGGCG CGGCGG GGCGGG GCGGGG CGGGGC GGGGCG GGGCGG GGCGGG GCGGGC CGGGCG GGGCGG GGCGGG GCGGGC CGGGCG GGGCGG GGCGGG GCGGGG CGGGGG GGGGGC GGGGCG GGGCGG GGCGGG GCGGGT CGGGTC GGGTCG GGTCGG GTCGGG TCGGGG CGGGGC GGGGCC GGGCCG GGCCGC GCCGCC CCGCCT CGCCTC GCCTCC CCTCCT CTCCTC TCCTCC CCTCCC CTCCCC TCCCCG CCCCGG CCCGGG CCGGGG CGGGGG GGGGGC GGGGCT GGGCTC GGCTCC GCTCCC CTCCCT TCCCTT CCCTTT CCTTTC CTTTCT TTTCTT TTCTTC TCTTCT CTTCTC TTCTCA TCTCAG CTCAGG TCAGGC CAGGCC AGGCCG GGCCGG GCCGGG CCGGGC CGGGCG GGGCGG GGCGGG GCGGGA CGGGAT GGGATT GGATTC GATTCC ATTCCG TTCCGC TCCGCT CCGCTG CGCTGA GCTGAG CTGAGG TGAGGC GAGGCC AGGCCT GGCCTC GCCTCC CCTCCC CTCCCC TCCCCC CCCCCG CCCCGC CCCGCG CCGCGC CGCGCA GCGCAC CGCACA GCACAG CACAGC ACAGCC CAGCCC AGCCCC GCCCCC CCCCCC CCCCCC CCCCCA CCCCAC CCCACC CCACCT CACCTC ACCTCC CCTCCC CTCCCC TCCCCC CCCCCG CCCCGC CCCGCG CCGCGA CGCGAC GCGACC CGACCT GACCTC ACCTCT CCTCTC CTCTCA TCTCAG CTCAGA TCAGAA CAGAAG AGAAGG GAAGGA AAGGAG AGGAGA GGAGAG GAGAGA AGAGAC GAGACC AGACCC GACCCC ACCCCC CCCCCC CCCCCG CCCCGG CCCGGG CCGGGT CGGGTG GGGTGG GGTGGG GTGGGA TGGGAA GGGAAA GGAAAG GAAAGA AAAGAA AAGAAA AGAAAG GAAAGG AAAGGG AAGGGC AGGGCT GGGCTG GGCTGC GCTGCT CTGCTG TGCTGA GCTGAT CTGATG TGATGA GATGAG ATGAGG TGAGGG GAGGGC AGGGCC GGGCCG GGCCGG GCCGGT CCGGTG CGGTGC GGTGCT GTGCTG TGCTGC GCTGCC CTGCCA TGCCAG GCCAGA CCAGAC CAGACT AGACTT GACTTT ACTTTC CTTTCG TTTCGG TTCGGA TCGGAG CGGAGG GGAGGC GAGGCG AGGCGA GGCGAG GCGAGC CGAGCT GAGCTG AGCTGC GCTGCC CTGCCA TGCCAC GCCACC CCACCC CACCCA ACCCAC CCCACC CCACCC CACCCA ACCCAC CCCACG CCACGG CACGGA ACGGAG CGGAGT GGAGTC GAGTCG AGTCGG GTCGGA TCGGAC CGGACC GGACCC GACCCC ACCCCC CCCCCG CCCCGG CCCGGG CCGGGC CGGGCA GGGCAG	1	0	0.28783100843429565
TCACCT CACCTC ACCTCA CCTCAG CTCAGA TCAGAG CAGAGA AGAGAG GAGAGT AGAGTA GAGTAA AGTAAA GTAAAC TAAACA AAACAG AACAGA ACAGAT CAGATA AGATAT GATATA ATATAT TATATT ATATTG TATTGG ATTGGA TTGGAG TGGAGC GGAGCC GAGCCC AGCCCC GCCCCA CCCCAA CCCAAG CCAAGG CAAGGG AAGGGT AGGGTT GGGTTC GGTTCA GTTCAT TTCATG TCATGG CATGGG ATGGGT TGGGTA GGGTAG GGTAGC GTAGCG TAGCGT AGCGTA GCGTAT CGTATT GTATTT TATTTA ATTTAC TTTACA TTACAA TACAAA ACAAAG CAAAGG AAAGGA AAGGAG AGGAGC GGAGCC GAGCCT AGCCTC GCCTCC CCTCCT CTCCTC TCCTCC CCTCCG CTCCGC TCCGCC CCGCCA CGCCAG GCCAGC CCAGCC CAGCCC AGCCCG GCCCGT CCCGTG CCGTGC CGTGCC GTGCCA TGCCAC GCCACC CCACCG CACCGC ACCGCT CCGCTG CGCTGC GCTGCT CTGCTA TGCTAA GCTAAT CTAATG TAATGA AATGAG ATGAGA TGAGAG GAGAGC AGAGCA GAGCAG AGCAGT GCAGTC CAGTCA AGTCAT GTCATT TCATTA CATTAA ATTAAG TTAAGT TAAGTA AAGTAA AGTAAA GTAAAT TAAATG AAATGA AATGAG ATGAGA TGAGAC GAGACG AGACGT GACGTC ACGTCG CGTCGC GTCGCC TCGCCT CGCCTT GCCTTT CCTTTA CTTTAG TTTAGC TTAGCT TAGCTG AGCTGG GCTGGC CTGGCT TGGCTT GGCTTA GCTTAG CTTAGG TTAGGA TAGGAG AGGAGT GGAGTT GAGTTC AGTTCG GTTCGC TTCGCA TCGCAC CGCACA GCACAC CACACT ACACTA CACTAA ACTAAG CTAAGG TAAGGG AAGGGG AGGGGA GGGGAG GGGAGA GGAGAA GAGAAG AGAAGA GAAGAT AAGATA AGATAT GATATT ATATTT TATTTA ATTTAA TTTAAT TTAATT TAATTG AATTGA ATTGAA TTGAAA TGAAAC GAAACC AAACCC AACCCG ACCCGC CCCGCA CCGCAC CGCACG GCACGC CACGCA ACGCAG CGCAGG GCAGGC CAGGCT AGGCTT GGCTTC GCTTCC CTTCCC TTCCCC TCCCCA CCCCAC CCCACA CCACAT CACATG ACATGT CATGTG ATGTGA TGTGAC GTGACC TGACCG GACCGC ACCGCT CCGCTG CGCTGT GCTGTA CTGTAC TGTACG GTACGG TACGGG ACGGGA CGGGAG GGGAGG GGAGGC GAGGCA AGGCAG GGCAGC GCAGCT CAGCTG AGCTGC GCTGCC CTGCCT TGCCTT GCCTTC CCTTCC CTTCCC TTCCCT TCCCTC CCCTCT CCTCTC CTCTCC TCTCCT CTCCTC TCCTCC CCTCCC CTCCCC TCCCCC CCCCCA CCCCAG CCCAGT CCAGTC CAGTCC AGTCCA GTCCAC TCCACC CCACCC CACCCT ACCCTG CCCTGC CCTGCA CTGCAC TGCACC GCACCC CACCCC ACCCCC CCCCCC CCCCCA CCCCAT CCCATG CCATGT CATGTA ATGTAA TGTAAA GTAAAT TAAATT AAATTT AATTTC ATTTCA TTTCAT TTCATG TCATGA CATGAT ATGATT TGATTG GATTGC ATTGCT TTGCTT TGCTTT GCTTTC CTTTCC TTTCCG TTCCGT TCCGTG CCGTGA CGTGAT GTGATG TGATGT	1	0	0.0945122167468071
GAACCT AACCTC ACCTCG CCTCGG CTCGGG TCGGGA CGGGAC GGGACG GGACGT GACGTG ACGTGG CGTGGG GTGGGT TGGGTA GGGTAT GGTATA GTATAT TATATA ATATAA TATAAG ATAAGA TAAGAC AAGACG AGACGG GACGGT ACGGTG CGGTGC GGTGCC GTGCCT TGCCTG GCCTGA CCTGAG CTGAGC TGAGCG GAGCGC AGCGCA GCGCAG CGCAGA GCAGAG CAGAGC AGAGCG GAGCGG AGCGGC GCGGCT CGGCTG GGCTGC GCTGCT CTGCTG TGCTGC GCTGCT CTGCTG TGCTGC GCTGCT CTGCTG TGCTGT GCTGTG CTGTGA TGTGAT GTGATC TGATCC GATCCA ATCCAG TCCAGG CCAGGA CAGGAC AGGACC GGACCA GACCAG ACCAGG CCAGGG CAGGGC AGGGCG GGGCGC GGCGCA GCGCAC CGCACC GCACCG CACCGG ACCGGC CCGGCT CGGCTC GGCTCA GCTCAG CTCAGC TCAGCC CAGCCT AGCCTC GCCTCT CCTCTC CTCTCA TCTCAC CTCACT TCACTT CACTTG ACTTGT CTTGTC TTGTCA TGTCAG GTCAGA TCAGAG CAGAGG AGAGGC GAGGCC AGGCCG GGCCGG GCCGGG CCGGGG CGGGGA GGGGAA GGGAAG GGAAGA GAAGAG AAGAGA AGAGAA GAGAAG AGAAGC GAAGCA AAGCAA AGCAAA GCAAAG CAAAGC AAAGCG AAGCGC AGCGCA GCGCAA CGCAAC GCAACG CAACGG AACGGT ACGGTG CGGTGT GGTGTG GTGTGG TGTGGT GTGGTC TGGTCC GGTCCA GTCCAA TCCAAG CCAAGC CAAGCC AAGCCG AGCCGG GCCGGG CCGGGG CGGGGC GGGGCT GGGCTT GGCTTC GCTTCT CTTCTG TTCTGC TCTGCT CTGCTT TGCTTC GCTTCG CTTCGC TTCGCC TCGCCT CGCCTC GCCTCT CCTCTA CTCTAG TCTAGG CTAGGA TAGGAC AGGACA GGACAT GACATA ACATAC CATACA ATACAC TACACG ACACGG CACGGG ACGGGA CGGGAC GGGACC GGACCC GACCCC ACCCCC CCCCCT CCCCTA CCCTAA CCTAAC CTAACT TAACTT AACTTC ACTTCA CTTCAG TTCAGT TCAGTC CAGTCC AGTCCC GTCCCC TCCCCC CCCCCA CCCCAA CCCAAA CCAAAC CAAACG AAACGC AACGCG ACGCGC CGCGCA GCGCAC CGCACC GCACCC CACCCT ACCCTC CCCTCG CCTCGA CTCGAA TCGAAG CGAAGT GAAGTC AAGTCT AGTCTT GTCTTG TCTTGA CTTGAA TTGAAC TGAACT GAACTC AACTCC ACTCCA CTCCAG TCCAGC CCAGCC CAGCCC AGCCCC GCCCCG CCCCGC CCCGCA CCGCAC CGCACA GCACAT CACATC ACATCC CATCCA ATCCAC TCCACG CCACGC CACGCG ACGCGC CGCGCG GCGCGG CGCGGC GCGGCA CGGCAC GGCACA GCACAG CACAGG ACAGGC CAGGCG AGGCGC GGCGCG GCGCGG CGCGGC GCGGCA CGGCAG GGCAGG GCAGGC CAGGCG AGGCGG GGCGGC GCGGCA CGGCAG GGCAGG GCAGGT CAGGTC AGGTCC GGTCCC GTCCCG TCCCGG CCCGGC CCGGCC CGGCCG GGCCGA GCCGAA CCGAAG CGAAGG GAAGGC AAGGCG AGGCGA GGCGAT GCGATG CGATGC GATGCG ATGCGC TGCGCG GCGCGC CGCGCA GCGCAG CGCAGG	1	0	0.3227076530456543
GCCGCC CCGCCG CGCCGC GCCGCC CCGCCG CGCCGC GCCGCT CCGCTG CGCTGC GCTGCC CTGCCT TGCCTG GCCTGG CCTGGA CTGGAT TGGATA GGATAT GATATA ATATAG TATAGT ATAGTG TAGTGC AGTGCG GTGCGG TGCGGC GCGGCA CGGCAA GGCAAG GCAAGA CAAGAG AAGAGC AGAGCG GAGCGG AGCGGA GCGGAG CGGAGC GGAGCT GAGCTT AGCTTG GCTTGC CTTGCA TTGCAG TGCAGT GCAGTC CAGTCA AGTCAC GTCACT TCACTT CACTTT ACTTTG CTTTGC TTTGCG TTGCGA TGCGAG GCGAGG CGAGGA GAGGAG AGGAGG GGAGGA GAGGAG AGGAGC GGAGCG GAGCGC AGCGCG GCGCGC CGCGCG GCGCGG CGCGGG GCGGGC CGGGCT GGGCTG GGCTGC GCTGCG CTGCGG TGCGGG GCGGGC CGGGCG GGGCGG GGCGGC GCGGCT CGGCTG GGCTGG GCTGGG CTGGGG TGGGGC GGGGCA GGGCAC GGCACC GCACCG CACCGC ACCGCG CCGCGG CGCGGG GCGGGA CGGGAG GGGAGC GGAGCG GAGCGG AGCGGC GCGGCG CGGCGG GGCGGC GCGGCG CGGCGG GGCGGC GCGGCG CGGCGG GGCGGC GCGGCT CGGCTC GGCTCT GCTCTA CTCTAG TCTAGC CTAGCA TAGCAG AGCAGA GCAGAG CAGAGG AGAGGC GAGGCG AGGCGG GGCGGC GCGGCC CGGCCG GGCCGG GCCGGG CCGGGG CGGGGC GGGGCA GGGCAG GGCAGC GCAGCG CAGCGA AGCGAA GCGAAA CGAAAG GAAAGG AAAGGT AAGGTT AGGTTC GGTTCT GTTCTC TTCTCT TCTCTC CTCTCT TCTCTC CTCTCC TCTCCA CTCCAG TCCAGG CCAGGG CAGGGC AGGGCT GGGCTG GGCTGG GCTGGA CTGGAC TGGACT GGACTT GACTTA ACTTAA CTTAAT TTAATA TAATAA AATAAC ATAACT TAACTT AACTTT ACTTTG CTTTGA TTTGAA TTGAAA TGAAAC GAAACT AAACTG AACTGT ACTGTC CTGTCC TGTCCA GTCCAC TCCACC CCACCG CACCGG ACCGGT CCGGTG CGGTGT GGTGTC GTGTCA TGTCAC GTCACG TCACGT CACGTC ACGTCC CGTCCT GTCCTG TCCTGA CCTGAA CTGAAC TGAACA GAACAT AACATG ACATGA CATGAG ATGAGC TGAGCC GAGCCT AGCCTC GCCTCC CCTCCT CTCCTC TCCTCC CCTCCT CTCCTC TCCTCT CCTCTC CTCTCC TCTCCT CTCCTT TCCTTC CCTTCT CTTCTA TTCTAC TCTACC CTACCT TACCTG ACCTGC CCTGCT CTGCTG TGCTGG GCTGGG CTGGGG TGGGGT GGGGTT GGGTTG GGTTGC GTTGCT TTGCTT TGCTTG GCTTGT CTTGTC TTGTCA TGTCAG GTCAGT TCAGTA CAGTAG AGTAGC GTAGCG TAGCGG AGCGGG GCGGGC CGGGCA GGGCAA GGCAAG GCAAGG CAAGGT AAGGTA AGGTAG GGTAGG GTAGGA TAGGAG AGGAGT GGAGTG GAGTGT AGTGTG GTGTGG TGTGGC GTGGCG TGGCGC GGCGCT GCGCTT CGCTTT GCTTTA CTTTAT TTTATT TTATTG TATTGC ATTGCA TTGCAT TGCATT GCATTT CATTTA ATTTAC TTTACT TTACTT TACTTT ACTTTC CTTTCC TTTCCC TTCCCT TCCCTC CCCTCC CCTCCC CTCCCC TCCCCC	1	0	0.3548358678817749
TTATGA TATGAG ATGAGT TGAGTC GAGTCA AGTCAC GTCACA TCACAA CACAAG ACAAGT CAAGTG AAGTGA AGTGAG GTGAGT TGAGTT GAGTTA AGTTAT GTTATA TTATAA TATAAA ATAAAA TAAAAG AAAAGG AAAGGG AAGGGT AGGGTC GGGTCG GGTCGC GTCGCA TCGCAC CGCACG GCACGT CACGTT ACGTTC CGTTCG GTTCGC TTCGCA TCGCAG CGCAGG GCAGGC CAGGCG AGGCGC GGCGCG GCGCGG CGCGGG GCGGGC CGGGCT GGGCTT GGCTTC GCTTCC CTTCCT TTCCTG TCCTGT CCTGTG CTGTGC TGTGCG GTGCGC TGCGCG GCGCGG CGCGGC GCGGCC CGGCCG GGCCGA GCCGAG CCGAGC CGAGCC GAGCCC AGCCCG GCCCGG CCCGGG CCGGGC CGGGCC GGGCCC GGCCCA GCCCAG CCCAGC CCAGCG CAGCGC AGCGCC GCGCCG CGCCGC GCCGCC CCGCCT CGCCTG GCCTGC CCTGCA CTGCAG TGCAGC GCAGCC CAGCCT AGCCTC GCCTCG CCTCGG CTCGGG TCGGGA CGGGAA GGGAAG GGAAGG GAAGGG AAGGGA AGGGAG GGGAGC GGAGCG GAGCGG AGCGGA GCGGAT CGGATA GGATAG GATAGC ATAGCG TAGCGG AGCGGA GCGGAG CGGAGC GGAGCC GAGCCC AGCCCC GCCCCG CCCCGA CCCGAG CCGAGC CGAGCC GAGCCG AGCCGC GCCGCC CCGCCC CGCCCG GCCCGC CCCGCA CCGCAG CGCAGA GCAGAG CAGAGC AGAGCA GAGCAA AGCAAG GCAAGC CAAGCG AAGCGC AGCGCG GCGCGG CGCGGG GCGGGG CGGGGA GGGGAA GGGAAC GGAACC GAACCA AACCAA ACCAAG CCAAGG CAAGGA AAGGAG AGGAGA GGAGAC GAGACG AGACGC GACGCT ACGCTC CGCTCC GCTCCT CTCCTG TCCTGG CCTGGC CTGGCA TGGCAC GGCACT GCACTG CACTGC ACTGCA CTGCAG TGCAGG GCAGGT CAGGTA AGGTAC GGTACG GTACGC TACGCC ACGCCG CGCCGA GCCGAC CCGACT CGACTT GACTTC ACTTCA CTTCAG TTCAGT TCAGTC CAGTCT AGTCTC GTCTCG TCTCGC CTCGCG TCGCGC CGCGCT GCGCTC CGCTCC GCTCCC CTCCCG TCCCGC CCCGCC CCGCCC CGCCCG GCCCGC CCCGCC CCGCCT CGCCTT GCCTTT CCTTTC CTTTCC TTTCCT TTCCTC TCCTCT CCTCTC CTCTCT TCTCTT CTCTTG TCTTGA CTTGAA TTGAAC TGAACG GAACGT AACGTG ACGTGG CGTGGC GTGGCA TGGCAG GGCAGG GCAGGG CAGGGA AGGGAC GGGACG GGACGC GACGCC ACGCCG CGCCGG GCCGGG CCGGGG CGGGGG GGGGGA GGGGAC GGGACT GGACTT GACTTC ACTTCG CTTCGG TTCGGT TCGGTG CGGTGC GGTGCG GTGCGA TGCGAG GCGAGG CGAGGG GAGGGT AGGGTC GGGTCA GGTCAC GTCACC TCACCG CACCGC ACCGCC CCGCCG CGCCGG GCCGGG CCGGGT CGGGTT GGGTTA GGTTAA GTTAAC TTAACT TAACTG AACTGG ACTGGC CTGGCG TGGCGA GGCGAG GCGAGG CGAGGC GAGGCA AGGCAA GGCAAG GCAAGG CAAGGC AAGGCG AGGCGG GGCGGG GCGGGG CGGGGG GGGGGC GGGGCA GGGCAG GGCAGC GCAGCG CAGCGC	1	1	0.5809580087661743
CCAGCG CAGCGA AGCGAG GCGAGT CGAGTG GAGTGC AGTGCA GTGCAA TGCAAG GCAAGA CAAGAA AAGAAC AGAACC GAACCG AACCGG ACCGGG CCGGGC CGGGCA GGGCAG GGCAGC GCAGCC CAGCCG AGCCGA GCCGAG CCGAGC CGAGCG GAGCGG AGCGGT GCGGTC CGGTCC GGTCCT GTCCTT TCCTTT CCTTTT CTTTTA TTTTAT TTTATA TTATAG TATAGT ATAGTG TAGTGG AGTGGA GTGGAC TGGACC GGACCA GACCAG ACCAGT CCAGTG CAGTGA AGTGAA GTGAAA TGAAAC GAAACC AAACCC AACCCC ACCCCC CCCCCA CCCCAC CCCACC CCACCC CACCCC ACCCCC CCCCCA CCCCAC CCCACC CCACCC CACCCC ACCCCA CCCCAC CCCACT CCACTC CACTCC ACTCCT CTCCTC TCCTCC CCTCCC CTCCCC TCCCCT CCCCTT CCCTTT CCTTTG CTTTGG TTTGGC TTGGCC TGGCCC GGCCCT GCCCTT CCCTTT CCTTTT CTTTTC TTTTCC TTTCCA TTCCAT TCCATC CCATCC CATCCC ATCCCA TCCCAA CCCAAA CCAAAG CAAAGA AAAGAC AAGACG AGACGC GACGCC ACGCCG CGCCGC GCCGCC CCGCCC CGCCCC GCCCCC CCCCCG CCCCGG CCCGGC CCGGCT CGGCTC GGCTCC GCTCCG CTCCGT TCCGTT CCGTTG CGTTGG GTTGGT TTGGTG TGGTGC GGTGCT GTGCTA TGCTAA GCTAAA CTAAAC TAAACC AAACCG AACCGC ACCGCG CCGCGC CGCGCT GCGCTC CGCTCC GCTCCG CTCCGC TCCGCG CCGCGC CGCGCT GCGCTG CGCTGC GCTGCG CTGCGG TGCGGG GCGGGC CGGGCT GGGCTC GGCTCG GCTCGG CTCGGG TCGGGA CGGGAG GGGAGG GGAGGG GAGGGG AGGGGG GGGGGA GGGGAG GGGAGG GGAGGG GAGGGG AGGGGG GGGGGC GGGGCA GGGCAG GGCAGC GCAGCC CAGCCT AGCCTC GCCTCC CCTCCG CTCCGC TCCGCG CCGCGC CGCGCT GCGCTG CGCTGG GCTGGC CTGGCT TGGCTC GGCTCC GCTCCA CTCCAC TCCACG CCACGC CACGCC ACGCCA CGCCAC GCCACT CCACTG CACTGC ACTGCT CTGCTC TGCTCG GCTCGT CTCGTC TCGTCA CGTCAA GTCAAT TCAATC CAATCT AATCTA ATCTAG TCTAGG CTAGGG TAGGGG AGGGGC GGGGCG GGGCGG GGCGGA GCGGAA CGGAAG GGAAGG GAAGGG AAGGGG AGGGGC GGGGCG GGGCGC GGCGCT GCGCTG CGCTGT GCTGTG CTGTGA TGTGAC GTGACC TGACCA GACCAG ACCAGC CCAGCA CAGCAC AGCACT GCACTT CACTTT ACTTTG CTTTGT TTTGTA TTGTAC TGTACT GTACTG TACTGC ACTGCT CTGCTG TGCTGG GCTGGG CTGGGG TGGGGC GGGGCC GGGCCG GGCCGC GCCGCT CCGCTC CGCTCC GCTCCA CTCCAG TCCAGG CCAGGG CAGGGA AGGGAG GGGAGA GGAGAA GAGAAG AGAAGA GAAGAC AAGACT AGACTC GACTCT ACTCTC CTCTCC TCTCCC CTCCCT TCCCTT CCCTTC CCTTCC CTTCCA TTCCAC TCCACC CCACCG CACCGC ACCGCT CCGCTT CGCTTT GCTTTT CTTTTC TTTTCT TTTCTC TTCTCC TCTCCC CTCCCT TCCCTC CCCTCG CCTCGC	1	0	0.27067095041275024
GCGAGC CGAGCG GAGCGC AGCGCT GCGCTG CGCTGT GCTGTG CTGTGA TGTGAA GTGAAG TGAAGA GAAGAT AAGATG AGATGC GATGCG ATGCGA TGCGAG GCGAGG CGAGGA GAGGAG AGGAGG GGAGGT GAGGTG AGGTGG GGTGGA GTGGAA TGGAAC GGAACA GAACAA AACAAT ACAATG CAATGA AATGAA ATGAAT TGAATT GAATTT AATTTA ATTTAT TTTATA TTATAG TATAGC ATAGCG TAGCGG AGCGGC GCGGCA CGGCAT GGCATG GCATGC CATGCC ATGCCA TGCCAT GCCATC CCATCC CATCCT ATCCTG TCCTGC CCTGCA CTGCAA TGCAAT GCAATG CAATGG AATGGC ATGGCA TGGCAA GGCAAT GCAATT CAATTT AATTTC ATTTCA TTTCAA TTCAAC TCAACA CAACAG AACAGT ACAGTT CAGTTC AGTTCG GTTCGT TTCGTC TCGTCA CGTCAC GTCACT TCACTG CACTGC ACTGCA CTGCAC TGCACG GCACGC CACGCT ACGCTG CGCTGC GCTGCC CTGCCT TGCCTC GCCTCT CCTCTT CTCTTA TCTTAA CTTAAA TTAAAG TAAAGG AAAGGG AAGGGA AGGGAG GGGAGA GGAGAG GAGAGC AGAGCT GAGCTT AGCTTC GCTTCC CTTCCC TTCCCC TCCCCC CCCCCA CCCCAC CCCACC CCACCA CACCAC ACCACT CCACTC CACTCC ACTCCC CTCCCA TCCCAC CCCACC CCACCC CACCCT ACCCTT CCCTTC CCTTCC CTTCCC TTCCCA TCCCAG CCCAGT CCAGTC CAGTCC AGTCCG GTCCGC TCCGCG CCGCGC CGCGCC GCGCCT CGCCTA GCCTAA CCTAAT CTAATC TAATCA AATCAG ATCAGA TCAGAT CAGATG AGATGG GATGGG ATGGGG TGGGGG GGGGGA GGGGAG GGGAGG GGAGGG GAGGGC AGGGCA GGGCAA GGCAAA GCAAAA CAAAAG AAAAGA AAAGAG AAGAGG AGAGGA GAGGAG AGGAGG GGAGGG GAGGGT AGGGTG GGGTGA GGTGAT GTGATC TGATCG GATCGA ATCGAG TCGAGG CGAGGA GAGGAA AGGAAA GGAAAG GAAAGG AAAGGG AAGGGA AGGGAG GGGAGA GGAGAC GAGACG AGACGA GACGAA ACGAAG CGAAGT GAAGTA AAGTAG AGTAGG GTAGGA TAGGAG AGGAGG GGAGGA GAGGAA AGGAAG GGAAGG GAAGGG AAGGGA AGGGAC GGGACT GGACTG GACTGG ACTGGG CTGGGA TGGGAC GGGACC GGACCC GACCCG ACCCGG CCCGGC CCGGCG CGGCGA GGCGAG GCGAGG CGAGGT GAGGTG AGGTGG GGTGGT GTGGTA TGGTAG GGTAGG GTAGGA TAGGAG AGGAGG GGAGGG GAGGGG AGGGGA GGGGAG GGGAGA GGAGAG GAGAGG AGAGGG GAGGGG AGGGGA GGGGAA GGGAAA GGAAAA GAAAAT AAAATA AAATAA AATAAA ATAAAA TAAAAA AAAAAG AAAAGT AAAGTA AAGTAA AGTAAT GTAATG TAATGG AATGGG ATGGGG TGGGGC GGGGCA GGGCAA GGCAAG GCAAGA CAAGAA AAGAAA AGAAAA GAAAAA AAAAAC AAAACA AAACAG AACAGA ACAGAT CAGATT AGATTT GATTTC ATTTCC TTTCCT TTCCTT TCCTTG CCTTGG CTTGGC TTGGCC TGGCCA GGCCAC GCCACT CCACTT CACTTT ACTTTT CTTTTA TTTTAA	1	0	0.14339688420295715
GCGCGG CGCGGA GCGGAG CGGAGG GGAGGT GAGGTC AGGTCT GGTCTG GTCTGG TCTGGC CTGGCC TGGCCT GGCCTA GCCTAT CCTATA CTATAA TATAAA ATAAAG TAAAGT AAAGTA AAGTAG AGTAGT GTAGTC TAGTCG AGTCGC GTCGCG TCGCGG CGCGGA GCGGAG CGGAGA GGAGAC GAGACG AGACGG GACGGG ACGGGG CGGGGT GGGGTG GGGTGC GGTGCT GTGCTG TGCTGG GCTGGT CTGGTT TGGTTT GGTTTG GTTTGC TTTGCG TTGCGT TGCGTC GCGTCG CGTCGT GTCGTA TCGTAG CGTAGT GTAGTC TAGTCT AGTCTC GTCTCC TCTCCT CTCCTG TCCTGC CCTGCA CTGCAG TGCAGC GCAGCG CAGCGT AGCGTC GCGTCT CGTCTG GTCTGG TCTGGG CTGGGG TGGGGT GGGGTT GGGTTT GGTTTC GTTTCC TTTCCG TTCCGT TCCGTT CCGTTG CGTTGC GTTGCA TTGCAG TGCAGT GCAGTC CAGTCC AGTCCT GTCCTC TCCTCG CCTCGG CTCGGA TCGGAA CGGAAC GGAACC GAACCA AACCAG ACCAGG CCAGGA CAGGAC AGGACC GGACCT GACCTC ACCTCG CCTCGG CTCGGC TCGGCG CGGCGT GGCGTG GCGTGG CGTGGC GTGGCC TGGCCT GGCCTA GCCTAG CCTAGC CTAGCG TAGCGA AGCGAG GCGAGT CGAGTT GAGTTA AGTTAT GTTATG TTATGG TATGGC ATGGCG TGGCGA GGCGAC GCGACG CGACGA GACGAA ACGAAG CGAAGG GAAGGC AAGGCC AGGCCG GGCCGT GCCGTG CCGTGT CGTGTG GTGTGC TGTGCG GTGCGT TGCGTG GCGTGC CGTGCT GTGCTG TGCTGA GCTGAA CTGAAG TGAAGG GAAGGG AAGGGC AGGGCG GGGCGA GGCGAC GCGACG CGACGG GACGGC ACGGCC CGGCCC GGCCCA GCCCAG CCCAGT CCAGTG CAGTGC AGTGCA GTGCAG TGCAGG GCAGGG CAGGGC AGGGCA GGGCAT GGCATC GCATCA CATCAT ATCATC TCATCA CATCAA ATCAAT TCAATT CAATTT AATTTC ATTTCG TTTCGA TTCGAG TCGAGC CGAGCA GAGCAG AGCAGA GCAGAA CAGAAG AGAAGG GAAGGC AAGGCA AGGCAA GGCAAG GCAAGG CAAGGG AAGGGC AGGGCT GGGCTG GGCTGG GCTGGG CTGGGA TGGGAC GGGACG GGACGG GACGGA ACGGAG CGGAGG GGAGGC GAGGCT AGGCTT GGCTTG GCTTGT CTTGTT TTGTTT TGTTTG GTTTGC TTTGCG TTGCGA TGCGAG GCGAGG CGAGGC GAGGCC AGGCCG GGCCGC GCCGCT CCGCTC CGCTCC GCTCCC CTCCCA TCCCAC CCCACC CCACCC CACCCG ACCCGC CCCGCT CCGCTC CGCTCG GCTCGT CTCGTC TCGTCC CGTCCC GTCCCC TCCCCC CCCCCC CCCCCG CCCCGC CCCGCG CCGCGC CGCGCA GCGCAC CGCACC GCACCT CACCTT ACCTTT CCTTTG CTTTGC TTTGCT TTGCTA TGCTAG GCTAGG CTAGGA TAGGAG AGGAGC GGAGCG GAGCGG AGCGGG GCGGGT CGGGTC GGGTCG GGTCGC GTCGCC TCGCCC CGCCCG GCCCGC CCCGCC CCGCCA CGCCAG GCCAGG CCAGGC CAGGCC AGGCCT GGCCTC GCCTCG CCTCGG CTCGGG TCGGGG CGGGGC GGGGCC GGGCCG GGCCGC	1	0	0.3821623921394348
GTCGCC TCGCCG CGCCGC GCCGCT CCGCTG CGCTGC GCTGCC CTGCCA TGCCAC GCCACC CCACCG CACCGG ACCGGG CCGGGC CGGGCT GGGCTA GGCTAT GCTATA CTATAA TATAAA ATAAAA TAAAAA AAAAAC AAAACC AAACCG AACCGG ACCGGC CCGGCC CGGCCG GGCCGA GCCGAG CCGAGC CGAGCC GAGCCC AGCCCC GCCCCT CCCCTA CCCTAA CCTAAA CTAAAG TAAAGG AAAGGT AAGGTG AGGTGC GGTGCG GTGCGG TGCGGA GCGGAT CGGATG GGATGC GATGCT ATGCTT TGCTTA GCTTAT CTTATT TTATTA TATTAT ATTATA TTATAG TATAGA ATAGAT TAGATC AGATCG GATCGA ATCGAC TCGACG CGACGC GACGCG ACGCGA CGCGAC GCGACA CGACAC GACACC ACACCA CACCAG ACCAGC CCAGCG CAGCGC AGCGCC GCGCCC CGCCCG GCCCGG CCCGGT CCGGTG CGGTGC GGTGCC GTGCCA TGCCAG GCCAGG CCAGGT CAGGTT AGGTTC GGTTCT GTTCTC TTCTCC TCTCCC CTCCCC TCCCCT CCCCTG CCCTGA CCTGAG CTGAGG TGAGGC GAGGCT AGGCTT GGCTTT GCTTTT CTTTTC TTTTCG TTTCGG TTCGGA TCGGAG CGGAGC GGAGCG GAGCGA AGCGAG GCGAGC CGAGCT GAGCTC AGCTCC GCTCCT CTCCTC TCCTCA CCTCAA CTCAAA TCAAAT CAAATC AAATCG AATCGC ATCGCA TCGCAT CGCATC GCATCC CATCCA ATCCAG TCCAGA CCAGAG CAGAGT AGAGTA GAGTAA AGTAAG GTAAGT TAAGTG AAGTGT AGTGTC GTGTCC TGTCCC GTCCCC TCCCCG CCCCGC CCCGCC CCGCCC CGCCCC GCCCCA CCCCAC CCCACA CCACAG CACAGC ACAGCA CAGCAG AGCAGC GCAGCC CAGCCG AGCCGC GCCGCA CCGCAG CGCAGC GCAGCC CAGCCT AGCCTA GCCTAG CCTAGA CTAGAT TAGATC AGATCC GATCCC ATCCCA TCCCAG CCCAGG CCAGGG CAGGGA AGGGAC GGGACA GGACAG GACAGA ACAGAC CAGACT AGACTC GACTCT ACTCTC CTCTCC TCTCCT CTCCTC TCCTCA CCTCAA CTCAAC TCAACT CAACTC AACTCG ACTCGG CTCGGC TCGGCT CGGCTG GGCTGT GCTGTG CTGTGA TGTGAC GTGACC TGACCC GACCCA ACCCAG CCCAGA CCAGAA CAGAAT AGAATG GAATGC AATGCT ATGCTC TGCTCC GCTCCG CTCCGA TCCGAT CCGATA CGATAC GATACA ATACAG TACAGG ACAGGG CAGGGG AGGGGG GGGGGT GGGGTC GGGTCT GGTCTG GTCTGG TCTGGA CTGGAT TGGATC GGATCC GATCCC ATCCCT TCCCTA CCCTAC CCTACT CTACTC TACTCT ACTCTG CTCTGC TCTGCG CTGCGG TGCGGG GCGGGC CGGGCC GGGCCA GGCCAT GCCATT CCATTT CATTTC ATTTCT TTTCTC TTCTCC TCTCCA CTCCAG TCCAGA CCAGAG CAGAGC AGAGCG GAGCGA AGCGAC GCGACT CGACTT GACTTT ACTTTG CTTTGC TTTGCT TTGCTC TGCTCT GCTCTT CTCTTC TCTTCT CTTCTG TTCTGT TCTGTC CTGTCC TGTCCT GTCCTC TCCTCC CCTCCC CTCCCC TCCCCA CCCCAC CCCACA CCACAC CACACT ACACTC	1	0	0.10793381184339523
CACGAT ACGATA CGATAG GATAGG ATAGGC TAGGCA AGGCAA GGCAAC GCAACC CAACCT AACCTC ACCTCA CCTCAG CTCAGA TCAGAC CAGACC AGACCA GACCAT ACCATA CCATAA CATAAA ATAAAT TAAATC AAATCT AATCTC ATCTCC TCTCCT CTCCTG TCCTGT CCTGTT CTGTTA TGTTAC GTTACG TTACGC TACGCC ACGCCT CGCCTA GCCTAC CCTACA CTACAT TACATG ACATGG CATGGG ATGGGG TGGGGA GGGGAG GGGAGG GGAGGA GAGGAG AGGAGG GGAGGG GAGGGG AGGGGG GGGGGA GGGGAG GGGAGA GGAGAG GAGAGT AGAGTG GAGTGC AGTGCT GTGCTA TGCTAA GCTAAT CTAATC TAATCC AATCCT ATCCTG TCCTGC CCTGCC CTGCCC TGCCCC GCCCCC CCCCCA CCCCAC CCCACA CCACAC CACACA ACACAG CACAGC ACAGCC CAGCCC AGCCCC GCCCCT CCCCTG CCCTGC CCTGCT CTGCTG TGCTGA GCTGAT CTGATT TGATTG GATTGG ATTGGC TTGGCT TGGCTC GGCTCA GCTCAT CTCATT TCATTC CATTCG ATTCGG TTCGGC TCGGCT CGGCTT GGCTTG GCTTGT CTTGTC TTGTCA TGTCAC GTCACT TCACTC CACTCT ACTCTG CTCTGT TCTGTT CTGTTG TGTTGT GTTGTC TTGTCT TGTCTT GTCTTA TCTTAC CTTACA TTACAT TACATT ACATTT CATTTC ATTTCT TTTCTT TTCTTT TCTTTG CTTTGG TTTGGC TTGGCT TGGCTC GGCTCA GCTCAC CTCACC TCACCC CACCCT ACCCTC CCCTCT CCTCTT CTCTTT TCTTTG CTTTGG TTTGGG TTGGGT TGGGTT GGGTTC GGTTCG GTTCGC TTCGCA TCGCAC CGCACG GCACGG CACGGT ACGGTG CGGTGG GGTGGG GTGGGC TGGGCG GGGCGG GGCGGG GCGGGG CGGGGC GGGGCC GGGCCA GGCCAG GCCAGT CCAGTG CAGTGG AGTGGT GTGGTA TGGTAG GGTAGG GTAGGG TAGGGG AGGGGG GGGGGT GGGGTG GGGTGG GGTGGT GTGGTG TGGTGA GGTGAG GTGAGA TGAGAA GAGAAG AGAAGG GAAGGT AAGGTG AGGTGC GGTGCG GTGCGG TGCGGG GCGGGC CGGGCC GGGCCC GGCCCC GCCCCT CCCCTT CCCTTC CCTTCT CTTCTT TTCTTC TCTTCC CTTCCA TTCCAA TCCAAT CCAATT CAATTG AATTGG ATTGGC TTGGCT TGGCTG GGCTGG GCTGGC CTGGCG TGGCGG GGCGGT GCGGTT CGGTTT GGTTTC GTTTCC TTTCCC TTCCCC TCCCCA CCCCAC CCCACC CCACCC CACCCA ACCCAC CCCACT CCACTT CACTTA ACTTAT CTTATG TTATGG TATGGG ATGGGC TGGGCG GGGCGG GGCGGA GCGGAG CGGAGA GGAGAT GAGATG AGATGG GATGGA ATGGAT TGGATG GGATGG GATGGT ATGGTG TGGTGG GGTGGA GTGGAT TGGATG GGATGG GATGGG ATGGGG TGGGGG GGGGGG GGGGGC GGGGCG GGGCGG GGCGGG GCGGGG CGGGGG GGGGGA GGGGAG GGGAGG GGAGGC GAGGCA AGGCAG GGCAGC GCAGCG CAGCGG AGCGGA GCGGAG CGGAGG GGAGGG GAGGGA AGGGAG GGGAGA GGAGAT GAGATG AGATGA GATGAG ATGAGG TGAGGA GAGGAG AGGAGA	1	0	0.0782259851694107
TCCAAG CCAAGA CAAGAG AAGAGG AGAGGC GAGGCT AGGCTG GGCTGT GCTGTA CTGTAG TGTAGG GTAGGT TAGGTT AGGTTC GGTTCC GTTCCT TTCCTT TCCTTC CCTTCT CTTCTT TTCTTG TCTTGA CTTGAG TTGAGC TGAGCT GAGCTG AGCTGG GCTGGT CTGGTG TGGTGC GGTGCT GTGCTT TGCTTA GCTTAT CTTATA TTATAA TATAAA ATAAAG TAAAGC AAAGCA AAGCAG AGCAGT GCAGTA CAGTAA AGTAAG GTAAGG TAAGGG AAGGGC AGGGCC GGGCCA GGCCAG GCCAGC CCAGCC CAGCCC AGCCCC GCCCCC CCCCCA CCCCAC CCCACT CCACTC CACTCC ACTCCC CTCCCT TCCCTG CCCTGG CCTGGG CTGGGG TGGGGA GGGGAA GGGAAA GGAAAA GAAAAA AAAAAA AAAAAA AAAAAA AAAAAA AAAAAG AAAAGT AAAGTG AAGTGC AGTGCA GTGCAG TGCAGC GCAGCT CAGCTT AGCTTC GCTTCC CTTCCA TTCCAC TCCACA CCACAG CACAGC ACAGCA CAGCAT AGCATC GCATCC CATCCT ATCCTG TCCTGT CCTGTT CTGTTT TGTTTG GTTTGG TTTGGA TTGGAC TGGACA GGACAG GACAGC ACAGCA CAGCAA AGCAAA GCAAAT CAAATT AAATTC AATTCC ATTCCT TTCCTG TCCTGA CCTGAG CTGAGT TGAGTC GAGTCA AGTCAA GTCAAG TCAAGT CAAGTC AAGTCC AGTCCT GTCCTG TCCTGC CCTGCA CTGCAT TGCATG GCATGC CATGCT ATGCTT TGCTTG GCTTGC CTTGCA TTGCAG TGCAGG GCAGGC CAGGCA AGGCAG GGCAGA GCAGAC CAGACA AGACAG GACAGG ACAGGG CAGGGA AGGGAC GGGACA GGACAA GACAAA ACAAAG CAAAGT AAAGTG AAGTGT AGTGTA GTGTAA TGTAAG GTAAGT TAAGTT AAGTTT AGTTTC GTTTCT TTTCTA TTCTAC TCTACT CTACTG TACTGG ACTGGA CTGGAA TGGAAA GGAAAG GAAAGA AAAGAG AAGAGG AGAGGT GAGGTG AGGTGA GGTGAC GTGACG TGACGT GACGTC ACGTCA CGTCAA GTCAAC TCAACA CAACAC AACACC ACACCT CACCTT ACCTTA CCTTAG CTTAGT TTAGTC TAGTCA AGTCAT GTCATT TCATTT CATTTT ATTTTC TTTTCC TTTCCC TTCCCT TCCCTA CCCTAT CCTATG CTATGC TATGCT ATGCTA TGCTAA GCTAAT CTAATT TAATTA AATTAA ATTAAC TTAACT TAACTT AACTTT ACTTTG CTTTGC TTTGCT TTGCTT TGCTTG GCTTGG CTTGGG TTGGGG TGGGGA GGGGAG GGGAGA GGAGAA GAGAAT AGAATG GAATGG AATGGA ATGGAA TGGAAA GGAAAA GAAAAA AAAAAA AAAAAC AAAACA AAACAG AACAGC ACAGCT CAGCTG AGCTGA GCTGAG CTGAGG TGAGGT GAGGTT AGGTTT GGTTTG GTTTGC TTTGCT TTGCTT TGCTTC GCTTCA CTTCAC TTCACA TCACAG CACAGC ACAGCT CAGCTG AGCTGC GCTGCT CTGCTT TGCTTT GCTTTA CTTTAT TTTATC TTATCA TATCAA ATCAAC TCAACC CAACCT AACCTC ACCTCT CCTCTC CTCTCT TCTCTT CTCTTG TCTTGC CTTGCA TTGCAG TGCAGC GCAGCA CAGCAT AGCATA GCATAG CATAGT ATAGTT	1	0	0.1059875413775444
GAGCCG AGCCGG GCCGGG CCGGGG CGGGGC GGGGCC GGGCCT GGCCTT GCCTTT CCTTTT CTTTTT TTTTTC TTTTCT TTTCTT TTCTTT TCTTTA CTTTAA TTTAAG TTAAGA TAAGAC AAGACT AGACTC GACTCG ACTCGC CTCGCA TCGCAG CGCAGC GCAGCA CAGCAC AGCACT GCACTG CACTGG ACTGGA CTGGAT TGGATC GGATCC GATCCC ATCCCA TCCCAG CCCAGA CCAGAA CAGAAC AGAACT GAACTT AACTTA ACTTAG CTTAGT TTAGTC TAGTCT AGTCTG GTCTGC TCTGCG CTGCGC TGCGCG GCGCGG CGCGGC GCGGCG CGGCGG GGCGGC GCGGCA CGGCAT GGCATT GCATTG CATTGA ATTGAC TTGACA TGACAC GACACT ACACTA CACTAG ACTAGC CTAGCT TAGCTG AGCTGG GCTGGG CTGGGC TGGGCT GGGCTC GGCTCC GCTCCT CTCCTC TCCTCG CCTCGG CTCGGG TCGGGG CGGGGC GGGGCG GGGCGC GGCGCG GCGCGC CGCGCC GCGCCC CGCCCC GCCCCA CCCCAG CCCAGG CCAGGT CAGGTG AGGTGG GGTGGT GTGGTC TGGTCC GGTCCG GTCCGA TCCGAA CCGAAG CGAAGC GAAGCC AAGCCC AGCCCG GCCCGG CCCGGT CCGGTC CGGTCC GGTCCG GTCCGC TCCGCC CCGCCC CGCCCT GCCCTC CCCTCC CCTCCA CTCCAC TCCACG CCACGC CACGCA ACGCAG CGCAGG GCAGGT CAGGTG AGGTGC GGTGCC GTGCCC TGCCCC GCCCCG CCCCGC CCCGCG CCGCGC CGCGCT GCGCTC CGCTCC GCTCCC CTCCCC TCCCCG CCCCGC CCCGCT CCGCTC CGCTCA GCTCAG CTCAGC TCAGCC CAGCCA AGCCAT GCCATG CCATGT CATGTC ATGTCG TGTCGT GTCGTC TCGTCC CGTCCT GTCCTG TCCTGC CCTGCA CTGCAG TGCAGC GCAGCC CAGCCG AGCCGC GCCGCG CCGCGT CGCGTG GCGTGG CGTGGC GTGGCG TGGCGC GGCGCT GCGCTG CGCTGG GCTGGT CTGGTG TGGTGA GGTGAC GTGACC TGACCG GACCGG ACCGGG CCGGGG CGGGGC GGGGCC GGGCCA GGCCAA GCCAAC CCAACA CAACAG AACAGG ACAGGG CAGGGG AGGGGC GGGGCA GGGCAT GGCATC GCATCG CATCGG ATCGGC TCGGCT CGGCTT GGCTTG GCTTGG CTTGGC TTGGCC TGGCCA GGCCAT GCCATC CCATCG CATCGC ATCGCG TCGCGC CGCGCG GCGCGC CGCGCG GCGCGA CGCGAA GCGAAC CGAACT GAACTG AACTGT ACTGTG CTGTGC TGTGCC GTGCCG TGCCGA GCCGAC CCGACA CGACAG GACAGT ACAGTT CAGTTC AGTTCT GTTCTC TTCTCT TCTCTG CTCTGG TCTGGG CTGGGG TGGGGA GGGGAT GGGATG GGATGT GATGTG ATGTGG TGTGGT GTGGTG TGGTGC GGTGCT GTGCTC TGCTCA GCTCAC CTCACC TCACCG CACCGC ACCGCG CCGCGC CGCGCG GCGCGG CGCGGG GCGGGA CGGGAC GGGACG GGACGT GACGTG ACGTGG CGTGGC GTGGCG TGGCGC GGCGCG GCGCGG CGCGGG GCGGGG CGGGGC GGGGCC GGGCCA GGCCAG GCCAGG CCAGGC CAGGCG AGGCGG GGCGGC GCGGCC CGGCCG GGCCGT GCCGTG CCGTGC CGTGCA GTGCAG	1	0	0.41155770421028137
GAAGAA AAGAAT AGAATG GAATGA AATGAG ATGAGG TGAGGG GAGGGC AGGGCT GGGCTG GGCTGA GCTGAG CTGAGC TGAGCC GAGCCG AGCCGA GCCGAG CCGAGG CGAGGG GAGGGT AGGGTG GGGTGA GGTGAG GTGAGG TGAGGC GAGGCC AGGCCC GGCCCC GCCCCT CCCCTT CCCTTA CCTTAT CTTATA TTATAA TATAAA ATAAAA TAAAAC AAAACC AAACCA AACCAT ACCATC CCATCA CATCAG ATCAGA TCAGAT CAGATC AGATCT GATCTC ATCTCA TCTCAT CTCATG TCATGA CATGAG ATGAGA TGAGAA GAGAAC AGAACT GAACTT AACTTA ACTTAC CTTACT TTACTC TACTCA ACTCAC CTCACT TCACTA CACTAT ACTATC CTATCA TATCAT ATCATG TCATGA CATGAG ATGAGA TGAGAA GAGAAT AGAATA GAATAG AATAGC ATAGCA TAGCAT AGCATG GCATGG CATGGT ATGGTG TGGTGG GGTGGA GTGGAA TGGAAA GGAAAC GAAACC AAACCA AACCAC ACCACC CCACCG CACCGA ACCGAC CCGACA CGACAT GACATG ACATGA CATGAT ATGATT TGATTC GATTCA ATTCAA TTCAAT TCAATT CAATTA AATTAC ATTACC TTACCT TACCTC ACCTCC CCTCCC CTCCCA TCCCAC CCCACT CCACTG CACTGG ACTGGG CTGGGT TGGGTC GGGTCC GGTCCC GTCCCT TCCCTC CCCTCC CCTCCC CTCCCC TCCCCA CCCCAC CCCACG CCACGA CACGAC ACGACA CGACAC GACACG ACACGT CACGTG ACGTGG CGTGGG GTGGGG TGGGGA GGGGAT GGGATT GGATTA GATTAT ATTATG TTATGG TATGGG ATGGGA TGGGAA GGGAAC GGAACT GAACTA AACTAC ACTACA CTACAA TACAAT ACAATT CAATTC AATTCA ATTCAA TTCAAG TCAAGA CAAGAT AAGATG AGATGA GATGAG ATGAGA TGAGAT GAGATT AGATTT GATTTG ATTTGG TTTGGA TTGGAT TGGATG GGATGG GATGGG ATGGGG TGGGGA GGGGAC GGGACA GGACAC GACACA ACACAG CACAGA ACAGAC CAGACA AGACAA GACAAA ACAAAC CAAACC AAACCA AACCAT ACCATA CCATAT CATATC ATATCA TATCAT ATCATT TCATTC CATTCT ATTCTG TTCTGC TCTGCC CTGCCC TGCCCT GCCCTG CCCTGG CCTGGC CTGGCC TGGCCC GGCCCC GCCCCT CCCCTC CCCTCT CCTCTC CTCTCA TCTCAA CTCAAA TCAAAT CAAATC AAATCT AATCTC ATCTCA TCTCAT CTCATG TCATGT CATGTC ATGTCC TGTCCT GTCCTC TCCTCA CCTCAC CTCACA TCACAT CACATT ACATTT CATTTC ATTTCA TTTCAA TTCAAA TCAAAA CAAAAC AAAACA AAACAC AACACA ACACAA CACAAT ACAATC CAATCA AATCAT ATCATG TCATGT CATGTC ATGTCC TGTCCT GTCCTT TCCTTC CCTTCC CTTCCA TTCCAA TCCAAC CCAACA CAACAG AACAGT ACAGTC CAGTCC AGTCCC GTCCCC TCCCCC CCCCCA CCCCAA CCCAAG CCAAGG CAAGGA AAGGAC AGGACT GGACTT GACTTA ACTTAA CTTAAC TTAACT TAACTC AACTCA ACTCAT CTCATT TCATTC CATTCC ATTCCA TTCCAG TCCAGC	1	0	0.0796717032790184
CCCGAA CCGAAG CGAAGG GAAGGC AAGGCG AGGCGG GGCGGG GCGGGT CGGGTC GGGTCT GGTCTG GTCTGC TCTGCC CTGCCA TGCCAT GCCATA CCATAA CATAAA ATAAAC TAAACA AAACAA AACAAA ACAAAC CAAACG AAACGC AACGCG ACGCGG CGCGGC GCGGCT CGGCTC GGCTCG GCTCGG CTCGGC TCGGCC CGGCCG GGCCGC GCCGCA CCGCAC CGCACG GCACGT CACGTG ACGTGG CGTGGA GTGGAC TGGACA GGACAG GACAGC ACAGCG CAGCGG AGCGGA GCGGAG CGGAGG GGAGGT GAGGTG AGGTGC GGTGCT GTGCTG TGCTGC GCTGCG CTGCGC TGCGCC GCGCCT CGCCTA GCCTAG CCTAGC CTAGCC TAGCCA AGCCAC GCCACA CCACAC CACACA ACACAT CACATC ACATCG CATCGC ATCGCG TCGCGG CGCGGG GCGGGC CGGGCT GGGCTC GGCTCC GCTCCG CTCCGG TCCGGC CCGGCG CGGCGC GGCGCT GCGCTG CGCTGC GCTGCG CTGCGT TGCGTC GCGTCT CGTCTC GTCTCC TCTCCA CTCCAG TCCAGG CCAGGC CAGGCA AGGCAC GGCACA GCACAG CACAGG ACAGGG CAGGGA AGGGAG GGGAGC GGAGCC GAGCCG AGCCGC GCCGCC CCGCCA CGCCAG GCCAGG CCAGGA CAGGAA AGGAAG GGAAGG GAAGGG AAGGGC AGGGCA GGGCAG GGCAGG GCAGGA CAGGAG AGGAGA GGAGAG GAGAGC AGAGCG GAGCGC AGCGCG GCGCGC CGCGCC GCGCCC CGCCCG GCCCGG CCCGGG CCGGGC CGGGCC GGGCCA GGCCAG GCCAGG CCAGGG CAGGGC AGGGCC GGGCCC GGCCCG GCCCGG CCCGGC CCGGCC CGGCCC GGCCCC GCCCCA CCCCAG CCCAGC CCAGCC CAGCCG AGCCGC GCCGCC CCGCCT CGCCTG GCCTGC CCTGCG CTGCGA TGCGAC GCGACT CGACTC GACTCG ACTCGC CTCGCT TCGCTC CGCTCC GCTCCC CTCCCC TCCCCT CCCCTC CCCTCC CCTCCG CTCCGC TCCGCT CCGCTG CGCTGG GCTGGG CTGGGC TGGGCT GGGCTC GGCTCC GCTCCC CTCCCG TCCCGC CCCGCT CCGCTC CGCTCC GCTCCA CTCCAT TCCATG CCATGG CATGGC ATGGCT TGGCTC GGCTCC GCTCCG CTCCGC TCCGCG CCGCGG CGCGGC GCGGCC CGGCCA GGCCAC GCCACC CCACCG CACCGC ACCGCC CCGCCG CGCCGC GCCGCC CCGCCC CGCCCC GCCCCT CCCCTG CCCTGT CCTGTC CTGTCG TGTCGC GTCGCC TCGCCC CGCCCT GCCCTC CCCTCC CCTCCG CTCCGG TCCGGT CCGGTC CGGTCC GGTCCG GTCCGG TCCGGA CCGGAG CGGAGG GGAGGG GAGGGG AGGGGC GGGGCC GGGCCT GGCCTT GCCTTG CCTTGC CTTGCC TTGCCG TGCCGC GCCGCA CCGCAG CGCAGC GCAGCC CAGCCG AGCCGG GCCGGT CCGGTT CGGTTC GGTTCG GTTCGA TTCGAG TCGAGC CGAGCA GAGCAC AGCACT GCACTC CACTCG ACTCGA CTCGAC TCGACG CGACGA GACGAA ACGAAG CGAAGG GAAGGA AAGGAG AGGAGT GGAGTA GAGTAA AGTAAG GTAAGC TAAGCA AAGCAG AGCAGC GCAGCG CAGCGC AGCGCC GCGCCT CGCCTC GCCTCC CCTCCG CTCCGC	1	0	0.46674174070358276
GCGCCG CGCCGC GCCGCC CCGCCC CGCCCC GCCCCG CCCCGC CCCGCC CCGCCC CGCCCC GCCCCC CCCCCG CCCCGT CCCGTT CCGTTT CGTTTT GTTTTT TTTTTA TTTTAA TTTAAA TTAAAC TAAACC AAACCT AACCTG ACCTGG CCTGGC CTGGCG TGGCGC GGCGCG GCGCGC CGCGCG GCGCGG CGCGGG GCGGGT CGGGTA GGGTAG GGTAGG GTAGGT TAGGTG AGGTGA GGTGAG GTGAGC TGAGCG GAGCGC AGCGCG GCGCGT CGCGTT GCGTTA CGTTAG GTTAGC TTAGCC TAGCCC AGCCCG GCCCGA CCCGAG CCGAGT CGAGTG GAGTGG AGTGGA GTGGAT TGGATC GGATCT GATCTA ATCTAG TCTAGG CTAGGC TAGGCG AGGCGC GGCGCG GCGCGC CGCGCT GCGCTC CGCTCG GCTCGT CTCGTA TCGTAG CGTAGG GTAGGC TAGGCC AGGCCG GGCCGG GCCGGC CCGGCG CGGCGC GGCGCC GCGCCG CGCCGC GCCGCA CCGCAG CGCAGC GCAGCA CAGCAA AGCAAG GCAAGG CAAGGG AAGGGG AGGGGC GGGGCG GGGCGC GGCGCG GCGCGG CGCGGG GCGGGC CGGGCT GGGCTC GGCTCC GCTCCG CTCCGC TCCGCC CCGCCG CGCCGG GCCGGC CCGGCA CGGCAC GGCACC GCACCA CACCAT ACCATG CCATGG CATGGA ATGGAG TGGAGC GGAGCC GAGCCC AGCCCG GCCCGA CCCGAA CCGAAG CGAAGC GAAGCG AAGCGG AGCGGC GCGGCG CGGCGG GGCGGC GCGGCC CGGCCG GGCCGG GCCGGA CCGGAG CGGAGC GGAGCC GAGCCC AGCCCG GCCCGG CCCGGA CCGGAA CGGAAG GGAAGG GAAGGC AAGGCG AGGCGC GGCGCG GCGCGG CGCGGG GCGGGG CGGGGG GGGGGC GGGGCG GGGCGC GGCGCG GCGCGG CGCGGC GCGGCT CGGCTG GGCTGT GCTGTC CTGTCA TGTCAC GTCACT TCACTG CACTGC ACTGCC CTGCCC TGCCCC GCCCCG CCCCGG CCCGGG CCGGGG CGGGGA GGGGAC GGGACG GGACGC GACGCT ACGCTC CGCTCC GCTCCC CTCCCT TCCCTG CCCTGG CCTGGA CTGGAG TGGAGG GGAGGC GAGGCC AGGCCT GGCCTC GCCTCC CCTCCG CTCCGC TCCGCC CCGCCA CGCCAC GCCACC CCACCG CACCGC ACCGCG CCGCGC CGCGCG GCGCGG CGCGGG GCGGGC CGGGCC GGGCCG GGCCGG GCCGGA CCGGAG CGGAGA GGAGAG GAGAGG AGAGGT GAGGTG AGGTGA GGTGAG GTGAGG TGAGGG GAGGGT AGGGTG GGGTGG GGTGGC GTGGCC TGGCCC GGCCCC GCCCCG CCCCGC CCCGCG CCGCGC CGCGCC GCGCCC CGCCCC GCCCCG CCCCGG CCCGGT CCGGTG CGGTGG GGTGGA GTGGAC TGGACG GGACGC GACGCG ACGCGC CGCGCT GCGCTG CGCTGA GCTGAG CTGAGA TGAGAG GAGAGG AGAGGC GAGGCG AGGCGT GGCGTG GCGTGC CGTGCG GTGCGC TGCGCG GCGCGG CGCGGT GCGGTG CGGTGG GGTGGC GTGGCG TGGCGG GGCGGT GCGGTG CGGTGC GGTGCG GTGCGG TGCGGG GCGGGG CGGGGA GGGGAG GGGAGC GGAGCG GAGCGC AGCGCA GCGCAG CGCAGC GCAGCG CAGCGA AGCGAG GCGAGC CGAGCG GAGCGG AGCGGG	1	1	0.6471760272979736
TCAAAG CAAAGA AAAGAT AAGATT AGATTA GATTAA ATTAAC TTAACT TAACTG AACTGG ACTGGC CTGGCA TGGCAT GGCATT GCATTC CATTCT ATTCTT TTCTTT TCTTTA CTTTAA TTTAAA TTAAAA TAAAAA AAAAAG AAAAGG AAAGGC AAGGCA AGGCAT GGCATC GCATCA CATCAG ATCAGT TCAGTT CAGTTT AGTTTT GTTTTC TTTTCT TTTCTT TTCTTT TCTTTT CTTTTG TTTTGC TTTGCA TTGCAC TGCACA GCACAG CACAGG ACAGGT CAGGTG AGGTGT GGTGTT GTGTTT TGTTTG GTTTGG TTTGGA TTGGAG TGGAGA GGAGAG GAGAGC AGAGCC GAGCCC AGCCCG GCCCGG CCCGGA CCGGAC CGGACT GGACTG GACTGG ACTGGA CTGGAT TGGATG GGATGC GATGCC ATGCCC TGCCCA GCCCAC CCCACT CCACTA CACTAG ACTAGA CTAGAA TAGAAT AGAATC GAATCC AATCCT ATCCTG TCCTGT CCTGTG CTGTGC TGTGCT GTGCTG TGCTGG GCTGGT CTGGTT TGGTTT GGTTTG GTTTGT TTTGTA TTGTAG TGTAGA GTAGAT TAGATT AGATTT GATTTC ATTTCC TTTCCT TTCCTT TCCTTA CCTTAA CTTAAG TTAAGA TAAGAC AAGACC AGACCT GACCTT ACCTTA CCTTAA CTTAAG TTAAGA TAAGAC AAGACA AGACAT GACATG ACATGC CATGCT ATGCTG TGCTGA GCTGAC CTGACA TGACAT GACATC ACATCA CATCAT ATCATG TCATGG CATGGT ATGGTC TGGTCT GGTCTC GTCTCC TCTCCT CTCCTT TCCTTT CCTTTC CTTTCT TTTCTC TTCTCA TCTCAG CTCAGA TCAGAT CAGATT AGATTC GATTCC ATTCCT TTCCTT TCCTTC CCTTCT CTTCTC TTCTCT TCTCTC CTCTCT TCTCTT CTCTTT TCTTTT CTTTTT TTTTTC TTTTCT TTTCTC TTCTCT TCTCTT CTCTTT TCTTTC CTTTCT TTTCTC TTCTCC TCTCCC CTCCCC TCCCCC CCCCCA CCCCAC CCCACT CCACTC CACTCT ACTCTC CTCTCT TCTCTC CTCTCT TCTCTC CTCTCT TCTCTC CTCTCT TCTCTG CTCTGT TCTGTC CTGTCT TGTCTC GTCTCT TCTCTC CTCTCA TCTCAC CTCACT TCACTT CACTTT ACTTTC CTTTCT TTTCTC TTCTCT TCTCTC CTCTCC TCTCCT CTCCTT TCCTTT CCTTTC CTTTCC TTTCCT TTCCTC TCCTCC CCTCCC CTCCCT TCCCTC CCCTCC CCTCCC CTCCCT TCCCTC CCCTCC CCTCCC CTCCCT TCCCTC CCCTCC CCTCCC CTCCCT TCCCTC CCCTCC CCTCCC CTCCCT TCCCTC CCCTCC CCTCCT CTCCTT TCCTTC CCTTCC CTTCCC TTCCCT TCCCTA CCCTAT CCTATC CTATCC TATCCC ATCCCT TCCCTC CCCTCC CCTCCC CTCCCT TCCCTC CCCTCC CCTCCT CTCCTC TCCTCT CCTCTG CTCTGC TCTGCC CTGCCC TGCCCA GCCCAA CCCAAT CCAATG CAATGT AATGTC ATGTCT TGTCTC GTCTCC TCTCCC CTCCCA TCCCAA CCCAAT CCAATC CAATCT AATCTC ATCTCT TCTCTT CTCTTT TCTTTC CTTTCC TTTCCT TTCCTT TCCTTT CCTTTC CTTTCT TTTCTC TTCTCT TCTCTC CTCTCT TCTCTT CTCTTC TCTTCA	1	0	0.025864556431770325
AGGGAG GGGAGT GGAGTG GAGTGG AGTGGT GTGGTT TGGTTC GGTTCA GTTCAT TTCATA TCATAT CATATG ATATGC TATGCC ATGCCA TGCCAC GCCACA CCACAT CACATA ACATAA CATAAA ATAAAA TAAAAG AAAAGT AAAGTG AAGTGA AGTGAA GTGAAG TGAAGT GAAGTG AAGTGG AGTGGA GTGGAG TGGAGG GGAGGA GAGGAA AGGAAA GGAAAG GAAAGG AAAGGG AAGGGA AGGGAA GGGAAG GGAAGA GAAGAG AAGAGA AGAGAT GAGATG AGATGA GATGAT ATGATT TGATTT GATTTC ATTTCT TTTCTC TTCTCC TCTCCA CTCCAT TCCATC CCATCC CATCCT ATCCTG TCCTGA CCTGAA CTGAAC TGAACG GAACGT AACGTG ACGTGC CGTGCA GTGCAG TGCAGC GCAGCG CAGCGG AGCGGT GCGGTA CGGTAA GGTAAG GTAAGA TAAGAG AAGAGC AGAGCG GAGCGG AGCGGG GCGGGG CGGGGC GGGGCC GGGCCG GGCCGG GCCGGT CCGGTG CGGTGC GGTGCA GTGCAG TGCAGG GCAGGG CAGGGA AGGGAG GGGAGG GGAGGG GAGGGC AGGGCT GGGCTG GGCTGC GCTGCT CTGCTT TGCTTT GCTTTG CTTTGT TTTGTG TTGTGT TGTGTC GTGTCT TGTCTG GTCTGA TCTGAT CTGATG TGATGC GATGCA ATGCAC TGCACA GCACAG CACAGC ACAGCA CAGCAG AGCAGA GCAGAT CAGATG AGATGC GATGCG ATGCGT TGCGTG GCGTGT CGTGTT GTGTTT TGTTTA GTTTAA TTTAAA TTAAAA TAAAAA AAAAAA AAAAAT AAAATA AAATAT AATATT ATATTT TATTTC ATTTCC TTTCCT TTCCTG TCCTGA CCTGAG CTGAGT TGAGTA GAGTAA AGTAAC GTAACG TAACGT AACGTG ACGTGA CGTGAC GTGACA TGACAT GACATC ACATCT CATCTG ATCTGC TCTGCT CTGCTT TGCTTG GCTTGG CTTGGT TTGGTG TGGTGA GGTGAA GTGAAT TGAATG GAATGT AATGTG ATGTGG TGTGGC GTGGCT TGGCTT GGCTTG GCTTGT CTTGTG TTGTGC TGTGCT GTGCTG TGCTGG GCTGGG CTGGGA TGGGAG GGGAGG GGAGGC GAGGCA AGGCAG GGCAGG GCAGGA CAGGAG AGGAGC GGAGCC GAGCCA AGCCAC GCCACA CCACAA CACAAA ACAAAG CAAAGA AAAGAT AAGATA AGATAA GATAAG ATAAGA TAAGAT AAGATT AGATTC GATTCT ATTCTG TTCTGG TCTGGT CTGGTG TGGTGT GGTGTG GTGTGA TGTGAG GTGAGG TGAGGA GAGGAG AGGAGC GGAGCA GAGCAG AGCAGA GCAGAA CAGAAA AGAAAG GAAAGG AAAGGG AAGGGC AGGGCC GGGCCC GGCCCA GCCCAT CCCATG CCATGT CATGTT ATGTTG TGTTGC GTTGCC TTGCCA TGCCAC GCCACC CCACCA CACCAG ACCAGC CCAGCC CAGCCC AGCCCA GCCCAC CCCACA CCACAG CACAGT ACAGTA CAGTAG AGTAGC GTAGCC TAGCCT AGCCTT GCCTTG CCTTGT CTTGTG TTGTGC TGTGCA GTGCAC TGCACA GCACAG CACAGA ACAGAC CAGACA AGACAA GACAAA ACAAAG CAAAGA AAAGAG AAGAGG AGAGGC GAGGCT AGGCTC GGCTCT GCTCTG CTCTGG TCTGGA CTGGAG TGGAGG GGAGGG	1	0	0.0866086408495903
CGCGCC GCGCCT CGCCTA GCCTAC CCTACT CTACTC TACTCG ACTCGG CTCGGC TCGGCC CGGCCC GGCCCG GCCCGG CCCGGC CCGGCC CGGCCC GGCCCG GCCCGC CCCGCC CCGCCC CGCCCT GCCCTG CCCTGG CCTGGC CTGGCT TGGCTC GGCTCT GCTCTC CTCTCG TCTCGC CTCGCT TCGCTT CGCTTT GCTTTA CTTTAA TTTAAT TTAATC TAATCT AATCTC ATCTCA TCTCAG CTCAGG TCAGGA CAGGAG AGGAGG GGAGGC GAGGCG AGGCGG GGCGGT GCGGTG CGGTGT GGTGTC GTGTCC TGTCCC GTCCCA TCCCAG CCCAGG CCAGGG CAGGGT AGGGTC GGGTCC GGTCCA GTCCAG TCCAGG CCAGGG CAGGGC AGGGCG GGGCGA GGCGAC GCGACA CGACAC GACACC ACACCC CACCCC ACCCCC CCCCCA CCCCAA CCCAAG CCAAGC CAAGCG AAGCGG AGCGGG GCGGGT CGGGTC GGGTCG GGTCGC GTCGCG TCGCGG CGCGGG GCGGGT CGGGTC GGGTCA GGTCAC GTCACC TCACCC CACCCT ACCCTG CCCTGG CCTGGG CTGGGC TGGGCG GGGCGG GGCGGG GCGGGC CGGGCG GGGCGG GGCGGG GCGGGG CGGGGG GGGGGC GGGGCG GGGCGG GGCGGG GCGGGG CGGGGG GGGGGC GGGGCG GGGCGG GGCGGC GCGGCG CGGCGG GGCGGG GCGGGA CGGGAG GGGAGG GGAGGA GAGGAG AGGAGG GGAGGC GAGGCG AGGCGT GGCGTT GCGTTT CGTTTC GTTTCC TTTCCC TTCCCA TCCCAA CCCAAG CCAAGG CAAGGG AAGGGA AGGGAA GGGAAG GGAAGT GAAGTC AAGTCC AGTCCG GTCCGG TCCGGG CCGGGA CGGGAC GGGACG GGACGG GACGGG ACGGGT CGGGTT GGGTTC GGTTCC GTTCCC TTCCCT TCCCTG CCCTGC CCTGCC CTGCCT TGCCTG GCCTGG CCTGGC CTGGCT TGGCTC GGCTCA GCTCAA CTCAAC TCAACC CAACCC AACCCC ACCCCG CCCCGG CCCGGC CCGGCT CGGCTG GGCTGC GCTGCG CTGCGG TGCGGA GCGGAG CGGAGG GGAGGG GAGGGA AGGGAC GGGACC GGACCC GACCCA ACCCAT CCCATA CCATAA CATAAG ATAAGG TAAGGG AAGGGA AGGGAC GGGACT GGACTC GACTCT ACTCTG CTCTGG TCTGGG CTGGGG TGGGGC GGGGCG GGGCGC GGCGCT GCGCTT CGCTTC GCTTCC CTTCCC TTCCCG TCCCGG CCCGGG CCGGGC CGGGCC GGGCCC GGCCCG GCCCGG CCCGGC CCGGCC CGGCCA GGCCAC GCCACA CCACAG CACAGC ACAGCG CAGCGG AGCGGC GCGGCC CGGCCA GGCCAA GCCAAC CCAACC CAACCT AACCTG ACCTGC CCTGCC CTGCCC TGCCCC GCCCCT CCCCTC CCCTCT CCTCTC CTCTCC TCTCCG CTCCGG TCCGGT CCGGTC CGGTCC GGTCCG GTCCGC TCCGCG CCGCGG CGCGGC GCGGCG CGGCGC GGCGCA GCGCAG CGCAGC GCAGCG CAGCGC AGCGCT GCGCTG CGCTGC GCTGCC CTGCCC TGCCCG GCCCGA CCCGAG CCGAGG CGAGGG GAGGGC AGGGCT GGGCTC GGCTCG GCTCGA CTCGAG TCGAGT CGAGTT GAGTTT AGTTTG GTTTGG TTTGGG TTGGGT TGGGTT GGGTTA GGTTAA GTTAAG TTAAGG	1	1	0.5043950080871582
GGAATT GAATTG AATTGC ATTGCA TTGCAT TGCATC GCATCA CATCAT ATCATG TCATGC CATGCT ATGCTG TGCTGA GCTGAT CTGATT TGATTT GATTTT ATTTTA TTTTAA TTTAAA TTAAAA TAAAAC AAAACA AAACAA AACAAT ACAATC CAATCC AATCCT ATCCTC TCCTCC CCTCCC CTCCCT TCCCTG CCCTGT CCTGTA CTGTAG TGTAGC GTAGCA TAGCAT AGCATT GCATTA CATTAC ATTACA TTACAC TACACA ACACAG CACAGA ACAGAC CAGACA AGACAC GACACT ACACTG CACTGA ACTGAA CTGAAT TGAATC GAATCA AATCAT ATCATC TCATCA CATCAT ATCATT TCATTT CATTTG ATTTGT TTTGTA TTGTAG TGTAGT GTAGTT TAGTTT AGTTTG GTTTGG TTTGGG TTGGGG TGGGGG GGGGGG GGGGGC GGGGCT GGGCTT GGCTTT GCTTTA CTTTAC TTTACA TTACAT TACATG ACATGC CATGCC ATGCCT TGCCTG GCCTGC CCTGCA CTGCAG TGCAGT GCAGTG CAGTGG AGTGGT GTGGTG TGGTGA GGTGAA GTGAAA TGAAAA GAAAAC AAAACT AAACTG AACTGA ACTGAA CTGAAA TGAAAT GAAATT AAATTT AATTTT ATTTTG TTTTGT TTTGTC TTGTCC TGTCCC GTCCCA TCCCAC CCCACT CCACTT CACTTA ACTTAA CTTAAG TTAAGG TAAGGG AAGGGA AGGGAG GGGAGT GGAGTT GAGTTT AGTTTC GTTTCT TTTCTT TTCTTC TCTTCT CTTCTT TTCTTC TCTTCC CTTCCC TTCCCT TCCCTT CCCTTT CCTTTA CTTTAT TTTATT TTATTA TATTAA ATTAAT TTAATT TAATTG AATTGC ATTGCA TTGCAA TGCAAA GCAAAA CAAAAT AAAATA AAATAA AATAAA ATAAAT TAAATA AAATAT AATATA ATATAT TATATG ATATGT TATGTC ATGTCA TGTCAC GTCACT TCACTT CACTTC ACTTCA CTTCAG TTCAGA TCAGAG CAGAGG AGAGGG GAGGGC AGGGCA GGGCAG GGCAGC GCAGCA CAGCAG AGCAGC GCAGCT CAGCTG AGCTGG GCTGGA CTGGAC TGGACT GGACTA GACTAC ACTACC CTACCT TACCTA ACCTAT CCTATG CTATGT TATGTT ATGTTT TGTTTG GTTTGT TTTGTG TTGTGG TGTGGG GTGGGT TGGGTA GGGTAA GGTAAG GTAAGT TAAGTC AAGTCA AGTCAC GTCACT TCACTG CACTGA ACTGAC CTGACA TGACAA GACAAA ACAAAA CAAAAT AAAATG AAATGC AATGCT ATGCTT TGCTTT GCTTTC CTTTCT TTTCTA TTCTAG TCTAGT CTAGTA TAGTAA AGTAAG GTAAGA TAAGAA AAGAAA AGAAAA GAAAAT AAAATA AAATAT AATATC ATATCT TATCTT ATCTTT TCTTTA CTTTAA TTTAAA TTAAAT TAAATA AAATAT AATATA ATATAA TATAAA ATAAAT TAAATG AAATGT AATGTA ATGTAT TGTATG GTATGG TATGGA ATGGAA TGGAAT GGAATA GAATAA AATAAG ATAAGT TAAGTG AAGTGT AGTGTA GTGTAA TGTAAT GTAATT TAATTA AATTAA ATTAAC TTAACT TAACTA AACTAG ACTAGA CTAGAT TAGATG AGATGT GATGTA ATGTAG TGTAGA GTAGAT TAGATT AGATTA GATTAA ATTAAG TTAAGA	1	0	0.06554927676916122
TCTCAT CTCATG TCATGA CATGAG ATGAGA TGAGAT GAGATC AGATCT GATCTG ATCTGA TCTGAT CTGATG TGATGG GATGGC ATGGCT TGGCTT GGCTTT GCTTTA CTTTAT TTTATA TTATAA TATAAA ATAAAG TAAAGG AAAGGG AAGGGG AGGGGA GGGGAG GGGAGT GGAGTT GAGTTT AGTTTC GTTTCC TTTCCC TTCCCT TCCCTG CCCTGC CCTGCA CTGCAC TGCACA GCACAA CACAAG ACAAGC CAAGCT AAGCTC AGCTCT GCTCTC CTCTCT TCTCTC CTCTCT TCTCTC CTCTCT TCTCTT CTCTTG TCTTGT CTTGTC TTGTCT TGTCTG GTCTGC TCTGCC CTGCCG TGCCGC GCCGCC CCGCCA CGCCAT GCCATG CCATGT CATGTG ATGTGA TGTGAG GTGAGA TGAGAC GAGACA AGACAT GACATG ACATGC CATGCC ATGCCT TGCCTT GCCTTT CCTTTC CTTTCA TTTCAC TTCACC TCACCT CACCTT ACCTTC CCTTCC CTTCCG TTCCGC TCCGCC CCGCCA CGCCAT GCCATG CCATGA CATGAT ATGATC TGATCA GATCAT ATCATG TCATGA CATGAG ATGAGG TGAGGC GAGGCT AGGCTT GGCTTC GCTTCC CTTCCC TTCCCC TCCCCA CCCCAG CCCAGC CCAGCC CAGCCA AGCCAC GCCACA CCACAT CACATG ACATGG CATGGA ATGGAA TGGAAC GGAACT GAACTG AACTGT ACTGTG CTGTGA TGTGAG GTGAGT TGAGTC GAGTCC AGTCCG GTCCGT TCCGTT CCGTTA CGTTAA GTTAAA TTAAAT TAAATC AAATCT AATCTC ATCTCT TCTCTT CTCTTT TCTTTC CTTTCC TTTCCT TTCCTT TCCTTT CCTTTG CTTTGT TTTGTA TTGTAA TGTAAA GTAAAT TAAATT AAATTG AATTGC ATTGCC TTGCCC TGCCCA GCCCAG CCCAGT CCAGTC CAGTCT AGTCTC GTCTCA TCTCAG CTCAGG TCAGGT CAGGTA AGGTAT GGTATG GTATGT TATGTC ATGTCT TGTCTT GTCTTT TCTTTA CTTTAT TTTATC TTATCG TATCGG ATCGGC TCGGCA CGGCAG GGCAGC GCAGCG CAGCGT AGCGTG GCGTGA CGTGAA GTGAAA TGAAAA GAAAAT AAAATG AAATGG AATGGA ATGGAC TGGACT GGACTA GACTAA ACTAAT CTAATA TAATAC AATACA ATACAG TACAGA ACAGAC CAGACA AGACAG GACAGG ACAGGA CAGGAA AGGAAG GGAAGT GAAGTG AAGTGG AGTGGC GTGGCT TGGCTC GGCTCC GCTCCC CTCCCC TCCCCA CCCCAC CCCACT CCACTG CACTGG ACTGGA CTGGAA TGGAAA GGAAAT GAAATT AAATTA AATTAC ATTACC TTACCA TACCAG ACCAGC CCAGCT CAGCTG AGCTGT GCTGTC CTGTCA TGTCAG GTCAGC TCAGCA CAGCAA AGCAAT GCAATG CAATGC AATGCC ATGCCT TGCCTT GCCTTA CCTTAG CTTAGC TTAGCA TAGCAG AGCAGA GCAGAA CAGAAA AGAAAT GAAATT AAATTT AATTTC ATTTCT TTTCTG TTCTGT TCTGTT CTGTTG TGTTGG GTTGGG TTGGGG TGGGGT GGGGTT GGGTTG GGTTGG GTTGGG TTGGGA TGGGAC GGGACT GGACTA GACTAA ACTAAG CTAAGC TAAGCT AAGCTG AGCTGG GCTGGT CTGGTC TGGTCC GGTCCT	1	0	0.08481451123952866
GAGTCA AGTCAG GTCAGG TCAGGG CAGGGA AGGGAT GGGATG GGATGA GATGAG ATGAGA TGAGAG GAGAGG AGAGGC GAGGCC AGGCCG GGCCGC GCCGCC CCGCCC CGCCCG GCCCGA CCCGAG CCGAGC CGAGCC GAGCCC AGCCCC GCCCCG CCCCGG CCCGGA CCGGAT CGGATT GGATTT GATTTT ATTTTA TTTTAT TTTATA TTATAG TATAGG ATAGGG TAGGGC AGGGCA GGGCAG GGCAGG GCAGGC CAGGCT AGGCTC GGCTCT GCTCTG CTCTGT TCTGTT CTGTTT TGTTTG GTTTGC TTTGCT TTGCTT TGCTTA GCTTAA CTTAAA TTAAAG TAAAGA AAAGAG AAGAGC AGAGCG GAGCGT AGCGTT GCGTTA CGTTAG GTTAGA TTAGAT TAGATA AGATAA GATAAC ATAACA TAACAT AACATT ACATTT CATTTG ATTTGC TTTGCC TTGCCT TGCCTA GCCTAA CCTAAG CTAAGG TAAGGA AAGGAG AGGAGG GGAGGC GAGGCC AGGCCC GGCCCG GCCCGG CCCGGG CCGGGG CGGGGA GGGGAT GGGATC GGATCC GATCCT ATCCTC TCCTCT CCTCTG CTCTGA TCTGAG CTGAGA TGAGAC GAGACA AGACAA GACAAT ACAATA CAATAA AATAAT ATAATC TAATCT AATCTC ATCTCC TCTCCA CTCCAC TCCACT CCACTG CACTGA ACTGAT CTGATT TGATTT GATTTT ATTTTT TTTTTA TTTTAT TTTATC TTATCA TATCAA ATCAAA TCAAAG CAAAGG AAAGGT AAGGTG AGGTGT GGTGTT GTGTTT TGTTTC GTTTCC TTTCCT TTCCTA TCCTAG CCTAGA CTAGAC TAGACA AGACAT GACATG ACATGG CATGGT ATGGTC TGGTCA GGTCAA GTCAAG TCAAGC CAAGCT AAGCTA AGCTAC GCTACA CTACAT TACATG ACATGG CATGGA ATGGAA TGGAAG GGAAGG GAAGGA AAGGAT AGGATT GGATTT GATTTG ATTTGC TTTGCT TTGCTG TGCTGA GCTGAT CTGATA TGATAG GATAGA ATAGAC TAGACA AGACAG GACAGA ACAGAG CAGAGA AGAGAC GAGACG AGACGA GACGAC ACGACA CGACAT GACATG ACATGT CATGTG ATGTGG TGTGGT GTGGTG TGGTGA GGTGAG GTGAGG TGAGGT GAGGTC AGGTCA GGTCAT GTCATC TCATCT CATCTT ATCTTG TCTTGG CTTGGC TTGGCT TGGCTG GGCTGA GCTGAG CTGAGG TGAGGG GAGGGA AGGGAT GGGATC GGATCT GATCTG ATCTGA TCTGAG CTGAGA TGAGAT GAGATT AGATTC GATTCA ATTCAG TTCAGA TCAGAA CAGAAA AGAAAG GAAAGT AAAGTC AAGTCC AGTCCC GTCCCT TCCCTC CCCTCT CCTCTT CTCTTT TCTTTC CTTTCC TTTCCC TTCCCA TCCCAT CCCATG CCATGG CATGGG ATGGGA TGGGAG GGGAGT GGAGTC GAGTCT AGTCTC GTCTCC TCTCCT CTCCTC TCCTCC CCTCCA CTCCAA TCCAAC CCAACC CAACCT AACCTG ACCTGA CCTGAC CTGACC TGACCT GACCTT ACCTTA CCTTAA CTTAAT TTAATC TAATCC AATCCA ATCCAG TCCAGG CCAGGT CAGGTC AGGTCC GGTCCT GTCCTA TCCTAC CCTACT CTACTC TACTCA ACTCAT CTCATA TCATAT CATATC ATATCT TATCTG ATCTGA	1	0	0.04410836473107338
CTCCAT TCCATT CCATTC CATTCT ATTCTG TTCTGC TCTGCT CTGCTG TGCTGG GCTGGT CTGGTG TGGTGG GGTGGC GTGGCA TGGCAT GGCATA GCATAT CATATA ATATAT TATATA ATATAG TATAGG ATAGGG TAGGGA AGGGAG GGGAGG GGAGGG GAGGGC AGGGCT GGGCTC GGCTCG GCTCGG CTCGGC TCGGCC CGGCCT GGCCTT GCCTTG CCTTGG CTTGGC TTGGCT TGGCTC GGCTCC GCTCCA CTCCAC TCCACA CCACAC CACACT ACACTG CACTGC ACTGCG CTGCGC TGCGCT GCGCTG CGCTGC GCTGCC CTGCCC TGCCCA GCCCAG CCCAGA CCAGAG CAGAGG AGAGGC GAGGCC AGGCCC GGCCCC GCCCCG CCCCGC CCCGCT CCGCTG CGCTGA GCTGAC CTGACT TGACTC GACTCC ACTCCT CTCCTG TCCTGC CCTGCC CTGCCA TGCCAG GCCAGC CCAGCC CAGCCT AGCCTC GCCTCC CCTCCA CTCCAG TCCAGG CCAGGT CAGGTC AGGTCC GGTCCC GTCCCC TCCCCG CCCCGT CCCGTG CCGTGG CGTGGT GTGGTA TGGTAC GGTACC GTACCA TACCAA ACCAAA CCAAAG CAAAGC AAAGCT AAGCTG AGCTGA GCTGAA CTGAAC TGAACA GAACAT AACATG ACATGG CATGGA ATGGAC TGGACG GGACGT GACGTG ACGTGA CGTGAC GTGACC TGACCA GACCAT ACCATC CCATCC CATCCA ATCCAG TCCAGC CCAGCA CAGCAC AGCACC GCACCC CACCCC ACCCCT CCCCTG CCCTGG CCTGGT CTGGTT TGGTTC GGTTCA GTTCAA TTCAAG TCAAGC CAAGCG AAGCGC AGCGCA GCGCAC CGCACC GCACCC CACCCT ACCCTG CCCTGG CCTGGG CTGGGG TGGGGC GGGGCC GGGCCC GGCCCT GCCCTT CCCTTC CCTTCT CTTCTA TTCTAC TCTACC CTACCC TACCCC ACCCCA CCCCAG CCCAGC CCAGCC CAGCCG AGCCGG GCCGGC CCGGCT CGGCTG GGCTGT GCTGTT CTGTTC TGTTCG GTTCGA TTCGAC TCGACC CGACCA GACCAG ACCAGT CCAGTT CAGTTT AGTTTT GTTTTT TTTTTC TTTTCG TTTCGG TTCGGC TCGGCG CGGCGA GGCGAG GCGAGG CGAGGG GAGGGC AGGGCC GGGCCT GGCCTT GCCTTT CCTTTT CTTTTT TTTTTG TTTTGA TTTGAG TTGAGT TGAGTA GAGTAT AGTATG GTATGA TATGAC ATGACC TGACCT GACCTG ACCTGC CCTGCT CTGCTG TGCTGC GCTGCC CTGCCC TGCCCT GCCCTT CCCTTC CCTTCC CTTCCT TTCCTG TCCTGT CCTGTC CTGTCG TGTCGT GTCGTC TCGTCC CGTCCA GTCCAC TCCACC CCACCA CACCAT ACCATC CCATCA CATCAG ATCAGC TCAGCC CAGCCC AGCCCC GCCCCT CCCCTA CCCTAC CCTACT CTACTA TACTAC ACTACC CTACCG TACCGC ACCGCC CCGCCA CGCCAG GCCAGT CCAGTC CAGTCC AGTCCC GTCCCT TCCCTC CCCTCT CCTCTT CTCTTC TCTTCC CTTCCG TTCCGC TCCGCA CCGCAC CGCACC GCACCG CACCGT ACCGTG CCGTGC CGTGCT GTGCTG TGCTGG GCTGGA CTGGAC TGGACT GGACTC GACTCC ACTCCG CTCCGG TCCGGC CCGGCA CGGCAT GGCATC GCATCT	1	0	0.07681585103273392
CCACGG CACGGT ACGGTT CGGTTG GGTTGG GTTGGC TTGGCG TGGCGC GGCGCT GCGCTT CGCTTG GCTTGC CTTGCT TTGCTG TGCTGG GCTGGT CTGGTT TGGTTT GGTTTC GTTTCG TTTCGG TTCGGT TCGGTG CGGTGG GGTGGC GTGGCC TGGCCA GGCCAG GCCAGC CCAGCT CAGCTT AGCTTT GCTTTT CTTTTA TTTTAT TTTATG TTATGC TATGCC ATGCCC TGCCCT GCCCTT CCCTTA CCTTAT CTTATT TTATTT TATTTG ATTTGG TTTGGC TTGGCC TGGCCC GGCCCC GCCCCG CCCCGC CCCGCC CCGCCC CGCCCA GCCCAC CCCACA CCACAT CACATC ACATCC CATCCT ATCCTG TCCTGC CCTGCT CTGCTG TGCTGA GCTGAT CTGATT TGATTG GATTGG ATTGGT TTGGTC TGGTCC GGTCCA GTCCAC TCCACT CCACTT CACTTT ACTTTA CTTTAC TTTACA TTACAG TACAGA ACAGAG CAGAGT AGAGTG GAGTGC AGTGCT GTGCTG TGCTGA GCTGAT CTGATT TGATTG GATTGG ATTGGT TTGGTC TGGTCC GGTCCA GTCCAT TCCATT CCATTT CATTTT ATTTTA TTTTAC TTTACA TTACAG TACAGA ACAGAG CAGAGT AGAGTG GAGTGC AGTGCT GTGCTG TGCTGA GCTGAT CTGATT TGATTG GATTGG ATTGGT TTGGTC TGGTCC GGTCCG GTCCGT TCCGTT CCGTTT CGTTTT GTTTTT TTTTTA TTTTAA TTTAAA TTAAAG TAAAGA AAAGAG AAGAGT AGAGTG GAGTGC AGTGCT GTGCTG TGCTGA GCTGAT CTGATT TGATTG GATTGG ATTGGT TTGGTG TGGTGC GGTGCG GTGCGT TGCGTT GCGTTT CGTTTA GTTTAC TTTACA TTACAA TACAAA ACAAAC CAAACC AAACCT AACCTT ACCTTT CCTTTA CTTTAG TTTAGC TTAGCT TAGCTA AGCTAG GCTAGA CTAGAC TAGACA AGACAC GACACA ACACAG CACAGA ACAGAG CAGAGC AGAGCA GAGCAC AGCACT GCACTG CACTGA ACTGAC CTGACT TGACTG GACTGG ACTGGT CTGGTG TGGTGC GGTGCG GTGCGT TGCGTT GCGTTT CGTTTT GTTTTT TTTTTA TTTTAC TTTACA TTACAA TACAAT ACAATA CAATAC AATACT ATACTT TACTTT ACTTTA CTTTAG TTTAGC TTAGCT TAGCTA AGCTAG GCTAGA CTAGAC TAGACA AGACAG GACAGA ACAGAG CAGAGA AGAGAA GAGAAG AGAAGT GAAGTT AAGTTC AGTTCT GTTCTC TTCTCC TCTCCA CTCCAA TCCAAG CCAAGT CAAGTT AAGTTC AGTTCC GTTCCC TTCCCA TCCCAC CCCACC CCACCC CACCCC ACCCCA CCCCAG CCCAGT CCAGTA CAGTAG AGTAGC GTAGCT TAGCTA AGCTAG GCTAGA CTAGAC TAGACA AGACAC GACACA ACACAG CACAGT ACAGTG CAGTGC AGTGCT GTGCTG TGCTGA GCTGAC CTGACT TGACTG GACTGG ACTGGT CTGGTG TGGTGT GGTGTG GTGTGT TGTGTT GTGTTT TGTTTA GTTTAC TTTACA TTACAA TACAAA ACAAAC CAAACC AAACCT AACCTT ACCTTT CCTTTA CTTTAG TTTAGC TTAGCT TAGCTA AGCTAG GCTAGA CTAGAC TAGACA AGACAG GACAGA ACAGAA CAGAAA AGAAAA GAAAAG	1	0	0.08086735755205154
ACAGGG CAGGGC AGGGCC GGGCCA GGCCAG GCCAGT CCAGTG CAGTGC AGTGCT GTGCTC TGCTCC GCTCCG CTCCGC TCCGCA CCGCAG CGCAGC GCAGCC CAGCCG AGCCGC GCCGCC CCGCCG CGCCGC GCCGCC CCGCCA CGCCAG GCCAGG CCAGGG CAGGGC AGGGCC GGGCCT GGCCTT GCCTTT CCTTTA CTTTAT TTTATA TTATAC TATACG ATACGC TACGCT ACGCTC CGCTCA GCTCAC CTCACC TCACCG CACCGG ACCGGC CCGGCA CGGCAG GGCAGC GCAGCA CAGCAC AGCACC GCACCT CACCTC ACCTCC CCTCCC CTCCCC TCCCCA CCCCAC CCCACC CCACCG CACCGG ACCGGC CCGGCT CGGCTT GGCTTC GCTTCT CTTCTC TTCTCA TCTCAT CTCATT TCATTA CATTAA ATTAAC TTAACC TAACCA AACCAG ACCAGC CCAGCA CAGCAA AGCAAG GCAAGG CAAGGC AAGGCA AGGCAC GGCACA GCACAA CACAAG ACAAGG CAAGGA AAGGAG AGGAGC GGAGCA GAGCAG AGCAGT GCAGTG CAGTGG AGTGGG GTGGGG TGGGGC GGGGCC GGGCCA GGCCAA GCCAAG CCAAGG CAAGGT AAGGTC AGGTCC GGTCCC GTCCCT TCCCTG CCCTGT CCTGTG CTGTGC TGTGCA GTGCAG TGCAGC GCAGCC CAGCCG AGCCGC GCCGCG CCGCGG CGCGGA GCGGAG CGGAGT GGAGTG GAGTGG AGTGGG GTGGGG TGGGGT GGGGTG GGGTGC GGTGCT GTGCTG TGCTGC GCTGCA CTGCAG TGCAGA GCAGAG CAGAGC AGAGCC GAGCCA AGCCAC GCCACC CCACCC CACCCC ACCCCG CCCCGG CCCGGG CCGGGT CGGGTG GGGTGC GGTGCT GTGCTG TGCTGT GCTGTT CTGTTG TGTTGA GTTGAC TTGACC TGACCC GACCCA ACCCAG CCCAGA CCAGAG CAGAGG AGAGGG GAGGGG AGGGGA GGGGAT GGGATG GGATGG GATGGC ATGGCT TGGCTC GGCTCC GCTCCA CTCCAC TCCACT CCACTC CACTCA ACTCAG CTCAGC TCAGCC CAGCCA AGCCAG GCCAGA CCAGAG CAGAGT AGAGTG GAGTGT AGTGTG GTGTGG TGTGGG GTGGGT TGGGTT GGGTTC GGTTCC GTTCCC TTCCCG TCCCGG CCCGGA CCGGAA CGGAAA GGAAAA GAAAAG AAAAGA AAAGAA AAGAAG AGAAGC GAAGCA AAGCAC AGCACA GCACAT CACATG ACATGC CATGCC ATGCCA TGCCAG GCCAGG CCAGGG CAGGGT AGGGTG GGGTGA GGTGAA GTGAAG TGAAGG GAAGGG AAGGGG AGGGGC GGGGCA GGGCAT GGCATG GCATGT CATGTG ATGTGC TGTGCC GTGCCG TGCCGA GCCGAG CCGAGG CGAGGA GAGGAC AGGACC GGACCC GACCCC ACCCCC CCCCCA CCCCAG CCCAGG CCAGGA CAGGAG AGGAGC GGAGCA GAGCAT AGCATC GCATCA CATCAG ATCAGG TCAGGC CAGGCC AGGCCA GGCCAG GCCAGC CCAGCC CAGCCT AGCCTG GCCTGG CCTGGC CTGGCT TGGCTG GGCTGG GCTGGA CTGGAA TGGAAT GGAATC GAATCC AATCCT ATCCTG TCCTGT CCTGTC CTGTCG TGTCGT GTCGTG TCGTGA CGTGAC GTGACG TGACGA GACGAG ACGAGG CGAGGC GAGGCC AGGCCT GGCCTC GCCTCC	1	0	0.15060383081436157
CCCAAG CCAAGC CAAGCG AAGCGC AGCGCG GCGCGG CGCGGG GCGGGG CGGGGG GGGGGA GGGGAG GGGAGG GGAGGG GAGGGA AGGGAG GGGAGT GGAGTG GAGTGT AGTGTA GTGTAA TGTAAA GTAAAT TAAATA AAATAG AATAGA ATAGAG TAGAGC AGAGCG GAGCGA AGCGAA GCGAAG CGAAGG GAAGGC AAGGCT AGGCTG GGCTGC GCTGCT CTGCTC TGCTCT GCTCTG CTCTGT TCTGTG CTGTGT TGTGTC GTGTCA TGTCAG GTCAGC TCAGCC CAGCCC AGCCCC GCCCCG CCCCGT CCCGTC CCGTCA CGTCAC GTCACC TCACCG CACCGC ACCGCC CCGCCG CGCCGG GCCGGG CCGGGC CGGGCG GGGCGG GGCGGC GCGGCC CGGCCC GGCCCG GCCCGC CCCGCG CCGCGC CGCGCG GCGCGG CGCGGA GCGGAG CGGAGT GGAGTC GAGTCT AGTCTG GTCTGA TCTGAG CTGAGG TGAGGG GAGGGA AGGGAG GGGAGA GGAGAT GAGATG AGATGG GATGGA ATGGAA TGGAAG GGAAGT GAAGTT AAGTTG AGTTGA GTTGAG TTGAGC TGAGCA GAGCAA AGCAAG GCAAGA CAAGAG AAGAGC AGAGCA GAGCAG AGCAGC GCAGCG CAGCGG AGCGGC GCGGCG CGGCGC GGCGCA GCGCAG CGCAGA GCAGAA CAGAAA AGAAAG GAAAGG AAAGGT AAGGTG AGGTGG GGTGGA GTGGAG TGGAGG GGAGGC GAGGCC AGGCCG GGCCGG GCCGGG CCGGGA CGGGAG GGGAGG GGAGGA GAGGAC AGGACG GGACGA GACGAA ACGAAG CGAAGG GAAGGT AAGGTA AGGTAA GGTAAA GTAAAC TAAACA AAACAT AACATT ACATTA CATTAG ATTAGG TTAGGG TAGGGG AGGGGC GGGGCT GGGCTT GGCTTC GCTTCT CTTCTT TTCTTC TCTTCT CTTCTC TTCTCT TCTCTA CTCTAG TCTAGC CTAGCT TAGCTG AGCTGC GCTGCT CTGCTC TGCTCT GCTCTG CTCTGG TCTGGC CTGGCG TGGCGT GGCGTG GCGTGA CGTGAA GTGAAG TGAAGT GAAGTC AAGTCC AGTCCT GTCCTA TCCTAA CCTAAG CTAAGG TAAGGG AAGGGC AGGGCG GGGCGG GGCGGC GCGGCT CGGCTC GGCTCC GCTCCG CTCCGG TCCGGT CCGGTG CGGTGC GGTGCC GTGCCC TGCCCG GCCCGC CCCGCC CCGCCA CGCCAC GCCACC CCACCG CACCGC ACCGCC CCGCCC CGCCCC GCCCCC CCCCCT CCCCTG CCCTGC CCTGCC CTGCCA TGCCAG GCCAGG CCAGGA CAGGAG AGGAGA GGAGAG GAGAGG AGAGGA GAGGAC AGGACG GGACGC GACGCG ACGCGG CGCGGT GCGGTC CGGTCC GGTCCG GTCCGG TCCGGC CCGGCG CGGCGG GGCGGA GCGGAA CGGAAG GGAAGC GAAGCC AAGCCG AGCCGC GCCGCC CCGCCG CGCCGC GCCGCG CCGCGG CGCGGA GCGGAG CGGAGG GGAGGT GAGGTC AGGTCT GGTCTC GTCTCG TCTCGC CTCGCT TCGCTT CGCTTT GCTTTT CTTTTT TTTTTC TTTTCC TTTCCC TTCCCG TCCCGC CCCGCC CCGCCG CGCCGG GCCGGC CCGGCT CGGCTC GGCTCC GCTCCG CTCCGC TCCGCT CCGCTG CGCTGG GCTGGA CTGGAA TGGAAG GGAAGC GAAGCC AAGCCG AGCCGC GCCGCC CCGCCT	1	1	0.5579671859741211
TCCTGG CCTGGG CTGGGC TGGGCG GGGCGG GGCGGC GCGGCA CGGCAG GGCAGG GCAGGA CAGGAC AGGACT GGACTG GACTGG ACTGGT CTGGTG TGGTGG GGTGGG GTGGGC TGGGCA GGGCAG GGCAGA GCAGAG CAGAGG AGAGGC GAGGCA AGGCAG GGCAGC GCAGCC CAGCCT AGCCTC GCCTCT CCTCTT CTCTTA TCTTAT CTTATT TTATTC TATTCC ATTCCC TTCCCT TCCCTC CCCTCT CCTCTG CTCTGC TCTGCC CTGCCC TGCCCA GCCCAG CCCAGG CCAGGG CAGGGA AGGGAG GGGAGG GGAGGA GAGGAT AGGATG GGATGG GATGGA ATGGAT TGGATG GGATGA GATGAA ATGAAC TGAACC GAACCC AACCCT ACCCTG CCCTGG CCTGGT CTGGTG TGGTGC GGTGCA GTGCAG TGCAGC GCAGCC CAGCCC AGCCCA GCCCAC CCCACT CCACTG CACTGC ACTGCA CTGCAG TGCAGG GCAGGC CAGGCC AGGCCG GGCCGT GCCGTG CCGTGG CGTGGC GTGGCA TGGCAG GGCAGC GCAGCC CAGCCA AGCCAA GCCAAT CCAATG CAATGG AATGGG ATGGGA TGGGAG GGGAGC GGAGCC GAGCCG AGCCGA GCCGAA CCGAAG CGAAGG GAAGGC AAGGCG AGGCGG GGCGGG GCGGGG CGGGGG GGGGGT GGGGTG GGGTGG GGTGGC GTGGCA TGGCAG GGCAGG GCAGGG CAGGGC AGGGCT GGGCTG GGCTGC GCTGCC CTGCCA TGCCAG GCCAGG CCAGGC CAGGCC AGGCCT GGCCTG GCCTGC CCTGCA CTGCAC TGCACA GCACAC CACACA ACACAG CACAGG ACAGGG CAGGGC AGGGCT GGGCTG GGCTGC GCTGCA CTGCAT TGCATT GCATTG CATTGA ATTGAC TTGACC TGACCA GACCAA ACCAAG CCAAGC CAAGCA AAGCAG AGCAGC GCAGCC CAGCCC AGCCCC GCCCCG CCCCGG CCCGGG CCGGGG CGGGGA GGGGAC GGGACT GGACTT GACTTG ACTTGC CTTGCT TTGCTG TGCTGG GCTGGG CTGGGA TGGGAG GGGAGC GGAGCC GAGCCA AGCCAG GCCAGG CCAGGA CAGGAT AGGATT GGATTG GATTGC ATTGCA TTGCAC TGCACA GCACAT CACATG ACATGG CATGGG ATGGGC TGGGCT GGGCTG GGCTGA GCTGAG CTGAGG TGAGGA GAGGAA AGGAAG GGAAGA GAAGAA AAGAAA AGAAAA GAAAAA AAAAAA AAAAAG AAAAGG AAAGGG AAGGGC AGGGCC GGGCCT GGCCTG GCCTGT CCTGTA CTGTAG TGTAGG GTAGGG TAGGGC AGGGCA GGGCAG GGCAGG GCAGGA CAGGAA AGGAAG GGAAGT GAAGTG AAGTGG AGTGGG GTGGGG TGGGGA GGGGAG GGGAGT GGAGTC GAGTCA AGTCAG GTCAGC TCAGCT CAGCTT AGCTTT GCTTTT CTTTTT TTTTTG TTTTGT TTTGTG TTGTGC TGTGCG GTGCGA TGCGAT GCGATT CGATTT GATTTC ATTTCT TTTCTT TTCTTT TCTTTA CTTTAT TTTATT TTATTA TATTAC ATTACA TTACAT TACATG ACATGA CATGAA ATGAAT TGAATA GAATAT AATATT ATATTG TATTGA ATTGAT TTGATG TGATGT GATGTC ATGTCA TGTCAC GTCACC TCACCC CACCCT ACCCTA CCCTAA CCTAAA CTAAAG TAAAGG AAAGGC AAGGCA	1	0	0.09817115217447281
GGAGGT GAGGTC AGGTCG GGTCGA GTCGAG TCGAGG CGAGGC GAGGCT AGGCTA GGCTAC GCTACA CTACAG TACAGT ACAGTG CAGTGA AGTGAG GTGAGC TGAGCC GAGCCA AGCCAT GCCATG CCATGA CATGAT ATGATG TGATGG GATGGC ATGGCA TGGCAC GGCACC GCACCA CACCAC ACCACT CCACTG CACTGC ACTGCT CTGCTC TGCTCT GCTCTC CTCTCC TCTCCA CTCCAG TCCAGC CCAGCC CAGCCT AGCCTG GCCTGG CCTGGG CTGGGC TGGGCA GGGCAA GGCAAC GCAACA CAACAG AACAGA ACAGAG CAGAGC AGAGCA GAGCAA AGCAAG GCAAGA CAAGAC AAGACC AGACCC GACCCC ACCCCG CCCCGT CCCGTC CCGTCT CGTCTC GTCTCT TCTCTA CTCTAA TCTAAA CTAAAC TAAACA AAACAA AACAAC ACAACA CAACAA AACAAC ACAACA CAACAA AACAAA ACAAAG CAAAGT AAAGTG AAGTGT AGTGTG GTGTGT TGTGTT GTGTTC TGTTCT GTTCTT TTCTTG TCTTGG CTTGGG TTGGGG TGGGGA GGGGAG GGGAGG GGAGGG GAGGGA AGGGAG GGGAGC GGAGCT GAGCTG AGCTGA GCTGAG CTGAGG TGAGGC GAGGCC AGGCCG GGCCGG GCCGGG CCGGGG CGGGGA GGGGAC GGGACC GGACCG GACCGC ACCGCA CCGCAG CGCAGC GCAGCA CAGCAT AGCATG GCATGG CATGGC ATGGCC TGGCCG GGCCGG GCCGGG CCGGGA CGGGAG GGGAGA GGAGAG GAGAGC AGAGCT GAGCTT AGCTTG GCTTGG CTTGGA TTGGAG TGGAGT GGAGTT GAGTTT AGTTTG GTTTGG TTTGGG TTGGGG TGGGGC GGGGCT GGGCTC GGCTCG GCTCGT CTCGTT TCGTTG CGTTGG GTTGGG TTGGGG TGGGGA GGGGAG GGGAGG GGAGGG GAGGGT AGGGTG GGGTGG GGTGGG GTGGGG TGGGGG GGGGGG GGGGGC GGGGCG GGGCGC GGCGCT GCGCTG CGCTGT GCTGTG CTGTGG TGTGGC GTGGCT TGGCTT GGCTTT GCTTTC CTTTCC TTTCCC TTCCCC TCCCCA CCCCAC CCCACC CCACCC CACCCC ACCCCC CCCCCT CCCCTG CCCTGC CCTGCT CTGCTT TGCTTA GCTTAG CTTAGT TTAGTT TAGTTC AGTTCC GTTCCA TTCCAT TCCATG CCATGT CATGTG ATGTGT TGTGTG GTGTGA TGTGAT GTGATT TGATTT GATTTG ATTTGG TTTGGG TTGGGA TGGGAC GGGACC GGACCT GACCTG ACCTGC CCTGCT CTGCTG TGCTGG GCTGGG CTGGGG TGGGGC GGGGCT GGGCTG GGCTGG GCTGGC CTGGCC TGGCCT GGCCTT GCCTTG CCTTGG CTTGGC TTGGCC TGGCCA GGCCAT GCCATG CCATGG CATGGC ATGGCC TGGCCT GGCCTC GCCTCT CCTCTC CTCTCC TCTCCT CTCCTG TCCTGG CCTGGT CTGGTG TGGTGA GGTGAC GTGACC TGACCA GACCAG ACCAGC CCAGCA CAGCAG AGCAGG GCAGGT CAGGTG AGGTGG GGTGGG GTGGGA TGGGAC GGGACC GGACCT GACCTC ACCTCA CCTCAA CTCAAA TCAAAT CAAATT AAATTG AATTGC ATTGCT TTGCTC TGCTCC GCTCCT CTCCTC TCCTCC CCTCCC CTCCCC TCCCCA CCCCAA CCCAAA CCAAAA CAAAAA	0	0	0.12113155424594879
CTCTGC TCTGCA CTGCAC TGCACA GCACAG CACAGA ACAGAC CAGACA AGACAG GACAGA ACAGAC CAGACC AGACCT GACCTG ACCTGT CCTGTT CTGTTA TGTTAG GTTAGC TTAGCA TAGCAC AGCACA GCACAG CACAGC ACAGCC CAGCCC AGCCCT GCCCTC CCCTCG CCTCGC CTCGCC TCGCCT CGCCTT GCCTTC CCTTCC CTTCCC TTCCCT TCCCTC CCCTCT CCTCTG CTCTGT TCTGTC CTGTCT TGTCTC GTCTCC TCTCCC CTCCCA TCCCAT CCCATC CCATCT CATCTC ATCTCA TCTCAT CTCATT TCATTT CATTTG ATTTGG TTTGGT TTGGTT TGGTTG GGTTGC GTTGCT TTGCTT TGCTTG GCTTGT CTTGTC TTGTCC TGTCCA GTCCAC TCCACA CCACAG CACAGT ACAGTG CAGTGG AGTGGC GTGGCC TGGCCT GGCCTC GCCTCT CCTCTG CTCTGC TCTGCC CTGCCC TGCCCA GCCCAA CCCAAC CCAACC CAACCC AACCCC ACCCCG CCCCGC CCCGCA CCGCAG CGCAGG GCAGGG CAGGGC AGGGCA GGGCAG GGCAGC GCAGCG CAGCGT AGCGTG GCGTGC CGTGCA GTGCAG TGCAGG GCAGGC CAGGCT AGGCTG GGCTGT GCTGTG CTGTGC TGTGCC GTGCCA TGCCAC GCCACT CCACTC CACTCC ACTCCT CTCCTC TCCTCA CCTCAA CTCAAC TCAACT CAACTC AACTCT ACTCTT CTCTTC TCTTCA CTTCAT TTCATT TCATTT CATTTT ATTTTC TTTTCC TTTCCG TTCCGG TCCGGG CCGGGG CGGGGG GGGGGG GGGGGC GGGGCT GGGCTC GGCTCT GCTCTG CTCTGT TCTGTG CTGTGT TGTGTC GTGTCA TGTCAG GTCAGG TCAGGT CAGGTA AGGTAG GGTAGA GTAGAC TAGACC AGACCC GACCCC ACCCCA CCCCAC CCCACA CCACAT CACATT ACATTC CATTCA ATTCAA TTCAAC TCAACA CAACAA AACAAA ACAAAT CAAATC AAATCC AATCCG ATCCGA TCCGAT CCGATG CGATGC GATGCT ATGCTC TGCTCT GCTCTT CTCTTC TCTTCC CTTCCC TTCCCC TCCCCG CCCCGT CCCGTC CCGTCA CGTCAA GTCAAC TCAACC CAACCT AACCTG ACCTGC CCTGCC CTGCCT TGCCTT GCCTTA CCTTAG CTTAGG TTAGGC TAGGCC AGGCCA GGCCAA GCCAAT CCAATT CAATTC AATTCC ATTCCA TTCCAT TCCATT CCATTC CATTCT ATTCTC TTCTCA TCTCAG CTCAGG TCAGGC CAGGCT AGGCTC GGCTCC GCTCCA CTCCAC TCCACC CCACCA CACCAG ACCAGG CCAGGG CAGGGA AGGGAC GGGACC GGACCC GACCCT ACCCTA CCCTAG CCTAGG CTAGGA TAGGAG AGGAGG GGAGGA GAGGAT AGGATA GGATAG GATAGA ATAGAG TAGAGG AGAGGA GAGGAG AGGAGA GGAGAA GAGAAG AGAAGG GAAGGT AAGGTT AGGTTT GGTTTG GTTTGC TTTGCC TTGCCC TGCCCC GCCCCC CCCCCC CCCCCT CCCCTA CCCTAT CCTATA CTATAT TATATA ATATAC TATACC ATACCC TACCCA ACCCAG CCCAGG CCAGGA CAGGAC AGGACA GGACAC GACACA ACACAT CACATT ACATTC CATTCG ATTCGG TTCGGA TCGGAC CGGACT GGACTT GACTTC ACTTCC	0	0	0.09965787827968597
GGATTC GATTCT ATTCTC TTCTCT TCTCTA CTCTAT TCTATT CTATTC TATTCT ATTCTG TTCTGT TCTGTT CTGTTC TGTTCC GTTCCT TTCCTT TCCTTC CCTTCA CTTCAT TTCATT TCATTC CATTCT ATTCTG TTCTGT TCTGTG CTGTGG TGTGGT GTGGTA TGGTAT GGTATT GTATTC TATTCA ATTCAT TTCATG TCATGT CATGTG ATGTGC TGTGCT GTGCTA TGCTAA GCTAAT CTAATA TAATAC AATACC ATACCA TACCAC ACCACA CCACAC CACACT ACACTG CACTGT ACTGTT CTGTTT TGTTTT GTTTTC TTTTCA TTTCAT TTCATT TCATTA CATTAG ATTAGA TTAGAG TAGAGG AGAGGT GAGGTT AGGTTT GGTTTT GTTTTC TTTTCT TTTCTG TTCTGT TCTGTT CTGTTT TGTTTT GTTTTA TTTTAA TTTAAT TTAATA TAATAT AATATC ATATCT TATCTA ATCTAG TCTAGT CTAGTC TAGTCA AGTCAG GTCAGG TCAGGT CAGGTC AGGTCG GGTCGG GTCGGC TCGGCC CGGCCA GGCCAG GCCAGG CCAGGC CAGGCG AGGCGC GGCGCG GCGCGG CGCGGT GCGGTG CGGTGG GGTGGC GTGGCT TGGCTC GGCTCA GCTCAT CTCATG TCATGC CATGCC ATGCCT TGCCTG GCCTGT CCTGTA CTGTAA TGTAAT GTAATC TAATCC AATCCC ATCCCA TCCCAG CCCAGC CCAGCA CAGCAC AGCACT GCACTT CACTTT ACTTTG CTTTGG TTTGGG TTGGGA TGGGAG GGGAGG GGAGGC GAGGCT AGGCTG GGCTGA GCTGAG CTGAGG TGAGGC GAGGCA AGGCAT GGCATG GCATGT CATGTG ATGTGG TGTGGA GTGGAT TGGATC GGATCA GATCAC ATCACG TCACGA CACGAG ACGAGG CGAGGT GAGGTC AGGTCA GGTCAG GTCAGG TCAGGA CAGGAC AGGACC GGACCT GACCTC ACCTCA CCTCAA CTCAAG TCAAGA CAAGAC AAGACC AGACCA GACCAG ACCAGT CCAGTC CAGTCT AGTCTG GTCTGG TCTGGC CTGGCC TGGCCA GGCCAA GCCAAC CCAACA CAACAT AACATG ACATGG CATGGT ATGGTG TGGTGA GGTGAA GTGAAA TGAAAC GAAACC AAACCC AACCCC ACCCCG CCCCGT CCCGTG CCGTGT CGTGTC GTGTCT TGTCTA GTCTAC TCTACT CTACTA TACTAA ACTAAA CTAAAA TAAAAA AAAAAT AAAATA AAATAC AATACA ATACAA TACAAA ACAAAA CAAAAA AAAAAT AAAATT AAATTA AATTAG ATTAGC TTAGCT TAGCTG AGCTGG GCTGGG CTGGGC TGGGCA GGGCAT GGCATG GCATGG CATGGT ATGGTG TGGTGG GGTGGC GTGGCA TGGCAC GGCACG GCACGC CACGCA ACGCAT CGCATC GCATCT CATCTG ATCTGT TCTGTA CTGTAA TGTAAT GTAATC TAATCC AATCCC ATCCCA TCCCAG CCCAGC CCAGCT CAGCTG AGCTGC GCTGCT CTGCTC TGCTCG GCTCGG CTCGGG TCGGGA CGGGAT GGGATT GGATTA GATTAC ATTACA TTACAA TACAAA ACAAAA CAAAAA AAAAAA AAAAAC AAAACA AAACAA AACAAG ACAAGA CAAGAA AAGAAC AGAACA GAACAG AACAGC ACAGCT CAGCTA AGCTAA GCTAAG CTAAGA TAAGAA AAGAAA AGAAAG	0	0	0.13191340863704681
ACTTTA CTTTAA TTTAAA TTAAAA TAAAAC AAAACT AAACTA AACTAA ACTAAA CTAAAT TAAATA AAATAA AATAAC ATAACA TAACAA AACAAC ACAACG CAACGG AACGGT ACGGTG CGGTGA GGTGAC GTGACT TGACTT GACTTC ACTTCT CTTCTG TTCTGC TCTGCA CTGCAA TGCAAA GCAAAT CAAATA AAATAA AATAAA ATAAAA TAAAAA AAAAAC AAAACT AAACTT AACTTC ACTTCA CTTCAG TTCAGG TCAGGT CAGGTG AGGTGC GGTGCT GTGCTA TGCTAA GCTAAC CTAACG TAACGG AACGGT ACGGTA CGGTAT GGTATC GTATCC TATCCT ATCCTG TCCTGG CCTGGT CTGGTG TGGTGA GGTGAA GTGAAG TGAAGT GAAGTT AAGTTG AGTTGA GTTGAA TTGAAT TGAATG GAATGT AATGTC ATGTCA TGTCAA GTCAAG TCAAGA CAAGAT AAGATT AGATTT GATTTC ATTTCA TTTCAC TTCACA TCACAA CACAAT ACAATA CAATAA AATAAG ATAAGA TAAGAG AAGAGG AGAGGG GAGGGT AGGGTC GGGTCT GGTCTT GTCTTC TCTTCA CTTCAA TTCAAT TCAATA CAATAG AATAGA ATAGAG TAGAGC AGAGCC GAGCCT AGCCTC GCCTCC CCTCCA CTCCAA TCCAAT CCAATG CAATGA AATGAG ATGAGC TGAGCA GAGCAA AGCAAT GCAATA CAATAC AATACA ATACAG TACAGC ACAGCC CAGCCC AGCCCG GCCCGA CCCGAC CCGACA CGACAA GACAAA ACAAAG CAAAGC AAAGCA AAGCAA AGCAAA GCAAAA CAAAAA AAAAAT AAAATT AAATTT AATTTA ATTTAA TTTAAT TTAATT TAATTC AATTCA ATTCAT TTCATG TCATGG CATGGA ATGGAC TGGACA GGACAC GACACT ACACTA CACTAT ACTATT CTATTT TATTTC ATTTCA TTTCAT TTCATT TCATTC CATTCA ATTCAG TTCAGC TCAGCC CAGCCC AGCCCT GCCCTG CCCTGC CCTGCT CTGCTT TGCTTA GCTTAT CTTATA TTATAA TATAAT ATAATA TAATAG AATAGA ATAGAA TAGAAT AGAATA GAATAA AATAAT ATAATA TAATAT AATATT ATATTT TATTTA ATTTAT TTTATT TTATTA TATTAG ATTAGA TTAGAT TAGATT AGATTT GATTTG ATTTGC TTTGCA TTGCAG TGCAGT GCAGTA CAGTAC AGTACT GTACTC TACTCA ACTCAA CTCAAC TCAACA CAACAC AACACG ACACGT CACGTT ACGTTT CGTTTT GTTTTA TTTTAT TTTATT TTATTT TATTTT ATTTTA TTTTAT TTTATT TTATTA TATTAA ATTAAG TTAAGC TAAGCA AAGCAT AGCATA GCATAC CATACC ATACCT TACCTA ACCTAT CCTATA CTATAT TATATT ATATTT TATTTA ATTTAG TTTAGG TTAGGA TAGGAC AGGACT GGACTT GACTTC ACTTCA CTTCAA TTCAAT TCAATT CAATTT AATTTT ATTTTC TTTTCT TTTCTA TTCTAG TCTAGC CTAGCA TAGCAC AGCACT GCACTA CACTAA ACTAAA CTAAAA TAAAAA AAAAAG AAAAGT AAAGTA AAGTAT AGTATT GTATTT TATTTT ATTTTA TTTTAC TTTACA TTACAT TACATC ACATCT CATCTA ATCTAA TCTAAA CTAAAT TAAATC AAATCC AATCCA ATCCAA	0	0	0.05189448222517967
TAGATA AGATAC GATACT ATACTT TACTTT ACTTTA CTTTAG TTTAGC TTAGCT TAGCTC AGCTCT GCTCTG CTCTGC TCTGCC CTGCCA TGCCAA GCCAAG CCAAGA CAAGAA AAGAAA AGAAAA GAAAAT AAAATG AAATGT AATGTT ATGTTC TGTTCT GTTCTA TTCTAC TCTACC CTACCT TACCTT ACCTTT CCTTTA CTTTAT TTTATT TTATTT TATTTC ATTTCT TTTCTT TTCTTG TCTTGG CTTGGA TTGGAA TGGAAG GGAAGA GAAGAT AAGATT AGATTC GATTCT ATTCTA TTCTAT TCTATC CTATCA TATCAG ATCAGA TCAGAA CAGAAG AGAAGA GAAGAA AAGAAT AGAATG GAATGT AATGTA ATGTAA TGTAAT GTAATT TAATTA AATTAC ATTACA TTACAT TACATA ACATAC CATACT ATACTG TACTGT ACTGTG CTGTGA TGTGAA GTGAAG TGAAGG GAAGGA AAGGAA AGGAAG GGAAGT GAAGTA AAGTAA AGTAAC GTAACT TAACTA AACTAG ACTAGA CTAGAT TAGATT AGATTC GATTCT ATTCTG TTCTGA TCTGAA CTGAAT TGAATC GAATCT AATCTC ATCTCT TCTCTG CTCTGA TCTGAC CTGACA TGACAA GACAAA ACAAAA CAAAAG AAAAGT AAAGTG AAGTGG AGTGGA GTGGAA TGGAAG GGAAGT GAAGTC AAGTCA AGTCAG GTCAGA TCAGAA CAGAAT AGAATA GAATAT AATATA ATATAC TATACT ATACTG TACTGT ACTGTT CTGTTG TGTTGG GTTGGA TTGGAC TGGACT GGACTT GACTTA ACTTAA CTTAAA TTAAAT TAAATT AAATTG AATTGT ATTGTT TTGTTA TGTTAA GTTAAC TTAACT TAACTT AACTTC ACTTCC CTTCCC TTCCCA TCCCAG CCCAGT CCAGTG CAGTGT AGTGTA GTGTAA TGTAAT GTAATC TAATCT AATCTG ATCTGG TCTGGG CTGGGA TGGGAA GGGAAA GGAAAC GAAACA AAACAA AACAAG ACAAGT CAAGTA AAGTAT AGTATT GTATTC TATTCA ATTCAA TTCAAA TCAAAA CAAAAC AAAACA AAACAT AACATA ACATAA CATAAT ATAATA TAATAC AATACA ATACAT TACATT ACATTA CATTAT ATTATA TTATAT TATATC ATATCA TATCAT ATCATT TCATTC CATTCT ATTCTT TTCTTA TCTTAT CTTATC TTATCT TATCTT ATCTTT TCTTTG CTTTGA TTTGAC TTGACA TGACAT GACATG ACATGC CATGCT ATGCTC TGCTCA GCTCAG CTCAGC TCAGCA CAGCAC AGCACA GCACAA CACAAA ACAAAT CAAATA AAATAG AATAGC ATAGCA TAGCAC AGCACA GCACAC CACACT ACACTT CACTTT ACTTTT CTTTTG TTTTGA TTTGAA TTGAAG TGAAGG GAAGGA AAGGAA AGGAAT GGAATA GAATAA AATAAG ATAAGT TAAGTC AAGTCC AGTCCA GTCCAA TCCAAG CCAAGA CAAGAA AAGAAA AGAAAT GAAATG AAATGC AATGCG ATGCGA TGCGAA GCGAAA CGAAAA GAAAAA AAAAAT AAAATA AAATAG AATAGT ATAGTG TAGTGA AGTGAA GTGAAA TGAAAT GAAATA AAATAT AATATA ATATAA TATAAA ATAAAC TAAACT AAACTT AACTTA ACTTAG CTTAGC TTAGCC TAGCCT AGCCTA GCCTAT CCTATT	0	0	0.049485232681035995
GCATGG CATGGA ATGGAG TGGAGC GGAGCA GAGCAG AGCAGA GCAGAC CAGACA AGACAT GACATA ACATAG CATAGG ATAGGC TAGGCC AGGCCA GGCCAT GCCATT CCATTG CATTGT ATTGTC TTGTCA TGTCAA GTCAAC TCAACA CAACAG AACAGA ACAGAG CAGAGT AGAGTC GAGTCC AGTCCC GTCCCA TCCCAG CCCAGC CCAGCA CAGCAG AGCAGC GCAGCT CAGCTG AGCTGG GCTGGT CTGGTG TGGTGA GGTGAG GTGAGT TGAGTC GAGTCA AGTCAT GTCATG TCATGA CATGAA ATGAAA TGAAAC GAAACC AAACCT AACCTG ACCTGG CCTGGG CTGGGC TGGGCA GGGCAG GGCAGT GCAGTG CAGTGA AGTGAG GTGAGA TGAGAT GAGATC AGATCC GATCCC ATCCCA TCCCAC CCCACA CCACAT CACATC ACATCA CATCAC ATCACC TCACCC CACCCC ACCCCA CCCCAG CCCAGT CCAGTC CAGTCA AGTCAG GTCAGA TCAGAG CAGAGG AGAGGG GAGGGG AGGGGA GGGGAA GGGAAG GGAAGC GAAGCT AAGCTG AGCTGG GCTGGG CTGGGA TGGGAA GGGAAT GGAATG GAATGA AATGAG ATGAGC TGAGCC GAGCCA AGCCAT GCCATG CCATGG CATGGC ATGGCG TGGCGG GGCGGG GCGGGT CGGGTC GGGTCT GGTCTT GTCTTC TCTTCA CTTCAT TTCATC TCATCC CATCCT ATCCTG TCCTGT CCTGTG CTGTGA TGTGAC GTGACT TGACTA GACTAT ACTATG CTATGC TATGCA ATGCAG TGCAGC GCAGCC CAGCCT AGCCTC GCCTCT CCTCTG CTCTGA TCTGAG CTGAGC TGAGCC GAGCCA AGCCAC GCCACA CCACAT CACATG ACATGT CATGTG ATGTGC TGTGCT GTGCTG TGCTGC GCTGCT CTGCTT TGCTTT GCTTTG CTTTGT TTTGTT TTGTTT TGTTTG GTTTGA TTTGAT TTGATG TGATGG GATGGA ATGGAA TGGAAA GGAAAT GAAATG AAATGA AATGAC ATGACC TGACCA GACCAG ACCAGA CCAGAA CAGAAG AGAAGA GAAGAG AAGAGG AGAGGA GAGGAC AGGACT GGACTT GACTTG ACTTGT CTTGTC TTGTCT TGTCTA GTCTAT TCTATG CTATGC TATGCT ATGCTG TGCTGA GCTGAG CTGAGC TGAGCT GAGCTC AGCTCT GCTCTG CTCTGG TCTGGT CTGGTG TGGTGA GGTGAC GTGACA TGACAA GACAAA ACAAAA CAAAAC AAAACT AAACTT AACTTC ACTTCC CTTCCC TTCCCT TCCCTC CCCTCC CCTCCA CTCCAT TCCATT CCATTC CATTCA ATTCAG TTCAGG TCAGGG CAGGGC AGGGCC GGGCCC GGCCCA GCCCAG CCCAGA CCAGAG CAGAGC AGAGCC GAGCCA AGCCAC GCCACT CCACTA CACTAT ACTATC CTATCC TATCCA ATCCAT TCCATC CCATCT CATCTC ATCTCC TCTCCT CTCCTG TCCTGG CCTGGG CTGGGC TGGGCA GGGCAT GGCATC GCATCT CATCTG ATCTGC TCTGCT CTGCTG TGCTGC GCTGCT CTGCTC TGCTCT GCTCTG CTCTGT TCTGTG CTGTGA TGTGAT GTGATT TGATTC GATTCT ATTCTG TTCTGC TCTGCA CTGCAC TGCACA GCACAC CACACC ACACCC CACCCA ACCCAC CCCACC CCACCT CACCTC ACCTCA	0	0	0.07487395405769348
TATAAC ATAACC TAACCA AACCAC ACCACA CCACAT CACATA ACATAC CATACA ATACAG TACAGC ACAGCT CAGCTC AGCTCA GCTCAT CTCATG TCATGT CATGTG ATGTGT TGTGTG GTGTGG TGTGGT GTGGTC TGGTCC GGTCCA GTCCAC TCCACA CCACAT CACATA ACATAT CATATA ATATAG TATAGG ATAGGT TAGGTA AGGTAC GGTACA GTACAT TACATA ACATAG CATAGA ATAGAA TAGAAC AGAACA GAACAC AACACT ACACTT CACTTC ACTTCA CTTCAA TTCAAG TCAAGG CAAGGT AAGGTT AGGTTT GGTTTC GTTTCA TTTCAT TTCATG TCATGA CATGAA ATGAAA TGAAAC GAAACT AAACTT AACTTT ACTTTT CTTTTT TTTTTG TTTTGC TTTGCT TTGCTT TGCTTT GCTTTC CTTTCT TTTCTC TTCTCT TCTCTC CTCTCA TCTCAG CTCAGT TCAGTG CAGTGG AGTGGA GTGGAC TGGACT GGACTC GACTCG ACTCGA CTCGAT TCGATA CGATAT GATATC ATATCA TATCAA ATCAAT TCAATG CAATGA AATGAT ATGATT TGATTT GATTTT ATTTTT TTTTTT TTTTTT TTTTTG TTTTGG TTTGGA TTGGAG TGGAGC GGAGCT GAGCTC AGCTCT GCTCTG CTCTGA TCTGAT CTGATA TGATAG GATAGC ATAGCT TAGCTT AGCTTT GCTTTG CTTTGC TTTGCA TTGCAC TGCACT GCACTA CACTAA ACTAAA CTAAAT TAAATT AAATTC AATTCT ATTCTG TTCTGA TCTGAA CTGAAT TGAATT GAATTT AATTTG ATTTGC TTTGCT TTGCTG TGCTGT GCTGTA CTGTAG TGTAGA GTAGAT TAGATC AGATCC GATCCC ATCCCC TCCCCC CCCCCT CCCCTA CCCTAG CCTAGA CTAGAA TAGAAA AGAAAT GAAATT AAATTA AATTAA ATTAAT TTAATA TAATAA AATAAG ATAAGT TAAGTT AAGTTA AGTTAA GTTAAT TTAATC TAATCA AATCAG ATCAGG TCAGGG CAGGGA AGGGAA GGGAAA GGAAAG GAAAGT AAAGTA AAGTAA AGTAAG GTAAGG TAAGGT AAGGTT AGGTTA GGTTAT GTTATA TTATAA TATAAC ATAACT TAACTA AACTAC ACTACT CTACTT TACTTT ACTTTA CTTTAC TTTACC TTACCT TACCTC ACCTCT CCTCTA CTCTAA TCTAAA CTAAAA TAAAAT AAAATA AAATAA AATAAT ATAATA TAATAA AATAAT ATAATG TAATGA AATGAG ATGAGC TGAGCT GAGCTT AGCTTC GCTTCA CTTCAC TTCACT TCACTT CACTTT ACTTTC CTTTCT TTTCTC TTCTCA TCTCAT CTCATC TCATCA CATCAA ATCAAA TCAAAT CAAATT AAATTT AATTTT ATTTTG TTTTGA TTTGAA TTGAAG TGAAGT GAAGTA AAGTAT AGTATT GTATTT TATTTT ATTTTA TTTTAT TTTATT TTATTG TATTGC ATTGCC TTGCCT TGCCTA GCCTAT CCTATA CTATAC TATACT ATACTT TACTTG ACTTGG CTTGGC TTGGCA TGGCAT GGCATA GCATAG CATAGA ATAGAT TAGATT AGATTT GATTTT ATTTTT TTTTTT TTTTTA TTTTAA TTTAAA TTAAAT TAAATT AAATTA AATTAA ATTAAC TTAACA TAACAT AACATA ACATAC CATACA ATACAG TACAGT ACAGTA	0	0	0.04530704393982887
TGAGTA GAGTAG AGTAGA GTAGAA TAGAAC AGAACC GAACCC AACCCT ACCCTG CCCTGT CCTGTG CTGTGG TGTGGT GTGGTT TGGTTG GGTTGT GTTGTG TTGTGG TGTGGA GTGGAA TGGAAC GGAACT GAACTT AACTTA ACTTAT CTTATC TTATCA TATCAT ATCATG TCATGG CATGGA ATGGAA TGGAAG GGAAGA GAAGAC AAGACT AGACTT GACTTC ACTTCT CTTCTT TTCTTT TCTTTC CTTTCC TTTCCA TTCCAG TCCAGG CCAGGA CAGGAA AGGAAG GGAAGG GAAGGA AAGGAA AGGAAA GGAAAG GAAAGA AAAGAA AAGAAA AGAAAA GAAAAG AAAAGT AAAGTA AAGTAT AGTATT GTATTC TATTCT ATTCTT TTCTTA TCTTAT CTTATA TTATAA TATAAT ATAATC TAATCG AATCGT ATCGTG TCGTGG CGTGGG GTGGGG TGGGGT GGGGTG GGGTGG GGTGGA GTGGAA TGGAAG GGAAGC GAAGCT AAGCTC AGCTCC GCTCCG CTCCGA TCCGAA CCGAAT CGAATC GAATCA AATCAC ATCACA TCACAT CACATT ACATTC CATTCA ATTCAA TTCAAA TCAAAC CAAACT AAACTG AACTGT ACTGTC CTGTCT TGTCTT GTCTTA TCTTAT CTTATT TTATTA TATTAT ATTATG TTATGT TATGTA ATGTAA TGTAAC GTAACC TAACCC AACCCC ACCCCC CCCCCA CCCCAG CCCAGG CCAGGG CAGGGA AGGGAG GGGAGG GGAGGT GAGGTG AGGTGA GGTGAA GTGAAG TGAAGC GAAGCA AAGCAA AGCAAA GCAAAA CAAAAC AAAACA AAACAT AACATG ACATGA CATGAT ATGATG TGATGC GATGCT ATGCTT TGCTTT GCTTTA CTTTAT TTTATA TTATAT TATATC ATATCA TATCAC ATCACT TCACTA CACTAT ACTATT CTATTT TATTTA ATTTAT TTTATT TTATTT TATTTC ATTTCC TTTCCC TTCCCT TCCCTT CCCTTT CCTTTT CTTTTC TTTTCA TTTCAC TTCACA TCACAT CACATA ACATAT CATATC ATATCT TATCTT ATCTTT TCTTTT CTTTTA TTTTAC TTTACT TTACTG TACTGT ACTGTA CTGTAA TGTAAA GTAAAT TAAATT AAATTC AATTCC ATTCCT TTCCTT TCCTTG CCTTGA CTTGAG TTGAGG TGAGGT GAGGTC AGGTCA GGTCAG GTCAGG TCAGGG CAGGGT AGGGTC GGGTCA GGTCAC GTCACT TCACTG CACTGT ACTGTT CTGTTT TGTTTT GTTTTC TTTTCT TTTCTA TTCTAA TCTAAT CTAATT TAATTC AATTCC ATTCCT TTCCTT TCCTTG CCTTGG CTTGGC TTGGCG TGGCGC GGCGCT GCGCTC CGCTCC GCTCCA CTCCAA TCCAAA CCAAAA CAAAAC AAAACT AAACTG AACTGG ACTGGA CTGGAC TGGACA GGACAA GACAAA ACAAAG CAAAGC AAAGCA AAGCAC AGCACT GCACTT CACTTT ACTTTG CTTTGC TTTGCA TTGCAC TGCACA GCACAT CACATA ACATAT CATATA ATATAC TATACT ATACTG TACTGA ACTGAC CTGACT TGACTT GACTTC ACTTCT CTTCTC TTCTCT TCTCTA CTCTAC TCTACA CTACAT TACATT ACATTT CATTTA ATTTAC TTTACT TTACTT TACTTG ACTTGC CTTGCA TTGCAA TGCAAT GCAATT CAATTT	0	0	0.04245005175471306
AGATGC GATGCA ATGCAC TGCACT GCACTG CACTGA ACTGAT CTGATG TGATGT GATGTG ATGTGC TGTGCA GTGCAT TGCATG GCATGC CATGCG ATGCGT TGCGTG GCGTGC CGTGCA GTGCAC TGCACA GCACAC CACACG ACACGT CACGTG ACGTGC CGTGCA GTGCAA TGCAAA GCAAAC CAAACA AAACAC AACACA ACACAC CACACA ACACAC CACACA ACACAC CACACA ACACAC CACACA ACACAC CACACA ACACAC CACACA ACACAC CACACA ACACAC CACACA ACACAC CACACT ACACTT CACTTG ACTTGA CTTGAT TTGATC TGATCC GATCCT ATCCTT TCCTTT CCTTTG CTTTGG TTTGGT TTGGTG TGGTGT GGTGTT GTGTTT TGTTTA GTTTAT TTTATT TTATTC TATTCT ATTCTA TTCTAC TCTACG CTACGA TACGAT ACGATT CGATTG GATTGG ATTGGT TTGGTT TGGTTA GGTTAT GTTATT TTATTA TATTAA ATTAAC TTAACA TAACAG AACAGA ACAGAT CAGATT AGATTT GATTTG ATTTGG TTTGGG TTGGGT TGGGTG GGGTGG GGTGGA GTGGAT TGGATT GGATTC GATTCC ATTCCT TTCCTT TCCTTA CCTTAA CTTAAA TTAAAA TAAAAG AAAAGG AAAGGA AAGGAA AGGAAT GGAATT GAATTC AATTCC ATTCCT TTCCTT TCCTTT CCTTTA CTTTAT TTTATA TTATAG TATAGA ATAGAG TAGAGT AGAGTT GAGTTA AGTTAG GTTAGG TTAGGA TAGGAG AGGAGT GGAGTC GAGTCT AGTCTC GTCTCT TCTCTA CTCTAT TCTATT CTATTT TATTTA ATTTAG TTTAGA TTAGAG TAGAGC AGAGCT GAGCTC AGCTCT GCTCTG CTCTGT TCTGTG CTGTGT TGTGTA GTGTAC TGTACA GTACAT TACATG ACATGC CATGCA ATGCAG TGCAGG GCAGGA CAGGAT AGGATG GGATGT GATGTG ATGTGA TGTGAG GTGAGT TGAGTT GAGTTG AGTTGA GTTGAA TTGAAC TGAACA GAACAA AACAAG ACAAGC CAAGCT AAGCTC AGCTCT GCTCTC CTCTCC TCTCCC CTCCCA TCCCAG CCCAGG CCAGGA CAGGAG AGGAGC GGAGCA GAGCAC AGCACA GCACAG CACAGA ACAGAT CAGATC AGATCT GATCTG ATCTGG TCTGGA CTGGAG TGGAGT GGAGTG GAGTGT AGTGTG GTGTGT TGTGTG GTGTGT TGTGTG GTGTGT TGTGTT GTGTTT TGTTTT GTTTTA TTTTAA TTTAAA TTAAAA TAAAAG AAAAGC AAAGCT AAGCTC AGCTCG GCTCGG CTCGGC TCGGCT CGGCTG GGCTGC GCTGCT CTGCTA TGCTAT GCTATT CTATTT TATTTT ATTTTT TTTTTG TTTTGG TTTGGG TTGGGA TGGGAA GGGAAC GGAACG GAACGA AACGAT ACGATG CGATGC GATGCT ATGCTG TGCTGG GCTGGG CTGGGG TGGGGA GGGGAA GGGAAA GGAAAG GAAAGC AAAGCG AAGCGA AGCGAT GCGATC CGATCT GATCTT ATCTTC TCTTCG CTTCGC TTCGCA TCGCAG CGCAGG GCAGGG CAGGGA AGGGAA GGGAAG GGAAGG GAAGGG AAGGGC AGGGCA GGGCAA GGCAAG GCAAGA CAAGAG AAGAGA AGAGAG GAGAGA AGAGAA GAGAAA AGAAAC GAAACT AAACTC AACTCC ACTCCT	0	0	0.05012807250022888
TGCCCA GCCCAA CCCAAC CCAACT CAACTC AACTCC ACTCCA CTCCAA TCCAAG CCAAGA CAAGAA AAGAAG AGAAGC GAAGCG AAGCGG AGCGGA GCGGAA CGGAAG GGAAGG GAAGGG AAGGGG AGGGGG GGGGGG GGGGGT GGGGTG GGGTGT GGTGTA GTGTAT TGTATC GTATCC TATCCT ATCCTG TCCTGC CCTGCG CTGCGC TGCGCC GCGCCC CGCCCC GCCCCA CCCCAA CCCAAG CCAAGC CAAGCT AAGCTC AGCTCA GCTCAT CTCATG TCATGG CATGGG ATGGGA TGGGAG GGGAGC GGAGCC GAGCCC AGCCCA GCCCAC CCCACG CCACGC CACGCA ACGCAC CGCACC GCACCG CACCGG ACCGGG CCGGGG CGGGGA GGGGAG GGGAGA GGAGAG GAGAGC AGAGCC GAGCCC AGCCCG GCCCGG CCCGGA CCGGAG CGGAGT GGAGTG GAGTGG AGTGGA GTGGAG TGGAGG GGAGGC GAGGCT AGGCTC GGCTCT GCTCTG CTCTGG TCTGGG CTGGGC TGGGCT GGGCTC GGCTCA GCTCAG CTCAGC TCAGCC CAGCCC AGCCCT GCCCTC CCCTCC CCTCCC CTCCCA TCCCAG CCCAGG CCAGGC CAGGCC AGGCCT GGCCTA GCCTAG CCTAGG CTAGGC TAGGCC AGGCCA GGCCAC GCCACC CCACCG CACCGT ACCGTG CCGTGC CGTGCC GTGCCC TGCCCT GCCCTG CCCTGA CCTGAG CTGAGT TGAGTC GAGTCC AGTCCC GTCCCT TCCCTC CCCTCC CCTCCC CTCCCC TCCCCA CCCCAA CCCAAG CCAAGA CAAGAC AAGACT AGACTT GACTTC ACTTCT CTTCTC TTCTCG TCTCGG CTCGGA TCGGAC CGGACT GGACTA GACTAA ACTAAG CTAAGT TAAGTG AAGTGG AGTGGG GTGGGC TGGGCC GGGCCA GGCCAG GCCAGA CCAGAC CAGACT AGACTC GACTCT ACTCTT CTCTTG TCTTGT CTTGTC TTGTCA TGTCAG GTCAGG TCAGGG CAGGGG AGGGGA GGGGAG GGGAGG GGAGGG GAGGGA AGGGAT GGGATC GGATCA GATCAC ATCACC TCACCA CACCAG ACCAGG CCAGGA CAGGAC AGGACC GGACCT GACCTC ACCTCA CCTCAG CTCAGA TCAGAT CAGATT AGATTG GATTGC ATTGCT TTGCTG TGCTGG GCTGGG CTGGGG TGGGGG GGGGGC GGGGCG GGGCGG GGCGGA GCGGAG CGGAGG GGAGGG GAGGGG AGGGGT GGGGTG GGGTGG GGTGGA GTGGAC TGGACG GGACGC GACGCT ACGCTC CGCTCG GCTCGT CTCGTG TCGTGA CGTGAG GTGAGT TGAGTG GAGTGC AGTGCG GTGCGA TGCGAA GCGAAG CGAAGT GAAGTT AAGTTC AGTTCG GTTCGG TTCGGG TCGGGT CGGGTG GGGTGT GGTGTC GTGTCA TGTCAC GTCACT TCACTT CACTTG ACTTGG CTTGGG TTGGGT TGGGTG GGGTGT GGTGTG GTGTGT TGTGTC GTGTCC TGTCCA GTCCAG TCCAGT CCAGTG CAGTGT AGTGTC GTGTCT TGTCTA GTCTAC TCTACA CTACAA TACAAG ACAAGT CAAGTG AAGTGG AGTGGG GTGGGA TGGGAA GGGAAT GGAATC GAATCC AATCCT ATCCTA TCCTAC CCTACG CTACGG TACGGT ACGGTT CGGTTT GGTTTC GTTTCA TTTCAA TTCAAA TCAAAA CAAAAG AAAAGT AAAGTC	0	0	0.1994088888168335
GGTTCA GTTCAA TTCAAT TCAATC CAATCG AATCGC ATCGCC TCGCCA CGCCAG GCCAGT CCAGTT CAGTTT AGTTTA GTTTAA TTTAAA TTAAAT TAAATG AAATGA AATGAC ATGACA TGACAC GACACT ACACTT CACTTT ACTTTC CTTTCT TTTCTC TTCTCT TCTCTT CTCTTC TCTTCA CTTCAT TTCATA TCATAG CATAGC ATAGCT TAGCTT AGCTTT GCTTTC CTTTCA TTTCAC TTCACC TCACCA CACCAA ACCAAT CCAATT CAATTC AATTCC ATTCCC TTCCCC TCCCCT CCCCTT CCCTTA CCTTAC CTTACT TTACTG TACTGC ACTGCC CTGCCC TGCCCA GCCCAC CCCACA CCACAT CACATA ACATAT CATATC ATATCA TATCAT ATCATG TCATGG CATGGA ATGGAG TGGAGT GGAGTT GAGTTA AGTTAA GTTAAC TTAACT TAACTT AACTTT ACTTTG CTTTGC TTTGCC TTGCCT TGCCTC GCCTCC CCTCCA CTCCAT TCCATT CCATTT CATTTC ATTTCT TTTCTA TTCTAG TCTAGT CTAGTC TAGTCC AGTCCA GTCCAT TCCATT CCATTA CATTAT ATTATA TTATAT TATATC ATATCA TATCAC ATCACT TCACTT CACTTA ACTTAC CTTACA TTACAG TACAGA ACAGAA CAGAAA AGAAAG GAAAGT AAAGTA AAGTAG AGTAGC GTAGCA TAGCAA AGCAAT GCAATA CAATAT AATATG ATATGT TATGTA ATGTAT TGTATT GTATTT TATTTT ATTTTT TTTTTC TTTTCT TTTCTA TTCTAT TCTATT CTATTT TATTTT ATTTTA TTTTAT TTTATA TTATAG TATAGT ATAGTT TAGTTA AGTTAA GTTAAT TTAATG TAATGA AATGAC ATGACG TGACGT GACGTC ACGTCA CGTCAT GTCATT TCATTT CATTTA ATTTAG TTTAGT TTAGTT TAGTTT AGTTTT GTTTTG TTTTGT TTTGTG TTGTGG TGTGGC GTGGCT TGGCTT GGCTTT GCTTTA CTTTAA TTTAAG TTAAGT TAAGTG AAGTGA AGTGAC GTGACA TGACAA GACAAC ACAACT CAACTG AACTGT ACTGTT CTGTTT TGTTTT GTTTTT TTTTTT TTTTTT TTTTTA TTTTAT TTTATT TTATTT TATTTA ATTTAA TTTAAA TTAAAA TAAAAC AAAACA AAACAA AACAAG ACAAGA CAAGAA AAGAAA AGAAAA GAAAAC AAAACA AAACAT AACATG ACATGT CATGTT ATGTTT TGTTTT GTTTTA TTTTAT TTTATG TTATGC TATGCA ATGCAT TGCATT GCATTT CATTTT ATTTTT TTTTTC TTTTCT TTTCTA TTCTAT TCTATA CTATAG TATAGT ATAGTT TAGTTA AGTTAA GTTAAT TTAATA TAATAT AATATT ATATTA TATTAA ATTAAG TTAAGC TAAGCA AAGCAA AGCAAA GCAAAG CAAAGT AAAGTG AAGTGC AGTGCA GTGCAT TGCATG GCATGG CATGGT ATGGTA TGGTAC GGTACA GTACAG TACAGA ACAGAG CAGAGA AGAGAG GAGAGA AGAGAG GAGAGA AGAGAA GAGAAT AGAATT GAATTT AATTTC ATTTCA TTTCAT TTCATA TCATAT CATATT ATATTC TATTCT ATTCTA TTCTAA TCTAAT CTAATC TAATCC AATCCA ATCCAA TCCAAA CCAAAA CAAAAA AAAAAT AAAATG AAATGA AATGAA ATGAAT	0	0	0.06108573451638222
TATAAG ATAAGG TAAGGA AAGGAA AGGAAT GGAATT GAATTA AATTAA ATTAAA TTAAAC TAAACT AAACTT AACTTT ACTTTA CTTTAA TTTAAA TTAAAA TAAAAA AAAAAC AAAACA AAACAT AACATA ACATAT CATATC ATATCG TATCGA ATCGAA TCGAAG CGAAGT GAAGTA AAGTAG AGTAGA GTAGAA TAGAAG AGAAGT GAAGTT AAGTTC AGTTCT GTTCTA TTCTAA TCTAAT CTAATG TAATGT AATGTG ATGTGT TGTGTT GTGTTC TGTTCC GTTCCT TTCCTC TCCTCC CCTCCT CTCCTA TCCTAT CCTATA CTATAC TATACC ATACCC TACCCT ACCCTA CCCTAG CCTAGT CTAGTG TAGTGG AGTGGA GTGGAT TGGATG GGATGG GATGGG ATGGGT TGGGTG GGGTGT GGTGTG GTGTGT TGTGTG GTGTGC TGTGCA GTGCAC TGCACC GCACCT CACCTC ACCTCA CCTCAT CTCATG TCATGA CATGAG ATGAGG TGAGGC GAGGCT AGGCTC GGCTCA GCTCAC CTCACA TCACAT CACATC ACATCT CATCTT ATCTTT TCTTTC CTTTCA TTTCAC TTCACT TCACTT CACTTT ACTTTG CTTTGG TTTGGA TTGGAG TGGAGA GGAGAT GAGATT AGATTA GATTAT ATTATG TTATGG TATGGA ATGGAG TGGAGA GGAGAT GAGATT AGATTA GATTAC ATTACC TTACCA TACCAC ACCACT CCACTC CACTCC ACTCCA CTCCAA TCCAAT CCAATT CAATTC AATTCA ATTCAC TTCACA TCACAA CACAAG ACAAGA CAAGAA AAGAAT AGAATT GAATTG AATTGC ATTGCA TTGCAT TGCATT GCATTA CATTAA ATTAAG TTAAGA TAAGAA AAGAAG AGAAGC GAAGCA AAGCAA AGCAAG GCAAGT CAAGTA AAGTAG AGTAGC GTAGCC TAGCCC AGCCCA GCCCAA CCCAAA CCAAAC CAAACT AAACTT AACTTG ACTTGC CTTGCT TTGCTT TGCTTA GCTTAA CTTAAA TTAAAG TAAAGG AAAGGA AAGGAC AGGACT GGACTT GACTTG ACTTGC CTTGCT TTGCTA TGCTAT GCTATT CTATTA TATTAA ATTAAT TTAATA TAATAT AATATT ATATTC TATTCT ATTCTG TTCTGT TCTGTT CTGTTT TGTTTG GTTTGT TTTGTA TTGTAA TGTAAA GTAAAT TAAATC AAATCC AATCCA ATCCAC TCCACA CCACAT CACATT ACATTG CATTGT ATTGTT TTGTTC TGTTCA GTTCAG TTCAGT TCAGTT CAGTTA AGTTAT GTTATC TTATCT TATCTG ATCTGT TCTGTT CTGTTC TGTTCA GTTCAA TTCAAT TCAATC CAATCT AATCTA ATCTAT TCTATT CTATTT TATTTC ATTTCT TTTCTA TTCTAT TCTATT CTATTA TATTAT ATTATT TTATTT TATTTT ATTTTG TTTTGA TTTGAA TTGAAG TGAAGA GAAGAA AAGAAA AGAAAT GAAATT AAATTA AATTAA ATTAAT TTAATA TAATAT AATATC ATATCT TATCTG ATCTGT TCTGTC CTGTCT TGTCTG GTCTGA TCTGAT CTGATT TGATTT GATTTA ATTTAA TTTAAA TTAAAG TAAAGT AAAGTA AAGTAG AGTAGG GTAGGT TAGGTA AGGTAA GGTAAC GTAACA TAACAC AACACC ACACCC CACCCA ACCCAA CCCAAT CCAATT CAATTC AATTCA	0	0	0.04975493997335434
CCCAGC CCAGCC CAGCCC AGCCCT GCCCTT CCCTTC CCTTCC CTTCCC TTCCCC TCCCCA CCCCAG CCCAGC CCAGCC CAGCCC AGCCCT GCCCTC CCCTCC CCTCCC CTCCCC TCCCCG CCCCGA CCCGAG CCGAGC CGAGCC GAGCCC AGCCCT GCCCTT CCCTTC CCTTCC CTTCCC TTCCCG TCCCGA CCCGAG CCGAGC CGAGCC GAGCCT AGCCTT GCCTTT CCTTTC CTTTCC TTTCCG TTCCGC TCCGCA CCGCAG CGCAGC GCAGCC CAGCCC AGCCCT GCCCTC CCCTCC CCTCCC CTCCCC TCCCCG CCCCGA CCCGAG CCGAGC CGAGCC GAGCCC AGCCCT GCCCTC CCCTCC CCTCCC CTCCCC TCCCCG CCCCGA CCCGAG CCGAGC CGAGCC GAGCCG AGCCGT GCCGTT CCGTTC CGTTCC GTTCCC TTCCCG TCCCGA CCCGAG CCGAGC CGAGCC GAGCCC AGCCCT GCCCTT CCCTTC CCTTCC CTTCCC TTCCCG TCCCGA CCCGAG CCGAGC CGAGCC GAGCCC AGCCCT GCCCTT CCCTTC CCTTCC CTTCCC TTCCCG TCCCGA CCCGAG CCGAGC CGAGCC GAGCCT AGCCTT GCCTTT CCTTTC CTTTCC TTTCCC TTCCCG TCCCGA CCCGAG CCGAGC CGAGCC GAGCCC AGCCCT GCCCTC CCCTCC CCTCCC CTCCCC TCCCCG CCCCGA CCCGAG CCGAGC CGAGCC GAGCCC AGCCCT GCCCTT CCCTTC CCTTCC CTTCCC TTCCCG TCCCGA CCCGAG CCGAGC CGAGCC GAGCCT AGCCTT GCCTTT CCTTTC CTTTCC TTTCCG TTCCGC TCCGCA CCGCAG CGCAGC GCAGCC CAGCCC AGCCCT GCCCTC CCCTCC CCTCCC CTCCCG TCCCGA CCCGAG CCGAGC CGAGCC GAGCCC AGCCCT GCCCTC CCCTCC CCTCCC CTCCCC TCCCCG CCCCGA CCCGAG CCGAGC CGAGCC GAGCCC AGCCCT GCCCTT CCCTTC CCTTCC CTTCCC TTCCCC TCCCCA CCCCAG CCCAGC CCAGCC CAGCCA AGCCAT GCCATC CCATCC CATCCC ATCCCC TCCCCG CCCCGA CCCGAG CCGAGC CGAGCC GAGCCC AGCCCT GCCCTT CCCTTC CCTTCC CTTCCC TTCCCC TCCCCA CCCCAG CCCAGC CCAGCC CAGCCC AGCCCT GCCCTC CCCTCC CCTCCC CTCCCC TCCCCG CCCCGA CCCGAG CCGAGC CGAGCC GAGCCC AGCCCT GCCCTT CCCTTC CCTTCC CTTCCC TTCCCG TCCCGA CCCGAG CCGAGC CGAGCC GAGCCC AGCCCT GCCCTT CCCTTC CCTTCC CTTCCC TTCCCG TCCCGA CCCGAG CCGAGC CGAGCC GAGCCA AGCCAT GCCATT CCATTC CATTCC ATTCCC TTCCCG TCCCGA CCCGAG CCGAGT CGAGTC GAGTCC AGTCCT GTCCTT TCCTTC CCTTCC CTTCCA TTCCAG TCCAGA CCAGAG CAGAGC AGAGCC GAGCCC AGCCCT GCCCTT CCCTTC CCTTCC CTTCCC TTCCCG TCCCGA CCCGAG CCGAGC CGAGCC GAGCCT AGCCTT GCCTTT CCTTTC CTTTCC TTTCCC TTCCCC TCCCCA CCCCAG CCCAGC CCAGCC CAGCCC AGCCCT GCCCTC CCCTCC CCTCCC CTCCCC TCCCCG CCCCGA CCCGAG CCGAGC CGAGCC GAGCCC AGCCCT GCCCTT CCCTTC CCTTCC CTTCCC TTCCCG TCCCGA	0	0	0.2646554112434387
TTTTTC TTTTCA TTTCAC TTCACC TCACCT CACCTA ACCTAA CCTAAA CTAAAA TAAAAT AAAATT AAATTA AATTAT ATTATT TTATTG TATTGT ATTGTA TTGTAG TGTAGG GTAGGG TAGGGT AGGGTG GGGTGT GGTGTG GTGTGC TGTGCA GTGCAG TGCAGT GCAGTT CAGTTT AGTTTT GTTTTG TTTTGA TTTGAA TTGAAA TGAAAT GAAATG AAATGA AATGAA ATGAAG TGAAGA GAAGAG AAGAGC AGAGCA GAGCAA AGCAAA GCAAAA CAAAAC AAAACA AAACAA AACAAC ACAACA CAACAA AACAAT ACAATG CAATGA AATGAA ATGAAA TGAAAC GAAACC AAACCA AACCAG ACCAGT CCAGTC CAGTCT AGTCTT GTCTTT TCTTTT CTTTTA TTTTAC TTTACA TTACAC TACACT ACACTT CACTTA ACTTAG CTTAGC TTAGCA TAGCAT AGCATA GCATAA CATAAT ATAATA TAATAT AATATA ATATAT TATATC ATATCA TATCAA ATCAAA TCAAAG CAAAGC AAAGCT AAGCTT AGCTTT GCTTTG CTTTGC TTTGCT TTGCTT TGCTTT GCTTTT CTTTTC TTTTCT TTTCTT TTCTTA TCTTAC CTTACC TTACCT TACCTC ACCTCT CCTCTT CTCTTC TCTTCT CTTCTT TTCTTT TCTTTA CTTTAC TTTACC TTACCT TACCTT ACCTTT CCTTTG CTTTGG TTTGGC TTGGCC TGGCCT GGCCTT GCCTTT CCTTTT CTTTTC TTTTCC TTTCCA TTCCAC TCCACG CCACGG CACGGC ACGGCA CGGCAG GGCAGC GCAGCA CAGCAT AGCATC GCATCA CATCAT ATCATT TCATTA CATTAT ATTATT TTATTG TATTGT ATTGTT TTGTTG TGTTGC GTTGCT TTGCTG TGCTGT GCTGTC CTGTCT TGTCTT GTCTTT TCTTTG CTTTGT TTTGTG TTGTGA TGTGAA GTGAAT TGAATT GAATTT AATTTG ATTTGT TTTGTC TTGTCT TGTCTA GTCTAG TCTAGA CTAGAT TAGATA AGATAA GATAAA ATAAAG TAAAGC AAAGCT AAGCTT AGCTTT GCTTTA CTTTAT TTTATG TTATGA TATGAA ATGAAT TGAATG GAATGC AATGCC ATGCCT TGCCTG GCCTGT CCTGTG CTGTGG TGTGGA GTGGAC TGGACA GGACAA GACAAG ACAAGA CAAGAG AAGAGT AGAGTG GAGTGA AGTGAG GTGAGC TGAGCA GAGCAG AGCAGT GCAGTA CAGTAA AGTAAA GTAAAA TAAAAT AAAATA AAATAA AATAAA ATAAAG TAAAGA AAAGAA AAGAAA AGAAAG GAAAGC AAAGCT AAGCTG AGCTGA GCTGAT CTGATA TGATAA GATAAA ATAAAG TAAAGA AAAGAC AAGACA AGACAT GACATA ACATAT CATATA ATATAG TATAGA ATAGAA TAGAAC AGAACC GAACCT AACCTT ACCTTT CCTTTA CTTTAG TTTAGT TTAGTA TAGTAA AGTAAA GTAAAT TAAATC AAATCT AATCTG ATCTGG TCTGGC CTGGCC TGGCCA GGCCAG GCCAGC CCAGCA CAGCAA AGCAAC GCAACT CAACTC AACTCT ACTCTT CTCTTT TCTTTT CTTTTT TTTTTT TTTTTG TTTTGT TTTGTT TTGTTT TGTTTC GTTTCT TTTCTA TTCTAT TCTATG CTATGG TATGGA ATGGAT TGGATT GGATTT GATTTC ATTTCC TTTCCA TTCCAG	0	0	0.022208528593182564
TTCAAT TCAATG CAATGA AATGAT ATGATT TGATTG GATTGT ATTGTA TTGTAC TGTACC GTACCC TACCCT ACCCTA CCCTAA CCTAAA CTAAAG TAAAGA AAAGAC AAGACA AGACAC GACACA ACACAT CACATG ACATGT CATGTG ATGTGC TGTGCA GTGCAC TGCACG GCACGT CACGTA ACGTAT CGTATA GTATAT TATATT ATATTC TATTCA ATTCAT TTCATC TCATCG CATCGC ATCGCG TCGCGG CGCGGA GCGGAA CGGAAC GGAACT GAACTA AACTAT ACTATT CTATTC TATTCA ATTCAC TTCACA TCACAT CACATA ACATAG CATAGC ATAGCA TAGCAA AGCAAA GCAAAG CAAAGA AAAGAC AAGACA AGACAT GACATG ACATGG CATGGA ATGGAA TGGAAT GGAATC GAATCA AATCAA ATCAAC TCAACC CAACCT AACCTA ACCTAG CCTAGA CTAGAG TAGAGG AGAGGC GAGGCC AGGCCC GGCCCA GCCCAT CCCATC CCATCA CATCAG ATCAGT TCAGTG CAGTGG AGTGGT GTGGTA TGGTAG GGTAGA GTAGAC TAGACT AGACTA GACTAG ACTAGA CTAGAT TAGATA AGATAA GATAAA ATAAAG TAAAGA AAAGAA AAGAAA AGAAAA GAAAAT AAAATA AAATAT AATATG ATATGG TATGGC ATGGCA TGGCAC GGCACG GCACGT CACGTA ACGTAT CGTATA GTATAC TATACA ATACAC TACACC ACACCA CACCAT ACCATG CCATGA CATGAA ATGAAC TGAACT GAACTA AACTAC ACTACT CTACTA TACTAC ACTACA CTACAC TACACA ACACAG CACAGT ACAGTC CAGTCA AGTCAT GTCATA TCATAA CATAAA ATAAAA TAAAAA AAAAAT AAAATG AAATGA AATGAA ATGAAC TGAACA GAACAA AACAAG ACAAGA CAAGAT AAGATC AGATCA GATCAT ATCATG TCATGT CATGTC ATGTCT TGTCTT GTCTTT TCTTTT CTTTTG TTTTGC TTTGCA TTGCAG TGCAGC GCAGCA CAGCAA AGCAAC GCAACA CAACAT AACATG ACATGG CATGGA ATGGAT TGGATG GGATGG GATGGA ATGGAG TGGAGC GGAGCT GAGCTA AGCTAG GCTAGA CTAGAG TAGAGG AGAGGC GAGGCC AGGCCA GGCCAT GCCATT CCATTA CATTAT ATTATC TTATCC TATCCT ATCCTA TCCTAA CCTAAG CTAAGC TAAGCA AAGCAA AGCAAA GCAAAC CAAACT AAACTA AACTAA ACTAAT CTAATG TAATGC AATGCA ATGCAG TGCAGG GCAGGA CAGGAA AGGAAC GGAACA GAACAG AACAGA ACAGAA CAGAAA AGAAAA GAAAAT AAAATC AAATCA AATCAA ATCAAA TCAAAC CAAACA AAACAC AACACC ACACCA CACCAC ACCACA CCACAT CACATG ACATGT CATGTT ATGTTT TGTTTT GTTTTC TTTTCA TTTCAC TTCACT TCACTT CACTTG ACTTGT CTTGTA TTGTAA TGTAAA GTAAAT TAAATG AAATGG AATGGG ATGGGA TGGGAG GGGAGC GGAGCC GAGCCA AGCCAA GCCAAA CCAAAC CAAACA AAACAT AACATT ACATTG CATTGA ATTGAA TTGAAT TGAATA GAATAC AATACA ATACAC TACACA ACACAA CACAAT ACAATG CAATGA AATGAC ATGACA TGACAC GACACA ACACAA	0	0	0.03590543568134308
TTCTAG TCTAGG CTAGGG TAGGGA AGGGAG GGGAGC GGAGCG GAGCGA AGCGAA GCGAAG CGAAGT GAAGTA AAGTAT AGTATC GTATCC TATCCT ATCCTG TCCTGA CCTGAT CTGATT TGATTC GATTCT ATTCTC TTCTCA TCTCAG CTCAGC TCAGCT CAGCTT AGCTTC GCTTCC CTTCCG TTCCGC TCCGCA CCGCAT CGCATC GCATCA CATCAT ATCATT TCATTT CATTTT ATTTTT TTTTTC TTTTCT TTTCTA TTCTAG TCTAGG CTAGGA TAGGAC AGGACA GGACAA GACAAT ACAATA CAATAA AATAAA ATAAAA TAAAAA AAAAAT AAAATG AAATGC AATGCC ATGCCC TGCCCT GCCCTG CCCTGG CCTGGA CTGGAA TGGAAT GGAATC GAATCT AATCTG ATCTGG TCTGGG CTGGGA TGGGAA GGGAAT GGAATC GAATCT AATCTG ATCTGC TCTGCC CTGCCC TGCCCA GCCCAA CCCAAG CCAAGG CAAGGA AAGGAG AGGAGA GGAGAC GAGACA AGACAG GACAGA ACAGAG CAGAGT AGAGTC GAGTCC AGTCCT GTCCTC TCCTCC CCTCCC CTCCCT TCCCTA CCCTAA CCTAAA CTAAAT TAAATG AAATGT AATGTG ATGTGC TGTGCC GTGCCA TGCCAT GCCATT CCATTT CATTTC ATTTCC TTTCCT TTCCTT TCCTTC CCTTCT CTTCTC TTCTCT TCTCTG CTCTGG TCTGGA CTGGAG TGGAGC GGAGCC GAGCCA AGCCAG GCCAGG CCAGGA CAGGAA AGGAAG GGAAGT GAAGTA AAGTAG AGTAGA GTAGAA TAGAAG AGAAGG GAAGGA AAGGAG AGGAGA GGAGAA GAGAAC AGAACG GAACGG AACGGA ACGGAA CGGAAC GGAACT GAACTT AACTTG ACTTGC CTTGCC TTGCCT TGCCTC GCCTCT CCTCTT CTCTTC TCTTCT CTTCTT TTCTTA TCTTAC CTTACC TTACCC TACCCA ACCCAA CCCAAG CCAAGT CAAGTA AAGTAT AGTATC GTATCT TATCTC ATCTCT TCTCTG CTCTGG TCTGGG CTGGGC TGGGCA GGGCAC GGCACG GCACGC CACGCT ACGCTG CGCTGC GCTGCT CTGCTT TGCTTC GCTTCC CTTCCC TTCCCT TCCCTC CCCTCC CCTCCT CTCCTC TCCTCA CCTCAT CTCATC TCATCT CATCTA ATCTAT TCTATA CTATAA TATAAA ATAAAA TAAAAT AAAATG AAATGA AATGAG ATGAGA TGAGAC GAGACA AGACAG GACAGC ACAGCA CAGCAG AGCAGA GCAGAT CAGATG AGATGA GATGAA ATGAAT TGAATC GAATCA AATCAA ATCAAT TCAATT CAATTC AATTCC ATTCCT TTCCTT TCCTTT CCTTTC CTTTCT TTTCTT TTCTTG TCTTGC CTTGCT TTGCTC TGCTCT GCTCTC CTCTCT TCTCTT CTCTTT TCTTTT CTTTTT TTTTTT TTTTTA TTTTAA TTTAAA TTAAAG TAAAGT AAAGTA AAGTAA AGTAAC GTAACG TAACGA AACGAG ACGAGA CGAGAC GAGACC AGACCT GACCTC ACCTCA CCTCAT CTCATT TCATTC CATTCC ATTCCT TTCCTG TCCTGA CCTGAA CTGAAA TGAAAT GAAATG AAATGA AATGAA ATGAAA TGAAAT GAAATC AAATCT AATCTC ATCTCA TCTCAT CTCATT TCATTC CATTCA ATTCAG TTCAGA TCAGAA CAGAAA AGAAAT	0	0	0.1666877567768097
TAGACT AGACTG GACTGA ACTGAT CTGATA TGATAC GATACA ATACAT TACATA ACATAC CATACT ATACTG TACTGA ACTGAG CTGAGT TGAGTT GAGTTA AGTTAT GTTATT TTATTA TATTAT ATTATT TTATTA TATTAT ATTATT TTATTT TATTTT ATTTTC TTTTCT TTTCTT TTCTTG TCTTGA CTTGAC TTGACA TGACAT GACATC ACATCC CATCCT ATCCTT TCCTTC CCTTCC CTTCCA TTCCAT TCCATT CCATTT CATTTG ATTTGT TTTGTT TTGTTT TGTTTT GTTTTT TTTTTT TTTTTA TTTTAA TTTAAT TTAATC TAATCT AATCTT ATCTTC TCTTCT CTTCTC TTCTCT TCTCTT CTCTTT TCTTTG CTTTGA TTTGAT TTGATT TGATTA GATTAC ATTACA TTACAG TACAGA ACAGAA CAGAAT AGAATT GAATTG AATTGT ATTGTT TTGTTT TGTTTG GTTTGG TTTGGA TTGGAT TGGATA GGATAG GATAGA ATAGAA TAGAAT AGAATT GAATTT AATTTT ATTTTA TTTTAA TTTAAG TTAAGT TAAGTG AAGTGG AGTGGT GTGGTT TGGTTC GGTTCC GTTCCA TTCCAA TCCAAT CCAATT CAATTT AATTTT ATTTTT TTTTTA TTTTAG TTTAGA TTAGAA TAGAAA AGAAAC GAAACA AAACAA AACAAT ACAATT CAATTT AATTTT ATTTTC TTTTCA TTTCAA TTCAAT TCAATG CAATGA AATGAA ATGAAC TGAACA GAACAG AACAGA ACAGAG CAGAGC AGAGCA GAGCAC AGCACA GCACAA CACAAG ACAAGT CAAGTG AAGTGA AGTGAG GTGAGC TGAGCT GAGCTC AGCTCT GCTCTG CTCTGG TCTGGG CTGGGA TGGGAA GGGAAA GGAAAA GAAAAT AAAATG AAATGT AATGTC ATGTCA TGTCAA GTCAAG TCAAGC CAAGCA AAGCAA AGCAAC GCAACC CAACCT AACCTA ACCTAA CCTAAT CTAATA TAATAT AATATA ATATAC TATACT ATACTT TACTTC ACTTCA CTTCAA TTCAAC TCAACT CAACTT AACTTG ACTTGT CTTGTA TTGTAG TGTAGC GTAGCC TAGCCC AGCCCA GCCCAT CCCATG CCATGA CATGAA ATGAAG TGAAGG GAAGGG AAGGGT AGGGTG GGGTGA GGTGAA GTGAAG TGAAGA GAAGAC AAGACA AGACAG GACAGG ACAGGA CAGGAT AGGATA GGATAG GATAGC ATAGCA TAGCAA AGCAAA GCAAAA CAAAAT AAAATT AAATTA AATTAT ATTATT TTATTT TATTTG ATTTGA TTTGAT TTGATG TGATGT GATGTA ATGTAA TGTAAT GTAATA TAATAA AATAAT ATAATA TAATAA AATAAC ATAACT TAACTA AACTAC ACTACA CTACAT TACATT ACATTT CATTTT ATTTTT TTTTTT TTTTTT TTTTTC TTTTCA TTTCAA TTCAAA TCAAAT CAAATT AAATTT AATTTA ATTTAA TTTAAT TTAATA TAATAC AATACA ATACAA TACAAC ACAACT CAACTA AACTAT ACTATA CTATAA TATAAC ATAACC TAACCC AACCCA ACCCAA CCCAAA CCAAAA CAAAAA AAAAAT AAAATG AAATGC AATGCA ATGCAA TGCAAG GCAAGA CAAGAA AAGAAT AGAATC GAATCT AATCTC ATCTCA TCTCAA CTCAAC TCAACT CAACTG AACTGG ACTGGG CTGGGG	0	0	0.08516659587621689
TTTACC TTACCA TACCAA ACCAAA CCAAAA CAAAAT AAAATA AAATAT AATATG ATATGT TATGTA ATGTAC TGTACA GTACAG TACAGT ACAGTG CAGTGT AGTGTA GTGTAA TGTAAG GTAAGA TAAGAA AAGAAG AGAAGA GAAGAA AAGAAA AGAAAG GAAAGT AAAGTT AAGTTC AGTTCT GTTCTT TTCTTG TCTTGA CTTGAG TTGAGC TGAGCC GAGCCA AGCCAG GCCAGG CCAGGT CAGGTG AGGTGC GGTGCA GTGCAG TGCAGT GCAGTG CAGTGG AGTGGT GTGGTG TGGTGC GGTGCA GTGCAT TGCATG GCATGC CATGCC ATGCCT TGCCTG GCCTGT CCTGTA CTGTAG TGTAGA GTAGAT TAGATC AGATCC GATCCA ATCCAG TCCAGT CCAGTT CAGTTA AGTTAC GTTACT TTACTC TACTCA ACTCAA CTCAAG TCAAGA CAAGAA AAGAAT AGAATA GAATAG AATAGC ATAGCA TAGCAA AGCAAC GCAACA CAACAC AACACC ACACCC CACCCT ACCCTA CCCTAT CCTATC CTATCA TATCAG ATCAGA TCAGAA CAGAAA AGAAAG GAAAGA AAAGAT AAGATA AGATAG GATAGG ATAGGG TAGGGA AGGGAG GGGAGG GGAGGG GAGGGA AGGGAG GGGAGG GGAGGG GAGGGA AGGGAG GGGAGG GGAGGA GAGGAA AGGAAG GGAAGG GAAGGG AAGGGA AGGGAG GGGAGG GGAGGG GAGGGA AGGGAG GGGAGG GGAGGG GAGGGA AGGGAG GGGAGG GGAGGG GAGGGA AGGGAG GGGAGG GGAGGG GAGGGA AGGGAG GGGAGG GGAGGA GAGGAA AGGAAG GGAAGG GAAGGG AAGGGA AGGGAG GGGAGG GGAGGG GAGGGA AGGGAG GGGAGG GGAGGG GAGGGA AGGGAG GGGAGG GGAGGG GAGGGA AGGGAG GGGAGG GGAGGA GAGGAG AGGAGT GGAGTG GAGTGT AGTGTA GTGTAG TGTAGA GTAGAG TAGAGG AGAGGT GAGGTG AGGTGT GGTGTG GTGTGC TGTGCT GTGCTT TGCTTA GCTTAA CTTAAC TTAACA TAACAA AACAAA ACAAAT CAAATC AAATCT AATCTT ATCTTT TCTTTT CTTTTG TTTTGC TTTGCT TTGCTC TGCTCA GCTCAA CTCAAA TCAAAT CAAATA AAATAG AATAGC ATAGCA TAGCAT AGCATA GCATAA CATAAT ATAATG TAATGG AATGGG ATGGGC TGGGCC GGGCCC GGCCCA GCCCAG CCCAGG CCAGGC CAGGCG AGGCGC GGCGCA GCGCAG CGCAGT GCAGTG CAGTGG AGTGGT GTGGTT TGGTTC GGTTCA GTTCAC TTCACA TCACAC CACACC ACACCT CACCTG ACCTGC CCTGCA CTGCAA TGCAAT GCAATC CAATCC AATCCC ATCCCA TCCCAG CCCAGC CCAGCA CAGCAC AGCACT GCACTT CACTTT ACTTTG CTTTGG TTTGGG TTGGGA TGGGAG GGGAGG GGAGGC GAGGCT AGGCTG GGCTGA GCTGAG CTGAGA TGAGAC GAGACC AGACCG GACCGG ACCGGT CCGGTG CGGTGG GGTGGA GTGGAT TGGATC GGATCA GATCAC ATCACT TCACTT CACTTG ACTTGA CTTGAG TTGAGG TGAGGT GAGGTC AGGTCA GGTCAG GTCAGG TCAGGA CAGGAG AGGAGT GGAGTT GAGTTC AGTTCG GTTCGA TTCGAG TCGAGA CGAGAC GAGACC AGACCA GACCAG	0	0	0.12890607118606567
AGGATA GGATAA GATAAT ATAATT TAATTC AATTCC ATTCCT TTCCTG TCCTGC CCTGCA CTGCAA TGCAAT GCAATT CAATTT AATTTG ATTTGG TTTGGG TTGGGG TGGGGA GGGGAA GGGAAG GGAAGA GAAGAT AAGATT AGATTG GATTGT ATTGTG TTGTGC TGTGCA GTGCAA TGCAAA GCAAAC CAAACA AAACAA AACAAG ACAAGT CAAGTT AAGTTG AGTTGG GTTGGA TTGGAA TGGAAT GGAATG GAATGC AATGCC ATGCCT TGCCTG GCCTGC CCTGCT CTGCTA TGCTAA GCTAAA CTAAAT TAAATC AAATCT AATCTC ATCTCT TCTCTG CTCTGA TCTGAT CTGATA TGATAA GATAAT ATAATG TAATGT AATGTT ATGTTC TGTTCA GTTCAA TTCAAA TCAAAC CAAACA AAACAC AACACA ACACAC CACACT ACACTT CACTTC ACTTCA CTTCAT TTCATC TCATCA CATCAG ATCAGA TCAGAC CAGACT AGACTT GACTTA ACTTAT CTTATC TTATCA TATCAG ATCAGA TCAGAA CAGAAC AGAACA GAACAG AACAGT ACAGTA CAGTAA AGTAAA GTAAAT TAAATC AAATCA AATCAA ATCAAG TCAAGC CAAGCT AAGCTA AGCTAC GCTACC CTACCA TACCAC ACCACT CCACTT CACTTA ACTTAA CTTAAA TTAAAA TAAAAA AAAAAA AAAAAA AAAAAC AAAACA AAACAG AACAGC ACAGCT CAGCTG AGCTGT GCTGTA CTGTAC TGTACT GTACTC TACTCA ACTCAT CTCATT TCATTG CATTGG ATTGGA TTGGAA TGGAAT GGAATA GAATAT AATATT ATATTC TATTCA ATTCAT TTCATT TCATTC CATTCA ATTCAC TTCACT TCACTT CACTTT ACTTTG CTTTGA TTTGAA TTGAAG TGAAGA GAAGAA AAGAAG AGAAGA GAAGAA AAGAAC AGAACA GAACAT AACATT ACATTC CATTCA ATTCAG TTCAGT TCAGTG CAGTGA AGTGAA GTGAAA TGAAAT GAAATG AAATGG AATGGC ATGGCT TGGCTT GGCTTT GCTTTT CTTTTA TTTTAA TTTAAT TTAATC TAATCC AATCCT ATCCTT TCCTTC CCTTCT CTTCTA TTCTAG TCTAGG CTAGGA TAGGAC AGGACA GGACAC GACACT ACACTC CACTCT ACTCTA CTCTAA TCTAAC CTAACC TAACCT AACCTC ACCTCA CCTCAG CTCAGG TCAGGG CAGGGG AGGGGT GGGGTT GGGTTC GGTTCT GTTCTG TTCTGG TCTGGG CTGGGC TGGGCA GGGCAA GGCAAG GCAAGT CAAGTG AAGTGA AGTGAT GTGATG TGATGT GATGTC ATGTCT TGTCTT GTCTTT TCTTTA CTTTAT TTTATT TTATTA TATTAT ATTATG TTATGC TATGCT ATGCTT TGCTTC GCTTCT CTTCTA TTCTAT TCTATG CTATGA TATGAG ATGAGA TGAGAT GAGATC AGATCA GATCAC ATCACT TCACTG CACTGA ACTGAG CTGAGC TGAGCT GAGCTT AGCTTC GCTTCC CTTCCC TTCCCA TCCCAA CCCAAT CCAATT CAATTG AATTGA ATTGAA TTGAAT TGAATC GAATCT AATCTG ATCTGA TCTGAA CTGAAA TGAAAT GAAATG AAATGC AATGCA ATGCAT TGCATT GCATTT CATTTA ATTTAC TTTACT TTACTG TACTGC ACTGCA CTGCAA TGCAAG GCAAGA	0	0	0.04866679012775421
ACTACT CTACTA TACTAG ACTAGG CTAGGC TAGGCC AGGCCG GGCCGG GCCGGG CCGGGG CGGGGA GGGGAG GGGAGG GGAGGT GAGGTG AGGTGG GGTGGG GTGGGA TGGGAG GGGAGT GGAGTT GAGTTG AGTTGG GTTGGA TTGGAA TGGAAG GGAAGG GAAGGA AAGGAA AGGAAG GGAAGT GAAGTG AAGTGG AGTGGA GTGGAC TGGACT GGACTT GACTTA ACTTAC CTTACT TTACTG TACTGA ACTGAG CTGAGA TGAGAA GAGAAG AGAAGT GAAGTG AAGTGG AGTGGC GTGGCA TGGCAC GGCACA GCACAA CACAAG ACAAGT CAAGTG AAGTGA AGTGAA GTGAAC TGAACT GAACTT AACTTT ACTTTC CTTTCT TTTCTG TTCTGG TCTGGG CTGGGG TGGGGT GGGGTG GGGTGA GGTGAA GTGAAA TGAAAC GAAACA AAACAA AACAAT ACAATC CAATCT AATCTT ATCTTG TCTTGA CTTGAT TTGATT TGATTG GATTGG ATTGGG TTGGGG TGGGGT GGGGTA GGGTAT GGTATG GTATGG TATGGG ATGGGT TGGGTT GGGTTA GGTTAT GTTATT TTATTC TATTCA ATTCAA TTCAAG TCAAGG CAAGGT AAGGTA AGGTAT GGTATA GTATAT TATATA ATATAC TATACA ATACAT TACATT ACATTT CATTTG ATTTGT TTTGTC TTGTCA TGTCAA GTCAAA TCAAAG CAAAGC AAAGCT AAGCTC AGCTCA GCTCAA CTCAAA TCAAAT CAAATT AAATTG AATTGT ATTGTA TTGTAC TGTACA GTACAA TACAAC ACAACT CAACTA AACTAA ACTAAG CTAAGA TAAGAC AAGACT AGACTG GACTGT ACTGTA CTGTAC TGTACA GTACAA TACAAC ACAACT CAACTT AACTTA ACTTAA CTTAAA TTAAAA TAAAAA AAAAAT AAAATC AAATCT AATCTA ATCTAT TCTATG CTATGT TATGTA ATGTAT TGTATT GTATTT TATTTC ATTTCA TTTCAC TTCACT TCACTC CACTCT ACTCTA CTCTAT TCTATG CTATGT TATGTA ATGTAA TGTAAA GTAAAT TAAATT AAATTA AATTAG ATTAGA TTAGAC TAGACT AGACTT GACTTT ACTTTT CTTTTT TTTTTA TTTTAA TTTAAA TTAAAA TAAAAA AAAAAA AAAAAT AAAATC AAATCC AATCCA ATCCAT TCCATC CCATCA CATCAG ATCAGC TCAGCT CAGCTC AGCTCT GCTCTA CTCTAG TCTAGC CTAGCA TAGCAC AGCACA GCACAC CACACC ACACCT CACCTA ACCTAA CCTAAT CTAATC TAATCC AATCCA ATCCAT TCCATG CCATGC CATGCC ATGCCA TGCCAA GCCAAG CCAAGC CAAGCT AAGCTC AGCTCA GCTCAT CTCATT TCATTC CATTCC ATTCCT TTCCTA TCCTAA CCTAAG CTAAGG TAAGGA AAGGAG AGGAGC GGAGCC GAGCCA AGCCAG GCCAGC CCAGCC CAGCCA AGCCAC GCCACA CCACAC CACACA ACACAC CACACC ACACCT CACCTG ACCTGA CCTGAC CTGACC TGACCA GACCAT ACCATG CCATGG CATGGT ATGGTA TGGTAA GGTAAG GTAAGG TAAGGA AAGGAA AGGAAC GGAACT GAACTG AACTGG ACTGGT CTGGTA TGGTAT GGTATA GTATAG TATAGA ATAGAT TAGATC AGATCT GATCTG ATCTGT TCTGTG CTGTGT	0	0	0.03630814701318741
GAGTGG AGTGGG GTGGGG TGGGGA GGGGAC GGGACA GGACAC GACACA ACACAG CACAGA ACAGAG CAGAGA AGAGAC GAGACA AGACAT GACATT ACATTG CATTGT ATTGTT TTGTTA TGTTAG GTTAGG TTAGGA TAGGAC AGGACT GGACTA GACTAT ACTATA CTATAG TATAGC ATAGCA TAGCAA AGCAAG GCAAGA CAAGAC AAGACA AGACAG GACAGA ACAGAT CAGATC AGATCT GATCTA ATCTAA TCTAAT CTAATG TAATGC AATGCA ATGCAT TGCATG GCATGA CATGAG ATGAGT TGAGTC GAGTCT AGTCTT GTCTTA TCTTAC CTTACA TTACAG TACAGT ACAGTG CAGTGA AGTGAA GTGAAA TGAAAA GAAAAG AAAAGA AAAGAA AAGAAA AGAAAA GAAAAG AAAAGA AAAGAA AAGAAA AGAAAG GAAAGC AAAGCC AAGCCC AGCCCA GCCCAG CCCAGT CCAGTG CAGTGA AGTGAG GTGAGC TGAGCA GAGCAG AGCAGT GCAGTG CAGTGC AGTGCC GTGCCA TGCCAA GCCAAA CCAAAT CAAATG AAATGC AATGCC ATGCCA TGCCAC GCCACA CCACAG CACAGA ACAGAA CAGAAT AGAATC GAATCA AATCAA ATCAAG TCAAGT CAAGTG AAGTGC AGTGCC GTGCCT TGCCTC GCCTCC CCTCCC CTCCCT TCCCTG CCCTGC CCTGCT CTGCTG TGCTGA GCTGAA CTGAAG TGAAGA GAAGAT AAGATG AGATGG GATGGG ATGGGA TGGGAC GGGACA GGACAA GACAAG ACAAGT CAAGTG AAGTGA AGTGAG GTGAGG TGAGGA GAGGAC AGGACA GGACAA GACAAC ACAACC CAACCA AACCAG ACCAGG CCAGGG CAGGGC AGGGCA GGGCAC GGCACT GCACTG CACTGT ACTGTT CTGTTT TGTTTT GTTTTG TTTTGG TTTGGT TTGGTG TGGTGG GGTGGA GTGGAG TGGAGG GGAGGA GAGGAG AGGAGC GGAGCT GAGCTG AGCTGG GCTGGA CTGGAA TGGAAG GGAAGG GAAGGA AAGGAC AGGACC GGACCC GACCCT ACCCTG CCCTGG CCTGGG CTGGGT TGGGTT GGGTTG GGTTGG GTTGGT TTGGTG TGGTGA GGTGAA GTGAAA TGAAAG GAAAGA AAAGAA AAGAAC AGAACA GAACAT AACATG ACATGA CATGAC ATGACC TGACCT GACCTT ACCTTA CCTTAG CTTAGC TTAGCA TAGCAG AGCAGA GCAGAG CAGAGG AGAGGC GAGGCC AGGCCC GGCCCA GCCCAT CCCATC CCATCA CATCAC ATCACG TCACGT CACGTT ACGTTA CGTTAG GTTAGG TTAGGA TAGGAA AGGAAG GGAAGG GAAGGG AAGGGG AGGGGC GGGGCA GGGCAC GGCACC GCACCA CACCAA ACCAAG CCAAGC CAAGCT AAGCTG AGCTGC GCTGCA CTGCAG TGCAGA GCAGAA CAGAAC AGAACA GAACAG AACAGC ACAGCA CAGCAG AGCAGG GCAGGA CAGGAT AGGATG GGATGG GATGGG ATGGGC TGGGCA GGGCAC GGCACA GCACAG CACAGC ACAGCT CAGCTG AGCTGG GCTGGC CTGGCA TGGCAC GGCACA GCACAA CACAAA ACAAAG CAAAGC AAAGCC AAGCCC AGCCCA GCCCAT CCCATC CCATCC CATCCC ATCCCA TCCCAA CCCAAG CCAAGG CAAGGC AAGGCA AGGCAC GGCACA GCACAG CACAGA	0	0	0.0633331835269928
TAGCAA AGCAAC GCAACC CAACCC AACCCC ACCCCT CCCCTT CCCTTG CCTTGC CTTGCA TTGCAA TGCAAA GCAAAA CAAAAA AAAAAG AAAAGG AAAGGA AAGGAG AGGAGT GGAGTA GAGTAA AGTAAG GTAAGT TAAGTT AAGTTG AGTTGC GTTGCC TTGCCA TGCCAA GCCAAC CCAACT CAACTT AACTTG ACTTGG CTTGGT TTGGTG TGGTGA GGTGAA GTGAAA TGAAAA GAAAAT AAAATT AAATTG AATTGA ATTGAA TTGAAG TGAAGT GAAGTT AAGTTA AGTTAA GTTAAT TTAATT TAATTC AATTCT ATTCTT TTCTTA TCTTAG CTTAGC TTAGCA TAGCAG AGCAGA GCAGAG CAGAGC AGAGCG GAGCGT AGCGTT GCGTTG CGTTGT GTTGTT TTGTTT TGTTTG GTTTGC TTTGCA TTGCAG TGCAGA GCAGAC CAGACA AGACAG GACAGT ACAGTG CAGTGG AGTGGG GTGGGA TGGGAG GGGAGA GGAGAG GAGAGA AGAGAC GAGACT AGACTC GACTCT ACTCTC CTCTCT TCTCTG CTCTGC TCTGCT CTGCTT TGCTTT GCTTTG CTTTGG TTTGGG TTGGGT TGGGTT GGGTTT GGTTTC GTTTCA TTTCAG TTCAGC TCAGCC CAGCCC AGCCCA GCCCAA CCCAAG CCAAGG CAAGGA AAGGAT AGGATC GGATCC GATCCA ATCCAA TCCAAA CCAAAT CAAATA AAATAG AATAGC ATAGCA TAGCAC AGCACA GCACAC CACACC ACACCA CACCAA ACCAAT CCAATA CAATAA AATAAC ATAACT TAACTT AACTTT ACTTTT CTTTTC TTTTCT TTTCTG TTCTGA TCTGAC CTGACC TGACCT GACCTC ACCTCA CCTCAC CTCACC TCACCT CACCTC ACCTCG CCTCGC CTCGCT TCGCTT CGCTTT GCTTTC CTTTCA TTTCAC TTCACT TCACTG CACTGC ACTGCT CTGCTT TGCTTC GCTTCC CTTCCA TTCCAC TCCACC CCACCT CACCTA ACCTAC CCTACT CTACTC TACTCT ACTCTC CTCTCT TCTCTG CTCTGT TCTGTA CTGTAC TGTACC GTACCC TACCCT ACCCTC CCCTCC CCTCCC CTCCCA TCCCAT CCCATC CCATCC CATCCT ATCCTT TCCTTA CCTTAC CTTACC TTACCA TACCAT ACCATC CCATCT CATCTT ATCTTC TCTTCC CTTCCA TTCCAC TCCACC CCACCA CACCAT ACCATC CCATCC CATCCA ATCCAT TCCATA CCATAT CATATT ATATTT TATTTC ATTTCA TTTCAC TTCACA TCACAT CACATA ACATAT CATATG ATATGC TATGCT ATGCTG TGCTGT GCTGTA CTGTAT TGTATA GTATAT TATATT ATATTC TATTCC ATTCCA TTCCAT TCCATG CCATGC CATGCA ATGCAG TGCAGG GCAGGA CAGGAT AGGATC GGATCG GATCGT ATCGTA TCGTAA CGTAAG GTAAGA TAAGAA AAGAAG AGAAGG GAAGGA AAGGAA AGGAAG GGAAGA GAAGAT AAGATA AGATAG GATAGG ATAGGT TAGGTG AGGTGC GGTGCA GTGCAG TGCAGA GCAGAG CAGAGT AGAGTG GAGTGC AGTGCT GTGCTG TGCTGA GCTGAG CTGAGT TGAGTT GAGTTT AGTTTG GTTTGC TTTGCA TTGCAG TGCAGA GCAGAA CAGAAC AGAACC GAACCC AACCCT ACCCTG CCCTGG CCTGGC CTGGCT	0	0	0.06484204530715942
CTCCAC TCCACA CCACAA CACAAT ACAATC CAATCA AATCAA ATCAAT TCAATT CAATTT AATTTG ATTTGC TTTGCA TTGCAG TGCAGA GCAGAA CAGAAA AGAAAG GAAAGT AAAGTA AAGTAA AGTAAG GTAAGA TAAGAA AAGAAA AGAAAG GAAAGA AAAGAG AAGAGC AGAGCG GAGCGA AGCGAA GCGAAA CGAAAC GAAACT AAACTG AACTGA ACTGAC CTGACT TGACTT GACTTA ACTTAG CTTAGA TTAGAA TAGAAT AGAATT GAATTT AATTTG ATTTGA TTTGAC TTGACC TGACCT GACCTG ACCTGC CCTGCT CTGCTT TGCTTT GCTTTC CTTTCC TTTCCT TTCCTT TCCTTG CCTTGA CTTGAT TTGATC TGATCA GATCAC ATCACG TCACGT CACGTT ACGTTC CGTTCT GTTCTA TTCTAT TCTATA CTATAA TATAAC ATAACA TAACAG AACAGA ACAGAA CAGAAC AGAACT GAACTG AACTGT ACTGTG CTGTGC TGTGCC GTGCCA TGCCAA GCCAAT CCAATG CAATGT AATGTA ATGTAA TGTAAA GTAAAA TAAAAA AAAAAG AAAAGC AAAGCT AAGCTT AGCTTA GCTTAC CTTACA TTACAG TACAGT ACAGTG CAGTGA AGTGAT GTGATA TGATAA GATAAG ATAAGA TAAGAA AAGAAG AGAAGA GAAGAC AAGACT AGACTG GACTGA ACTGAA CTGAAT TGAATA GAATAA AATAAT ATAATG TAATGT AATGTG ATGTGT TGTGTA GTGTAA TGTAAG GTAAGT TAAGTT AAGTTA AGTTAG GTTAGA TTAGAT TAGATA AGATAA GATAAT ATAATA TAATAT AATATG ATATGA TATGAG ATGAGG TGAGGT GAGGTC AGGTCC GGTCCC GTCCCT TCCCTC CCCTCA CCTCAA CTCAAT TCAATA CAATAA AATAAG ATAAGC TAAGCC AAGCCC AGCCCC GCCCCA CCCCAC CCCACT CCACTG CACTGA ACTGAC CTGACA TGACAC GACACA ACACAA CACAAC ACAACT CAACTG AACTGA ACTGAT CTGATT TGATTA GATTAA ATTAAA TTAAAG TAAAGC AAAGCT AAGCTA AGCTAC GCTACC CTACCC TACCCT ACCCTG CCCTGA CCTGAG CTGAGG TGAGGT GAGGTA AGGTAT GGTATT GTATTT TATTTT ATTTTC TTTTCC TTTCCA TTCCAT TCCATA CCATAT CATATA ATATAT TATATA ATATAA TATAAA ATAAAC TAAACC AAACCT AACCTG ACCTGT CCTGTT CTGTTC TGTTCT GTTCTT TTCTTA TCTTAA CTTAAA TTAAAA TAAAAA AAAAAA AAAAAG AAAAGC AAAGCA AAGCAA AGCAAA GCAAAA CAAAAC AAAACT AAACTA AACTAC ACTACC CTACCA TACCAA ACCAAA CCAAAA CAAAAG AAAAGT AAAGTG AAGTGG AGTGGG GTGGGA TGGGAG GGGAGG GGAGGC GAGGCT AGGCTA GGCTAG GCTAGA CTAGAG TAGAGG AGAGGG GAGGGT AGGGTG GGGTGG GGTGGG GTGGGG TGGGGA GGGGAA GGGAAA GGAAAG GAAAGG AAAGGG AAGGGG AGGGGA GGGGAC GGGACA GGACAG GACAGG ACAGGT CAGGTG AGGTGA GGTGAA GTGAAG TGAAGG GAAGGA AAGGAA AGGAAC GGAACA GAACAG AACAGA ACAGAG CAGAGG AGAGGA GAGGAT AGGATG GGATGG GATGGA ATGGAA	0	0	0.09072133153676987
CACTGG ACTGGG CTGGGC TGGGCC GGGCCC GGCCCT GCCCTC CCCTCA CCTCAT CTCATG TCATGG CATGGC ATGGCC TGGCCT GGCCTG GCCTGT CCTGTG CTGTGC TGTGCC GTGCCC TGCCCA GCCCAA CCCAAC CCAACT CAACTT AACTTC ACTTCC CTTCCA TTCCAG TCCAGC CCAGCA CAGCAG AGCAGT GCAGTG CAGTGG AGTGGA GTGGAA TGGAAC GGAACA GAACAC AACACA ACACAG CACAGA ACAGAG CAGAGG AGAGGA GAGGAA AGGAAT GGAATC GAATCT AATCTT ATCTTC TCTTCA CTTCAC TTCACG TCACGG CACGGA ACGGAG CGGAGA GGAGAG GAGAGC AGAGCC GAGCCA AGCCAG GCCAGA CCAGAG CAGAGA AGAGAC GAGACC AGACCA GACCAA ACCAAC CCAACC CAACCC AACCCC ACCCCT CCCCTC CCCTCC CCTCCA CTCCAA TCCAAC CCAACT CAACTC AACTCC ACTCCT CTCCTA TCCTAA CCTAAA CTAAAA TAAAAC AAAACT AAACTA AACTAG ACTAGG CTAGGA TAGGAT AGGATG GGATGA GATGAC ATGACA TGACAA GACAAA ACAAAC CAAACT AAACTC AACTCT ACTCTG CTCTGA TCTGAG CTGAGT TGAGTG GAGTGC AGTGCC GTGCCT TGCCTT GCCTTG CCTTGG CTTGGT TTGGTG TGGTGG GGTGGT GTGGTG TGGTGA GGTGAG GTGAGG TGAGGA GAGGAG AGGAGA GGAGAG GAGAGG AGAGGT GAGGTG AGGTGC GGTGCT GTGCTT TGCTTG GCTTGT CTTGTG TTGTGA TGTGAT GTGATA TGATAT GATATT ATATTG TATTGT ATTGTC TTGTCA TGTCAA GTCAAA TCAAAT CAAATC AAATCC AATCCG ATCCGA TCCGAA CCGAAA CGAAAA GAAAAA AAAAAC AAAACA AAACAG AACAGA ACAGAT CAGATT AGATTT GATTTA ATTTAA TTTAAA TTAAAT TAAATG AAATGT AATGTG ATGTGA TGTGAC GTGACA TGACAG GACAGG ACAGGC CAGGCA AGGCAT GGCATG GCATGG CATGGT ATGGTC TGGTCT GGTCTG GTCTGA TCTGAG CTGAGC TGAGCC GAGCCC AGCCCA GCCCAT CCCATT CCATTT CATTTT ATTTTC TTTTCA TTTCAC TTCACA TCACAT CACATA ACATAG CATAGA ATAGAA TAGAAA AGAAAG GAAAGG AAAGGG AAGGGA AGGGAA GGGAAG GGAAGG GAAGGA AAGGAA AGGAAG GGAAGG GAAGGT AAGGTC AGGTCA GGTCAC GTCACC TCACCA CACCAC ACCACG CCACGA CACGAT ACGATG CGATGG GATGGA ATGGAA TGGAAG GGAAGC GAAGCT AAGCTG AGCTGT GCTGTC CTGTCT TGTCTG GTCTGC TCTGCC CTGCCT TGCCTC GCCTCC CCTCCG CTCCGA TCCGAG CCGAGC CGAGCG GAGCGG AGCGGT GCGGTA CGGTAG GGTAGG GTAGGG TAGGGC AGGGCC GGGCCC GGCCCG GCCCGG CCCGGG CCGGGC CGGGCA GGGCAA GGCAAT GCAATT CAATTT AATTTC ATTTCC TTTCCT TTCCTC TCCTCC CCTCCC CTCCCC TCCCCT CCCCTT CCCTTT CCTTTG CTTTGG TTTGGA TTGGAT TGGATT GGATTG GATTGA ATTGAG TTGAGC TGAGCT GAGCTG AGCTGG GCTGGT CTGGTT TGGTTT GGTTTT GTTTTT TTTTTC	0	0	0.09261871874332428
CGTGCA GTGCAT TGCATC GCATCT CATCTT ATCTTA TCTTAT CTTATG TTATGC TATGCA ATGCAT TGCATA GCATAA CATAAT ATAATC TAATCC AATCCT ATCCTT TCCTTT CCTTTG CTTTGG TTTGGT TTGGTT TGGTTG GGTTGT GTTGTG TTGTGC TGTGCG GTGCGC TGCGCG GCGCGC CGCGCC GCGCCA CGCCAG GCCAGC CCAGCT CAGCTG AGCTGG GCTGGG CTGGGC TGGGCA GGGCAG GGCAGC GCAGCA CAGCAG AGCAGA GCAGAG CAGAGA AGAGAT GAGATA AGATAG GATAGC ATAGCG TAGCGA AGCGAG GCGAGT CGAGTG GAGTGC AGTGCT GTGCTG TGCTGG GCTGGG CTGGGG TGGGGT GGGGTC GGGTCT GGTCTT GTCTTG TCTTGC CTTGCA TTGCAG TGCAGC GCAGCT CAGCTT AGCTTT GCTTTA CTTTAA TTTAAA TTAAAA TAAAAC AAAACT AAACTG AACTGT ACTGTG CTGTGC TGTGCC GTGCCC TGCCCA GCCCAG CCCAGG CCAGGC CAGGCC AGGCCT GGCCTC GCCTCA CCTCAC CTCACT TCACTC CACTCA ACTCAG CTCAGA TCAGAA CAGAAG AGAAGT GAAGTA AAGTAG AGTAGG GTAGGA TAGGAA AGGAAA GGAAAA GAAAAT AAAATG AAATGA AATGAA ATGAAA TGAAAT GAAATG AAATGA AATGAG ATGAGC TGAGCA GAGCAT AGCATT GCATTT CATTTG ATTTGC TTTGCA TTGCAT TGCATA GCATAA CATAAT ATAATC TAATCT AATCTA ATCTAT TCTATC CTATCT TATCTC ATCTCG TCTCGA CTCGAG TCGAGT CGAGTT GAGTTA AGTTAC GTTACC TTACCC TACCCA ACCCAG CCCAGG CCAGGT CAGGTT AGGTTT GGTTTC GTTTCT TTTCTT TTCTTT TCTTTC CTTTCA TTTCAA TTCAAT TCAATC CAATCT AATCTT ATCTTC TCTTCT CTTCTT TTCTTA TCTTAT CTTATC TTATCA TATCAC ATCACG TCACGT CACGTT ACGTTT CGTTTT GTTTTT TTTTTA TTTTAA TTTAAA TTAAAA TAAAAA AAAAAA AAAAAA AAAAAT AAAATC AAATCT AATCTA ATCTAT TCTATT CTATTA TATTAA ATTAAG TTAAGA TAAGAG AAGAGA AGAGAA GAGAAT AGAATA GAATAT AATATT ATATTA TATTAG ATTAGA TTAGAA TAGAAC AGAACA GAACAA AACAAA ACAAAA CAAAAT AAAATG AAATGC AATGCA ATGCAT TGCATT GCATTT CATTTT ATTTTT TTTTTC TTTTCT TTTCTC TTCTCT TCTCTT CTCTTC TCTTCA CTTCAG TTCAGA TCAGAG CAGAGA AGAGAA GAGAAT AGAATT GAATTC AATTCA ATTCAT TTCATT TCATTT CATTTT ATTTTG TTTTGC TTTGCC TTGCCT TGCCTG GCCTGC CCTGCG CTGCGT TGCGTG GCGTGT CGTGTT GTGTTT TGTTTG GTTTGG TTTGGG TTGGGT TGGGTC GGGTCC GGTCCT GTCCTA TCCTAT CCTATA CTATAG TATAGG ATAGGG TAGGGC AGGGCT GGGCTT GGCTTT GCTTTT CTTTTC TTTTCA TTTCAT TTCATT TCATTT CATTTG ATTTGT TTTGTT TTGTTT TGTTTT GTTTTA TTTTAG TTTAGT TTAGTT TAGTTT AGTTTT GTTTTT TTTTTT TTTTTA TTTTAA TTTAAA TTAAAA TAAAAT AAAATG	0	0	0.06819812953472137
ATAACA TAACAG AACAGA ACAGAG CAGAGT AGAGTA GAGTAT AGTATA GTATAT TATATG ATATGA TATGAC ATGACA TGACAA GACAAT ACAATC CAATCC AATCCT ATCCTA TCCTAC CCTACA CTACAA TACAAG ACAAGA CAAGAT AAGATT AGATTT GATTTT ATTTTT TTTTTT TTTTTG TTTTGA TTTGAA TTGAAA TGAAAG GAAAGG AAAGGG AAGGGA AGGGAG GGGAGT GGAGTA GAGTAT AGTATT GTATTC TATTCT ATTCTG TTCTGA TCTGAA CTGAAT TGAATC GAATCG AATCGA ATCGAA TCGAAA CGAAAA GAAAAT AAAATT AAATTA AATTAG ATTAGG TTAGGA TAGGAT AGGATT GGATTA GATTAA ATTAAA TTAAAA TAAAAA AAAAAT AAAATA AAATAT AATATT ATATTA TATTAT ATTATA TTATAT TATATG ATATGT TATGTA ATGTAG TGTAGT GTAGTT TAGTTG AGTTGG GTTGGT TTGGTG TGGTGG GGTGGA GTGGAA TGGAAA GGAAAT GAAATA AAATAA AATAAA ATAAAA TAAAAG AAAAGT AAAGTT AAGTTA AGTTAG GTTAGT TTAGTA TAGTAT AGTATA GTATAT TATATA ATATAA TATAAA ATAAAC TAAACA AAACAA AACAAT ACAATT CAATTA AATTAT ATTATA TTATAA TATAAT ATAATA TAATAT AATATA ATATAT TATATA ATATAT TATATT ATATTT TATTTA ATTTAT TTTATA TTATAT TATATG ATATGT TATGTA ATGTAA TGTAAC GTAACT TAACTT AACTTA ACTTAC CTTACC TTACCA TACCAT ACCATA CCATAT CATATC ATATCA TATCAA ATCAAC TCAACA CAACAT AACATA ACATAC CATACT ATACTT TACTTT ACTTTC CTTTCA TTTCAA TTCAAA TCAAAA CAAAAC AAAACC AAACCA AACCAT ACCATG CCATGA CATGAT ATGATT TGATTT GATTTT ATTTTA TTTTAC TTTACT TTACTG TACTGT ACTGTA CTGTAT TGTATT GTATTT TATTTT ATTTTT TTTTTA TTTTAC TTTACA TTACAA TACAAC ACAACA CAACAA AACAAA ACAAAA CAAAAT AAAATC AAATCC AATCCT ATCCTT TCCTTT CCTTTT CTTTTC TTTTCT TTTCTG TTCTGA TCTGAG CTGAGA TGAGAT GAGATT AGATTC GATTCT ATTCTC TTCTCA TCTCAA CTCAAT TCAATT CAATTT AATTTA ATTTAT TTTATG TTATGC TATGCA ATGCAA TGCAAA GCAAAA CAAAAG AAAAGG AAAGGA AAGGAA AGGAAG GGAAGC GAAGCC AAGCCA AGCCAT GCCATT CCATTC CATTCC ATTCCC TTCCCA TCCCAT CCCATG CCATGA CATGAT ATGATA TGATAG GATAGA ATAGAT TAGATC AGATCA GATCAA ATCAAA TCAAAT CAAATA AAATAA AATAAT ATAATT TAATTT AATTTC ATTTCT TTTCTT TTCTTC TCTTCC CTTCCC TTCCCT TCCCTG CCCTGA CCTGAC CTGACT TGACTT GACTTG ACTTGC CTTGCA TTGCAG TGCAGA GCAGAA CAGAAC AGAACT GAACTA AACTAT ACTATA CTATAA TATAAA ATAAAG TAAAGT AAAGTA AAGTAG AGTAGA GTAGAA TAGAAT AGAATT GAATTG AATTGG ATTGGT TTGGTA TGGTAA GGTAAG GTAAGA TAAGAT AAGATA	0	0	0.043037090450525284
CTAGCA TAGCAC AGCACC GCACCA CACCAG ACCAGA CCAGAA CAGAAT AGAATC GAATCT AATCTC ATCTCC TCTCCT CTCCTC TCCTCA CCTCAC CTCACC TCACCT CACCTG ACCTGG CCTGGG CTGGGG TGGGGA GGGGAA GGGAAT GGAATA GAATAT AATATC ATATCT TATCTC ATCTCA TCTCAG CTCAGT TCAGTC CAGTCC AGTCCC GTCCCA TCCCAG CCCAGG CCAGGC CAGGCC AGGCCA GGCCAA GCCAAC CCAACT CAACTG AACTGG ACTGGG CTGGGA TGGGAC GGGACT GGACTT GACTTG ACTTGG CTTGGA TTGGAT TGGATA GGATAC GATACT ATACTC TACTCT ACTCTA CTCTAA TCTAAT CTAATT TAATTC AATTCT ATTCTA TTCTAG TCTAGG CTAGGT TAGGTG AGGTGT GGTGTG GTGTGG TGTGGT GTGGTT TGGTTG GGTTGA GTTGAA TTGAAG TGAAGC GAAGCA AAGCAT AGCATC GCATCG CATCGG ATCGGT TCGGTG CGGTGG GGTGGG GTGGGT TGGGTT GGGTTC GGTTCC GTTCCT TTCCTA TCCTAT CCTATA CTATAA TATAAC ATAACA TAACAC AACACT ACACTG CACTGG ACTGGC CTGGCA TGGCAC GGCACA GCACAG CACAGG ACAGGG CAGGGA AGGGAA GGGAAA GGAAAA GAAAAA AAAAAC AAAACA AAACAT AACATT ACATTA CATTAA ATTAAC TTAACA TAACAG AACAGT ACAGTG CAGTGG AGTGGG GTGGGA TGGGAC GGGACA GGACAG GACAGA ACAGAA CAGAAT AGAATA GAATAG AATAGA ATAGAG TAGAGA AGAGAG GAGAGT AGAGTC GAGTCC AGTCCA GTCCAG TCCAGA CCAGAA CAGAAG AGAAGC GAAGCC AAGCCA AGCCAG GCCAGA CCAGAA CAGAAG AGAAGT GAAGTG AAGTGC AGTGCA GTGCAT TGCATA GCATAT CATATG ATATGA TATGAA ATGAAT TGAATA GAATAG AATAGA ATAGAG TAGAGA AGAGAA GAGAAG AGAAGC GAAGCT AAGCTG AGCTGG GCTGGT CTGGTC TGGTCC GGTCCC GTCCCA TCCCAG CCCAGC CCAGCT CAGCTG AGCTGG GCTGGG CTGGGA TGGGAC GGGACC GGACCA GACCAG ACCAGC CCAGCT CAGCTT AGCTTT GCTTTT CTTTTT TTTTTA TTTTAA TTTAAC TTAACC TAACCT AACCTT ACCTTG CCTTGC CTTGCC TTGCCA TGCCAA GCCAAA CCAAAT CAAATC AAATCT AATCTT ATCTTG TCTTGC CTTGCT TTGCTA TGCTAT GCTATT CTATTG TATTGC ATTGCA TTGCAT TGCATC GCATCT CATCTT ATCTTT TCTTTA CTTTAG TTTAGC TTAGCT TAGCTT AGCTTT GCTTTT CTTTTC TTTTCT TTTCTT TTCTTC TCTTCT CTTCTT TTCTTT TCTTTC CTTTCC TTTCCT TTCCTT TCCTTT CCTTTT CTTTTT TTTTTA TTTTAT TTTATA TTATAC TATACC ATACCT TACCTT ACCTTC CCTTCT CTTCTT TTCTTC TCTTCC CTTCCT TTCCTT TCCTTC CCTTCT CTTCTA TTCTAC TCTACT CTACTT TACTTT ACTTTC CTTTCT TTTCTG TTCTGT TCTGTT CTGTTT TGTTTA GTTTAG TTTAGT TTAGTT TAGTTT AGTTTC GTTTCT TTTCTT TTCTTC TCTTCT CTTCTG TTCTGT TCTGTT CTGTTT	0	0	0.060342784970998764
TTGCCT TGCCTC GCCTCA CCTCAT CTCATC TCATCT CATCTA ATCTAG TCTAGG CTAGGA TAGGAA AGGAAG GGAAGT GAAGTG AAGTGC AGTGCA GTGCAA TGCAAA GCAAAG CAAAGA AAAGAG AAGAGA AGAGAG GAGAGG AGAGGG GAGGGA AGGGAG GGGAGG GGAGGC GAGGCA AGGCAT GGCATC GCATCC CATCCC ATCCCT TCCCTC CCCTCC CCTCCC CTCCCC TCCCCC CCCCCA CCCCAG CCCAGC CCAGCC CAGCCA AGCCAA GCCAAG CCAAGA CAAGAG AAGAGA AGAGAA GAGAAG AGAAGC GAAGCC AAGCCA AGCCAT GCCATG CCATGA CATGAG ATGAGG TGAGGG GAGGGA AGGGAC GGGACT GGACTG GACTGT ACTGTG CTGTGC TGTGCT GTGCTA TGCTAT GCTATT CTATTC TATTCA ATTCAG TTCAGC TCAGCC CAGCCC AGCCCA GCCCAG CCCAGA CCAGAT CAGATA AGATAC GATACT ATACTA TACTAT ACTATG CTATGC TATGCT ATGCTT TGCTTT GCTTTT CTTTTC TTTTCC TTTCCC TTCCCA TCCCAC CCCACA CCACAG CACAGT ACAGTA CAGTAT AGTATT GTATTT TATTTA ATTTAC TTTACC TTACCA TACCAC ACCACA CCACAG CACAGA ACAGAC CAGACC AGACCA GACCAG ACCAGG CCAGGA CAGGAG AGGAGA GGAGAT GAGATT AGATTC GATTCC ATTCCC TTCCCT TCCCTC CCCTCA CCTCAT CTCATG TCATGT CATGTG ATGTGC TGTGCC GTGCCT TGCCTA GCCTAC CCTACA CTACAC TACACC ACACCA CACCAT ACCATC CCATCA CATCAG ATCAGG TCAGGG CAGGGC AGGGCC GGGCCC GGCCCT GCCCTG CCCTGG CCTGGG CTGGGT TGGGTT GGGTTT GGTTTC GTTTCA TTTCAA TTCAAG TCAAGC CAAGCA AAGCAC AGCACA GCACAG CACAGA ACAGAA CAGAAC AGAACT GAACTG AACTGG ACTGGA CTGGAA TGGAAA GGAAAA GAAAAC AAAACT AAACTG AACTGT ACTGTT CTGTTT TGTTTG GTTTGG TTTGGG TTGGGC TGGGCT GGGCTG GGCTGA GCTGAC CTGACA TGACAC GACACT ACACTG CACTGA ACTGAG CTGAGC TGAGCT GAGCTA AGCTAG GCTAGC CTAGCT TAGCTG AGCTGC GCTGCA CTGCAG TGCAGG GCAGGT CAGGTT AGGTTT GGTTTT GTTTTT TTTTTA TTTTAT TTTATT TTATTA TATTAT ATTATT TTATTA TATTAT ATTATT TTATTG TATTGT ATTGTT TTGTTG TGTTGT GTTGTT TTGTTA TGTTAT GTTATT TTATTT TATTTT ATTTTT TTTTTT TTTTTC TTTTCA TTTCAT TTCATA TCATAA CATAAC ATAACC TAACCC AACCCA ACCCAG CCCAGT CCAGTG CAGTGG AGTGGT GTGGTG TGGTGC GGTGCC GTGCCT TGCCTG GCCTGG CCTGGA CTGGAA TGGAAC GGAACC GAACCT AACCTC ACCTCA CCTCAG CTCAGT TCAGTG CAGTGA AGTGAG GTGAGA TGAGAC GAGACA AGACAG GACAGA ACAGAA CAGAAT AGAATC GAATCA AATCAT ATCATT TCATTT CATTTA ATTTAT TTTATT TTATTC TATTCC ATTCCC TTCCCG TCCCGT CCCGTG CCGTGG CGTGGA GTGGAA TGGAAA GGAAAG GAAAGG AAAGGG	0	0	0.10642126202583313
TGTGCA GTGCAT TGCATA GCATAA CATAAC ATAACA TAACAA AACAAC ACAACA CAACAG AACAGC ACAGCA CAGCAT AGCATA GCATAT CATATC ATATCA TATCAA ATCAAA TCAAAA CAAAAT AAAATA AAATAT AATATG ATATGT TATGTA ATGTAG TGTAGG GTAGGA TAGGAC AGGACA GGACAA GACAAA ACAAAA CAAAAA AAAAAC AAAACT AAACTT AACTTA ACTTAC CTTACA TTACAG TACAGA ACAGAA CAGAAC AGAACT GAACTA AACTAT ACTATA CTATAA TATAAA ATAAAG TAAAGA AAAGAG AAGAGA AGAGAA GAGAAA AGAAAT GAAATA AAATAG AATAGA ATAGAT TAGATG AGATGA GATGAT ATGATT TGATTT GATTTG ATTTGG TTTGGC TTGGCT TGGCTA GGCTAT GCTATT CTATTA TATTAA ATTAAA TTAAAT TAAATA AAATAG AATAGT ATAGTT TAGTTA AGTTAG GTTAGA TTAGAG TAGAGA AGAGAC GAGACT AGACTT GACTTC ACTTCA CTTCAG TTCAGG TCAGGA CAGGAC AGGACC GGACCC GACCCC ACCCCC CCCCCT CCCCTC CCCTCT CCTCTA CTCTAT TCTATC CTATCA TATCAG ATCAGA TCAGAA CAGAAA AGAAAG GAAAGT AAAGTG AAGTGA AGTGAT GTGATC TGATCC GATCCA ATCCAG TCCAGC CCAGCA CAGCAG AGCAGG GCAGGC CAGGCA AGGCAG GGCAGA GCAGAA CAGAAA AGAAAA GAAAAT AAAATT AAATTA AATTAG ATTAGT TTAGTG TAGTGA AGTGAG GTGAGG TGAGGA GAGGAC AGGACA GGACAT GACATA ACATAG CATAGT ATAGTT TAGTTG AGTTGA GTTGAC TTGACC TGACCT GACCTC ACCTCA CCTCAA CTCAAC TCAACA CAACAG AACAGA ACAGAA CAGAAT AGAATC GAATCA AATCAT ATCATC TCATCA CATCAG ATCAGT TCAGTC CAGTCA AGTCAG GTCAGT TCAGTT CAGTTG AGTTGA GTTGAA TTGAAT TGAATA GAATAT AATATA ATATAA TATAAT ATAATT TAATTG AATTGA ATTGAA TTGAAA TGAAAT GAAATC AAATCC AATCCG ATCCGT TCCGTT CCGTTT CGTTTA GTTTAC TTTACT TTACTA TACTAC ACTACA CTACAT TACATT ACATTA CATTAT ATTATA TTATAC TATACA ATACAC TACACC ACACCA CACCAC ACCACC CCACCA CACCAC ACCACC CCACCA CACCAC ACCACA CCACAA CACAAA ACAAAG CAAAGC AAAGCA AAGCAC AGCACA GCACAT CACATT ACATTC CATTCT ATTCTT TTCTTC TCTTCT CTTCTT TTCTTA TCTTAA CTTAAG TTAAGC TAAGCT AAGCTC AGCTCA GCTCAC CTCACA TCACAT CACATG ACATGA CATGAA ATGAAA TGAAAC GAAACA AAACAT AACATT ACATTC CATTCA ATTCAC TTCACC TCACCA CACCAA ACCAAG CCAAGG CAAGGT AAGGTA AGGTAA GGTAAA GTAAAC TAAACT AAACTG AACTGC ACTGCA CTGCAT TGCATT GCATTC CATTCT ATTCTG TTCTGG TCTGGA CTGGAT TGGATC GGATCA GATCAT ATCATA TCATAA CATAAA ATAAAA TAAAAC AAAACA AAACAC AACACA ACACAC CACACC ACACCT CACCTT ACCTTA CCTTAA CTTAAC	0	0	0.11243153363466263
CTTTTA TTTTAA TTTAAA TTAAAC TAAACA AAACAA AACAAC ACAACC CAACCA AACCAG ACCAGA CCAGAT CAGATC AGATCT GATCTC ATCTCA TCTCAC CTCACA TCACAT CACATG ACATGA CATGAA ATGAAC TGAACT GAACTC AACTCA ACTCAG CTCAGA TCAGAG CAGAGT AGAGTG GAGTGA AGTGAG GTGAGA TGAGAA GAGAAT AGAATT GAATTC AATTCA ATTCAC TTCACT TCACTC CACTCA ACTCAT CTCATT TCATTA CATTAC ATTACT TTACTG TACTGC ACTGCA CTGCAA TGCAAG GCAAGG CAAGGA AAGGAC AGGACA GGACAG GACAGC ACAGCA CAGCAC AGCACC GCACCA CACCAA ACCAAG CCAAGC CAAGCC AAGCCA AGCCAT GCCATT CCATTC CATTCA ATTCAT TTCATG TCATGA CATGAG ATGAGG TGAGGG GAGGGA AGGGAT GGGATC GGATCC GATCCA ATCCAC TCCACC CCACCC CACCCC ACCCCC CCCCCA CCCCAT CCCATG CCATGA CATGAC ATGACC TGACCA GACCAA ACCAAA CCAAAA CAAAAC AAAACA AAACAG AACAGC ACAGCC CAGCCC AGCCCC GCCCCC CCCCCA CCCCAC CCCACC CCACCA CACCAA ACCAAG CCAAGC CAAGCC AAGCCC AGCCCC GCCCCT CCCCTC CCCTCG CCTCGT CTCGTC TCGTCC CGTCCA GTCCAA TCCAAC CCAACA CAACAT AACATT ACATTG CATTGG ATTGGG TTGGGG TGGGGA GGGGAT GGGATC GGATCA GATCAC ATCACA TCACAT CACATT ACATTT CATTTT ATTTTA TTTTAA TTTAAT TTAATA TAATAT AATATG ATATGA TATGAG ATGAGA TGAGAT GAGATT AGATTT GATTTT ATTTTT TTTTTG TTTTGA TTTGAG TTGAGG TGAGGA GAGGAG AGGAGA GGAGAC GAGACA AGACAC GACACA ACACAC CACACA ACACAT CACATC ACATCC CATCCG ATCCGA TCCGAA CCGAAT CGAATC GAATCA AATCAT ATCATA TCATAT CATATC ATATCA TATCAA ATCAAG TCAAGG CAAGGT AAGGTA AGGTAC GGTACA GTACAT TACATC ACATCT CATCTA ATCTAC TCTACC CTACCA TACCAT ACCATA CCATAT CATATA ATATAT TATATT ATATTT TATTTT ATTTTC TTTTCC TTTCCA TTCCAT TCCATT CCATTT CATTTT ATTTTT TTTTTG TTTTGG TTTGGT TTGGTG TGGTGA GGTGAG GTGAGC TGAGCA GAGCAC AGCACA GCACAT CACATA ACATAC CATACC ATACCT TACCTA ACCTAC CCTACC CTACCA TACCAC ACCACT CCACTC CACTCC ACTCCT CTCCTA TCCTAG CCTAGA CTAGAT TAGATA AGATAA GATAAC ATAACT TAACTT AACTTC ACTTCC CTTCCT TTCCTG TCCTGC CCTGCA CTGCAG TGCAGA GCAGAG CAGAGA AGAGAA GAGAAA AGAAAT GAAATG AAATGA AATGAA ATGAAA TGAAAA GAAAAC AAAACA AAACAT AACATA ACATAT CATATG ATATGT TATGTG ATGTGC TGTGCA GTGCAT TGCATA GCATAC CATACA ATACAA TACAAA ACAAAG CAAAGA AAAGAT AAGATT AGATTT GATTTG ATTTGT TTTGTA TTGTAT TGTATA GTATAT TATATA ATATAA TATAAA ATAAAT	0	0	0.08758947998285294
CAGTTC AGTTCA GTTCAA TTCAAC TCAACA CAACAG AACAGG ACAGGA CAGGAA AGGAAG GGAAGA GAAGAA AAGAAT AGAATA GAATAA AATAAG ATAAGT TAAGTT AAGTTT AGTTTT GTTTTT TTTTTG TTTTGA TTTGAG TTGAGG TGAGGT GAGGTC AGGTCT GGTCTA GTCTAT TCTATT CTATTG TATTGC ATTGCA TTGCAC TGCACA GCACAT CACATT ACATTA CATTAC ATTACA TTACAT TACATA ACATAA CATAAT ATAATA TAATAA AATAAT ATAATG TAATGT AATGTA ATGTAT TGTATT GTATTA TATTAT ATTATA TTATAC TATACA ATACAT TACATT ACATTT CATTTC ATTTCA TTTCAA TTCAAA TCAAAA CAAAAA AAAAAA AAAAAC AAAACC AAACCT AACCTA ACCTAA CCTAAG CTAAGA TAAGAC AAGACA AGACAG GACAGT ACAGTA CAGTAA AGTAAA GTAAAT TAAATT AAATTC AATTCC ATTCCA TTCCAA TCCAAA CCAAAT CAAATG AAATGT AATGTC ATGTCT TGTCTC GTCTCA TCTCAC CTCACC TCACCA CACCAC ACCACA CCACAA CACAAA ACAAAA CAAAAA AAAAAC AAAACA AAACAG AACAGA ACAGAG CAGAGG AGAGGT GAGGTG AGGTGC GGTGCT GTGCTA TGCTAG GCTAGA CTAGAT TAGATA AGATAT GATATG ATATGC TATGCT ATGCTA TGCTAA GCTAAT CTAATT TAATTA AATTAG ATTAGA TTAGAT TAGATT AGATTG GATTGA ATTGAT TTGATT TGATTT GATTTA ATTTAG TTTAGT TTAGTA TAGTAA AGTAAT GTAATT TAATTC AATTCC ATTCCT TTCCTT TCCTTT CCTTTT CTTTTT TTTTTG TTTTGT TTTGTA TTGTAT TGTATA GTATAC TATACA ATACAT TACATG ACATGT CATGTA ATGTAT TGTATC GTATCA TATCAA ATCAAA TCAAAA CAAAAC AAAACA AAACAT AACATC ACATCA CATCAC ATCACA TCACAT CACATT ACATTG CATTGT ATTGTA TTGTAC TGTACC GTACCC TACCCC ACCCCA CCCCAT CCCATA CCATAA CATAAA ATAAAT TAAATG AAATGT AATGTA ATGTAT TGTATA GTATAT TATATT ATATTG TATTGT ATTGTG TTGTGA TGTGAT GTGATT TGATTT GATTTA ATTTAT TTTATC TTATCA TATCAA ATCAAT TCAATT CAATTA AATTAA ATTAAA TTAAAA TAAAAT AAAATA AAATAA AATAAT ATAATA TAATAT AATATT ATATTA TATTAA ATTAAT TTAATG TAATGA AATGAA ATGAAA TGAAAA GAAAAT AAAATC AAATCA AATCAA ATCAAT TCAATA CAATAA AATAAT ATAATT TAATTA AATTAC ATTACT TTACTA TACTAA ACTAAA CTAAAA TAAAAT AAAATA AAATAT AATATA ATATAT TATATA ATATAA TATAAA ATAAAT TAAATA AAATAA AATAAA ATAAAA TAAAAG AAAAGT AAAGTA AAGTAG AGTAGT GTAGTT TAGTTA AGTTAA GTTAAT TTAATA TAATAT AATATT ATATTG TATTGT ATTGTC TTGTCT TGTCTT GTCTTA TCTTAA CTTAAA TTAAAA TAAAAA AAAAAC AAAACA AAACAA AACAAA ACAAAT CAAATA AAATAC AATACA ATACAT TACATC ACATCA CATCAA ATCAAT	0	0	0.029224436730146408
TCTTAG CTTAGG TTAGGG TAGGGA AGGGAA GGGAAA GGAAAG GAAAGA AAAGAA AAGAAT AGAATG GAATGA AATGAG ATGAGT TGAGTC GAGTCA AGTCAG GTCAGA TCAGAC CAGACC AGACCA GACCAA ACCAAG CCAAGG CAAGGC AAGGCA AGGCAA GGCAAA GCAAAG CAAAGG AAAGGA AAGGAA AGGAAT GGAATT GAATTT AATTTC ATTTCG TTTCGT TTCGTT TCGTTT CGTTTT GTTTTT TTTTTA TTTTAC TTTACT TTACTA TACTAA ACTAAG CTAAGA TAAGAC AAGACC AGACCA GACCAC ACCACA CCACAT CACATC ACATCT CATCTT ATCTTT TCTTTG CTTTGC TTTGCG TTGCGC TGCGCC GCGCCC CGCCCC GCCCCT CCCCTA CCCTAG CCTAGC CTAGCA TAGCAC AGCACC GCACCC CACCCG ACCCGG CCCGGT CCGGTG CGGTGT GGTGTG GTGTGA TGTGAT GTGATG TGATGC GATGCT ATGCTG TGCTGT GCTGTT CTGTTC TGTTCA GTTCAC TTCACA TCACAA CACAAG ACAAGG CAAGGA AAGGAA AGGAAC GGAACG GAACGG AACGGT ACGGTG CGGTGG GGTGGG GTGGGC TGGGCT GGGCTC GGCTCT GCTCTG CTCTGA TCTGAA CTGAAA TGAAAA GAAAAG AAAAGA AAAGAC AAGACA AGACAC GACACC ACACCT CACCTG ACCTGG CCTGGG CTGGGG TGGGGC GGGGCT GGGCTT GGCTTC GCTTCT CTTCTC TTCTCT TCTCTG CTCTGT TCTGTG CTGTGG TGTGGG GTGGGG TGGGGC GGGGCC GGGCCC GGCCCA GCCCAC CCCACA CCACAA CACAAG ACAAGG CAAGGA AAGGAT AGGATA GGATAT GATATT ATATTC TATTCC ATTCCC TTCCCA TCCCAG CCCAGA CCAGAG CAGAGA AGAGAC GAGACA AGACAA GACAAG ACAAGA CAAGAG AAGAGT AGAGTG GAGTGC AGTGCA GTGCAA TGCAAC GCAACA CAACAG AACAGA ACAGAT CAGATG AGATGG GATGGG ATGGGC TGGGCC GGGCCT GGCCTC GCCTCC CCTCCA CTCCAC TCCACT CCACTC CACTCG ACTCGT CTCGTT TCGTTA CGTTAA GTTAAG TTAAGC TAAGCT AAGCTG AGCTGG GCTGGG CTGGGG TGGGGG GGGGGA GGGGAG GGGAGG GGAGGC GAGGCC AGGCCT GGCCTA GCCTAC CCTACT CTACTA TACTAC ACTACG CTACGT TACGTG ACGTGC CGTGCA GTGCAT TGCATT GCATTC CATTCA ATTCAT TTCATG TCATGC CATGCT ATGCTG TGCTGT GCTGTC CTGTCC TGTCCC GTCCCA TCCCAT CCCATG CCATGT CATGTG ATGTGC TGTGCG GTGCGC TGCGCC GCGCCT CGCCTG GCCTGT CCTGTG CTGTGA TGTGAA GTGAAA TGAAAT GAAATG AAATGC AATGCC ATGCCC TGCCCT GCCCTG CCCTGA CCTGAG CTGAGC TGAGCC GAGCCC AGCCCC GCCCCA CCCCAT CCCATC CCATCT CATCTT ATCTTA TCTTAA CTTAAA TTAAAA TAAAAC AAAACC AAACCA AACCAG ACCAGG CCAGGG CAGGGA AGGGAA GGGAAC GGAACA GAACAG AACAGG ACAGGC CAGGCT AGGCTC GGCTCG GCTCGG CTCGGA TCGGAG CGGAGA GGAGAG GAGAGG AGAGGG GAGGGT AGGGTG GGGTGT GGTGTG GTGTGT	0	0	0.09873104095458984
AGCTGG GCTGGG CTGGGA TGGGAC GGGACT GGACTA GACTAT ACTATA CTATAG TATAGG ATAGGC TAGGCA AGGCAC GGCACT GCACTC CACTCA ACTCAC CTCACC TCACCA CACCAC ACCACT CCACTA CACTAC ACTACA CTACAC TACACC ACACCT CACCTG ACCTGG CCTGGC CTGGCT TGGCTA GGCTAA GCTAAT CTAATT TAATTT AATTTT ATTTTT TTTTTT TTTTTA TTTTAT TTTATT TTATTT TATTTT ATTTTT TTTTTT TTTTTT TTTTTG TTTTGG TTTGGC TTGGCA TGGCAG GGCAGA GCAGAG CAGAGT AGAGTC GAGTCG AGTCGG GTCGGG TCGGGG CGGGGT GGGGTC GGGTCT GGTCTT GTCTTG TCTTGC CTTGCT TTGCTA TGCTAT GCTATG CTATGT TATGTT ATGTTG TGTTGC GTTGCT TTGCTC TGCTCA GCTCAG CTCAGG TCAGGC CAGGCT AGGCTG GGCTGC GCTGCT CTGCTC TGCTCT GCTCTC CTCTCA TCTCAA CTCAAA TCAAAC CAAACT AAACTC AACTCT ACTCTT CTCTTG TCTTGG CTTGGG TTGGGC TGGGCT GGGCTC GGCTCA GCTCAA CTCAAG TCAAGC CAAGCA AAGCAA AGCAAT GCAATC CAATCC AATCCT ATCCTC TCCTCC CCTCCT CTCCTG TCCTGC CCTGCC CTGCCT TGCCTT GCCTTG CCTTGG CTTGGG TTGGGC TGGGCT GGGCTC GGCTCC GCTCCC CTCCCA TCCCAA CCCAAA CCAAAG CAAAGT AAAGTG AAGTGT AGTGTT GTGTTG TGTTGG GTTGGG TTGGGA TGGGAT GGGATT GGATTA GATTAC ATTACA TTACAG TACAGG ACAGGC CAGGCA AGGCAT GGCATA GCATAA CATAAG ATAAGC TAAGCC AAGCCG AGCCGC GCCGCC CCGCCA CGCCAC GCCACG CCACGC CACGCC ACGCCT CGCCTG GCCTGG CCTGGT CTGGTC TGGTCC GGTCCC GTCCCC TCCCCA CCCCAG CCCAGG CCAGGT CAGGTC AGGTCC GGTCCC GTCCCA TCCCAT CCCATA CCATAT CATATT ATATTT TATTTT ATTTTC TTTTCT TTTCTA TTCTAT TCTATG CTATGT TATGTG ATGTGC TGTGCT GTGCTA TGCTAG GCTAGA CTAGAA TAGAAA AGAAAG GAAAGG AAAGGA AAGGAT AGGATA GGATAA GATAAA ATAAAC TAAACT AAACTG AACTGC ACTGCT CTGCTC TGCTCA GCTCAA CTCAAT TCAATT CAATTA AATTAT ATTATT TTATTA TATTAA ATTAAG TTAAGT TAAGTT AAGTTT AGTTTC GTTTCT TTTCTT TTCTTT TCTTTT CTTTTA TTTTAT TTTATT TTATTT TATTTT ATTTTT TTTTTT TTTTTT TTTTTG TTTTGG TTTGGG TTGGGG TGGGGG GGGGGG GGGGGG GGGGGT GGGGTG GGGTGG GGTGGA GTGGAC TGGACA GGACAG GACAGA ACAGAG CAGAGT AGAGTC GAGTCT AGTCTC GTCTCT TCTCTC CTCTCT TCTCTC CTCTCT TCTCTG CTCTGT TCTGTC CTGTCA TGTCAC GTCACC TCACCC CACCCA ACCCAG CCCAGG CCAGGC CAGGCT AGGCTG GGCTGG GCTGGA CTGGAG TGGAGT GGAGTG GAGTGC AGTGCA GTGCAA TGCAAT GCAATG CAATGG AATGGC ATGGCG TGGCGC GGCGCA GCGCAA CGCAAT GCAATC CAATCT AATCTC	0	0	0.064137764275074
TCTGTA CTGTAA TGTAAT GTAATC TAATCC AATCCC ATCCCA TCCCAG CCCAGC CCAGCA CAGCAC AGCACT GCACTT CACTTT ACTTTG CTTTGG TTTGGG TTGGGA TGGGAG GGGAGG GGAGGC GAGGCT AGGCTG GGCTGA GCTGAG CTGAGG TGAGGC GAGGCA AGGCAG GGCAGG GCAGGC CAGGCA AGGCAG GGCAGA GCAGAT CAGATC AGATCA GATCAC ATCACC TCACCT CACCTG ACCTGA CCTGAA CTGAAG TGAAGT GAAGTC AAGTCA AGTCAG GTCAGG TCAGGA CAGGAG AGGAGT GGAGTT GAGTTC AGTTCG GTTCGA TTCGAG TCGAGA CGAGAC GAGACC AGACCA GACCAG ACCAGC CCAGCC CAGCCT AGCCTG GCCTGG CCTGGC CTGGCC TGGCCA GGCCAA GCCAAC CCAACA CAACAT AACATG ACATGG CATGGT ATGGTG TGGTGA GGTGAC GTGACA TGACAC GACACC ACACCC CACCCC ACCCCA CCCCAT CCCATC CCATCT CATCTG ATCTGT TCTGTA CTGTAC TGTACT GTACTA TACTAA ACTAAA CTAAAA TAAAAA AAAAAT AAAATA AAATAC AATACA ATACAA TACAAA ACAAAA CAAAAA AAAAAT AAAATT AAATTA AATTAA ATTAAT TTAATT TAATTA AATTAG ATTAGC TTAGCC TAGCCA AGCCAG GCCAGG CCAGGC CAGGCT AGGCTT GGCTTG GCTTGG CTTGGT TTGGTG TGGTGG GGTGGC GTGGCA TGGCAC GGCACA GCACAC CACACA ACACAC CACACC ACACCT CACCTG ACCTGT CCTGTA CTGTAG TGTAGT GTAGTC TAGTCC AGTCCC GTCCCA TCCCAG CCCAGC CCAGCT CAGCTA AGCTAC GCTACT CTACTT TACTTG ACTTGG CTTGGG TTGGGA TGGGAG GGGAGG GGAGGC GAGGCT AGGCTG GGCTGA GCTGAG CTGAGG TGAGGC GAGGCA AGGCAC GGCACA GCACAA CACAAG ACAAGA CAAGAA AAGAAT AGAATT GAATTG AATTGC ATTGCT TTGCTT TGCTTG GCTTGA CTTGAA TTGAAC TGAACC GAACCC AACCCA ACCCAG CCCAGG CCAGGA CAGGAG AGGAGG GGAGGC GAGGCA AGGCAG GGCAGA GCAGAG CAGAGG AGAGGC GAGGCT AGGCTG GGCTGC GCTGCA CTGCAG TGCAGT GCAGTG CAGTGA AGTGAG GTGAGC TGAGCC GAGCCA AGCCAA GCCAAG CCAAGA CAAGAT AAGATT AGATTG GATTGC ATTGCG TTGCGC TGCGCC GCGCCA CGCCAC GCCACT CCACTA CACTAC ACTACA CTACAC TACACT ACACTC CACTCC ACTCCA CTCCAG TCCAGC CCAGCC CAGCCT AGCCTG GCCTGG CCTGGA CTGGAC TGGACA GGACAA GACAAC ACAACA CAACAG AACAGA ACAGAG CAGAGT AGAGTG GAGTGA AGTGAG GTGAGA TGAGAC GAGACT AGACTG GACTGT ACTGTC CTGTCT TGTCTC GTCTCG TCTCGA CTCGAA TCGAAA CGAAAA GAAAAA AAAAAA AAAAAA AAAAAA AAAAAA AAAAAA AAAAAA AAAAAA AAAAAA AAAAAA AAAAAA AAAAAG AAAAGA AAAGAG AAGAGA AGAGAG GAGAGA AGAGAG GAGAGA AGAGAG GAGAGA AGAGAG GAGAGA AGAGAG GAGAGA AGAGAA GAGAAA AGAAAA GAAAAG AAAAGG AAAGGG AAGGGG	0	0	0.07851839810609818
TTGAAT TGAATG GAATGC AATGCC ATGCCA TGCCAT GCCATT CCATTC CATTCT ATTCTT TTCTTC TCTTCA CTTCAC TTCACT TCACTC CACTCA ACTCAT CTCATG TCATGT CATGTA ATGTAT TGTATC GTATCT TATCTA ATCTAA TCTAAA CTAAAC TAAACA AAACAA AACAAT ACAATC CAATCG AATCGT ATCGTG TCGTGT CGTGTT GTGTTG TGTTGT GTTGTG TTGTGA TGTGAT GTGATG TGATGA GATGAT ATGATG TGATGG GATGGA ATGGAA TGGAAG GGAAGT GAAGTA AAGTAA AGTAAA GTAAAT TAAATG AAATGT AATGTA ATGTAA TGTAAA GTAAAA TAAAAA AAAAAC AAAACA AAACAT AACATT ACATTT CATTTC ATTTCT TTTCTG TTCTGG TCTGGG CTGGGG TGGGGA GGGGAA GGGAAA GGAAAT GAAATC AAATCC AATCCC ATCCCA TCCCAC CCCACT CCACTC CACTCC ACTCCA CTCCAG TCCAGA CCAGAT CAGATT AGATTT GATTTC ATTTCA TTTCAA TTCAAC TCAACC CAACCT AACCTA ACCTAG CCTAGA CTAGAC TAGACC AGACCT GACCTT ACCTTA CCTTAG CTTAGG TTAGGA TAGGAG AGGAGC GGAGCA GAGCAT AGCATA GCATAT CATATA ATATAG TATAGT ATAGTC TAGTCC AGTCCT GTCCTT TCCTTC CCTTCT CTTCTT TTCTTG TCTTGT CTTGTG TTGTGG TGTGGT GTGGTG TGGTGA GGTGAA GTGAAA TGAAAC GAAACC AAACCA AACCAG ACCAGG CCAGGA CAGGAG AGGAGA GGAGAT GAGATT AGATTC GATTCT ATTCTT TTCTTT TCTTTT CTTTTG TTTTGT TTTGTG TTGTGT TGTGTC GTGTCA TGTCAT GTCATA TCATAG CATAGG ATAGGT TAGGTT AGGTTC GGTTCC GTTCCT TTCCTC TCCTCC CCTCCT CTCCTC TCCTCC CCTCCA CTCCAC TCCACC CCACCC CACCCC ACCCCC CCCCCC CCCCCA CCCCAA CCCAAC CCAACC CAACCC AACCCC ACCCCT CCCCTT CCCTTC CCTTCA CTTCAC TTCACT TCACTC CACTCA ACTCAC CTCACA TCACAC CACACA ACACAC CACACA ACACAT CACATC ACATCT CATCTG ATCTGC TCTGCT CTGCTG TGCTGG GCTGGG CTGGGC TGGGCA GGGCAG GGCAGG GCAGGG CAGGGA AGGGAC GGGACA GGACAG GACAGC ACAGCA CAGCAG AGCAGG GCAGGA CAGGAC AGGACT GGACTT GACTTC ACTTCT CTTCTC TTCTCC TCTCCA CTCCAG TCCAGC CCAGCT CAGCTC AGCTCC GCTCCA CTCCAA TCCAAG CCAAGC CAAGCC AAGCCA AGCCAC GCCACT CCACTG CACTGC ACTGCT CTGCTG TGCTGG GCTGGA CTGGAG TGGAGC GGAGCT GAGCTC AGCTCC GCTCCC CTCCCT TCCCTT CCCTTG CCTTGG CTTGGC TTGGCC TGGCCT GGCCTG GCCTGG CCTGGG CTGGGG TGGGGT GGGGTG GGGTGG GGTGGA GTGGAG TGGAGG GGAGGC GAGGCA AGGCAG GGCAGC GCAGCA CAGCAG AGCAGT GCAGTA CAGTAT AGTATG GTATGG TATGGG ATGGGA TGGGAG GGGAGC GGAGCA GAGCAG AGCAGG GCAGGA CAGGAG AGGAGG GGAGGG GAGGGT AGGGTG GGGTGG GGTGGG GTGGGG TGGGGA	0	0	0.04992607608437538
AAAAGT AAAGTC AAGTCT AGTCTC GTCTCC TCTCCT CTCCTT TCCTTT CCTTTT CTTTTT TTTTTG TTTTGA TTTGAG TTGAGA TGAGAC GAGACA AGACAA GACAAC ACAACA CAACAG AACAGT ACAGTT CAGTTT AGTTTT GTTTTG TTTTGC TTTGCC TTGCCC TGCCCT GCCCTG CCCTGT CCTGTG CTGTGC TGTGCT GTGCTG TGCTGG GCTGGG CTGGGA TGGGAG GGGAGG GGAGGT GAGGTC AGGTCC GGTCCC GTCCCA TCCCAG CCCAGT CCAGTG CAGTGC AGTGCG GTGCGG TGCGGT GCGGTG CGGTGT GGTGTT GTGTTA TGTTAA GTTAAG TTAAGG TAAGGG AAGGGG AGGGGC GGGGCA GGGCAT GGCATA GCATAG CATAGA ATAGAG TAGAGA AGAGAA GAGAAG AGAAGA GAAGAG AAGAGA AGAGAG GAGAGC AGAGCA GAGCAA AGCAAG GCAAGA CAAGAA AAGAAA AGAAAT GAAATC AAATCG AATCGT ATCGTG TCGTGA CGTGAA GTGAAT TGAATT GAATTA AATTAT ATTATT TTATTT TATTTT ATTTTT TTTTTC TTTTCC TTTCCC TTCCCC TCCCCC CCCCCT CCCCTG CCCTGA CCTGAG CTGAGG TGAGGA GAGGAG AGGAGC GGAGCA GAGCAG AGCAGT GCAGTG CAGTGG AGTGGC GTGGCC TGGCCT GGCCTG GCCTGG CCTGGC CTGGCT TGGCTT GGCTTG GCTTGT CTTGTT TTGTTC TGTTCT GTTCTC TTCTCA TCTCAG CTCAGC TCAGCT CAGCTT AGCTTC GCTTCT CTTCTG TTCTGC TCTGCC CTGCCT TGCCTT GCCTTG CCTTGC CTTGCC TTGCCT TGCCTG GCCTGG CCTGGA CTGGAT TGGATT GGATTG GATTGA ATTGAT TTGATC TGATCT GATCTC ATCTCC TCTCCC CTCCCC TCCCCA CCCCAG CCCAGG CCAGGC CAGGCT AGGCTG GGCTGG GCTGGG CTGGGT TGGGTC GGGTCC GGTCCC GTCCCC TCCCCG CCCCGT CCCGTG CCGTGT CGTGTA GTGTAG TGTAGC GTAGCA TAGCAC AGCACT GCACTT CACTTA ACTTAG CTTAGC TTAGCT TAGCTA AGCTAA GCTAAA CTAAAG TAAAGA AAAGAT AAGATG AGATGA GATGAT ATGATC TGATCA GATCAG ATCAGC TCAGCA CAGCAG AGCAGC GCAGCT CAGCTG AGCTGA GCTGAG CTGAGA TGAGAA GAGAAC AGAACG GAACGA AACGAT ACGATC CGATCG GATCGG ATCGGT TCGGTC CGGTCC GGTCCT GTCCTC TCCTCC CCTCCT CTCCTT TCCTTT CCTTTC CTTTCC TTTCCC TTCCCT TCCCTC CCCTCC CCTCCT CTCCTC TCCTCC CCTCCC CTCCCA TCCCAG CCCAGC CCAGCA CAGCAT AGCATC GCATCA CATCAG ATCAGG TCAGGG CAGGGA AGGGAA GGGAAA GGAAAC GAAACC AAACCT AACCTC ACCTCC CCTCCT CTCCTC TCCTCC CCTCCT CTCCTC TCCTCC CCTCCT CTCCTC TCCTCT CCTCTT CTCTTT TCTTTT CTTTTT TTTTTT TTTTTT TTTTTT TTTTTT TTTTTT TTTTTT TTTTTC TTTTCC TTTCCC TTCCCT TCCCTT CCCTTG CCTTGG CTTGGC TTGGCA TGGCAG GGCAGC GCAGCT CAGCTG AGCTGA GCTGAT CTGATA TGATAC GATACA ATACAG TACAGC ACAGCA CAGCAA AGCAAC	0	0	0.09873668104410172
AGCCAG GCCAGG CCAGGT CAGGTT AGGTTT GGTTTA GTTTAG TTTAGT TTAGTG TAGTGA AGTGAT GTGATG TGATGC GATGCA ATGCAT TGCATG GCATGC CATGCC ATGCCT TGCCTG GCCTGT CCTGTG CTGTGG TGTGGT GTGGTC TGGTCC GGTCCC GTCCCA TCCCAG CCCAGC CCAGCT CAGCTA AGCTAC GCTACT CTACTT TACTTG ACTTGG CTTGGG TTGGGA TGGGAG GGGAGG GGAGGC GAGGCT AGGCTG GGCTGA GCTGAG CTGAGG TGAGGT GAGGTC AGGTCA GGTCAG GTCAGG TCAGGT CAGGTG AGGTGG GGTGGG GTGGGA TGGGAG GGGAGG GGAGGA GAGGAT AGGATC GGATCA GATCAC ATCACG TCACGG CACGGG ACGGGC CGGGCC GGGCCA GGCCAG GCCAGT CCAGTG CAGTGA AGTGAG GTGAGG TGAGGT GAGGTT AGGTTG GGTTGA GTTGAG TTGAGG TGAGGC GAGGCT AGGCTG GGCTGT GCTGTA CTGTAG TGTAGT GTAGTG TAGTGA AGTGAT GTGATT TGATTG GATTGT ATTGTG TTGTGC TGTGCC GTGCCA TGCCAC GCCACT CCACTG CACTGC ACTGCA CTGCAC TGCACT GCACTC CACTCC ACTCCA CTCCAG TCCAGC CCAGCC CAGCCT AGCCTG GCCTGG CCTGGA CTGGAT TGGATG GGATGA GATGAG ATGAGA TGAGAG GAGAGT AGAGTG GAGTGA AGTGAG GTGAGA TGAGAT GAGATC AGATCT GATCTC ATCTCA TCTCAG CTCAGC TCAGCT CAGCTC AGCTCT GCTCTG CTCTGA TCTGAA CTGAAA TGAAAA GAAAAA AAAAAC AAAACA AAACAA AACAAA ACAAAA CAAAAA AAAAAA AAAAAA AAAAAG AAAAGT AAAGTC AAGTCT AGTCTA GTCTAG TCTAGA CTAGAG TAGAGT AGAGTG GAGTGC AGTGCA GTGCAG TGCAGT GCAGTG CAGTGG AGTGGC GTGGCT TGGCTC GGCTCA GCTCAC CTCACG TCACGC CACGCC ACGCCT CGCCTG GCCTGT CCTGTA CTGTAA TGTAAT GTAATC TAATCC AATCCC ATCCCA TCCCAG CCCAGC CCAGCA CAGCAC AGCACT GCACTT CACTTT ACTTTG CTTTGA TTTGAG TTGAGA TGAGAG GAGAGG AGAGGC GAGGCC AGGCCG GGCCGA GCCGAG CCGAGG CGAGGT GAGGTG AGGTGG GGTGGG GTGGGT TGGGTG GGGTGG GGTGGA GTGGAT TGGATC GGATCA GATCAC ATCACC TCACCT CACCTG ACCTGA CCTGAG CTGAGC TGAGCT GAGCTC AGCTCA GCTCAG CTCAGG TCAGGG CAGGGG AGGGGT GGGGTT GGGTTC GGTTCA GTTCAA TTCAAG TCAAGA CAAGAC AAGACT AGACTA GACTAG ACTAGC CTAGCC TAGCCT AGCCTG GCCTGG CCTGGC CTGGCC TGGCCA GGCCAA GCCAAC CCAACA CAACAT AACATA ACATAG CATAGT ATAGTG TAGTGA AGTGAA GTGAAA TGAAAC GAAACC AAACCT AACCTG ACCTGA CCTGAT CTGATC TGATCT GATCTC ATCTCT TCTCTA CTCTAC TCTACT CTACTG TACTGA ACTGAA CTGAAA TGAAAA GAAAAT AAAATA AAATAC AATACA ATACAA TACAAA ACAAAA CAAAAA AAAAAT AAAATT AAATTA AATTAT ATTATC TTATCC TATCCA ATCCAG TCCAGG CCAGGT	0	0	0.08082123845815659
AGGAAT GGAATG GAATGT AATGTT ATGTTT TGTTTA GTTTAA TTTAAC TTAACT TAACTT AACTTG ACTTGA CTTGAC TTGACA TGACAT GACATC ACATCC CATCCA ATCCAG TCCAGT CCAGTC CAGTCT AGTCTT GTCTTC TCTTCT CTTCTT TTCTTA TCTTAA CTTAAC TTAACT TAACTT AACTTT ACTTTA CTTTAA TTTAAG TTAAGA TAAGAG AAGAGA AGAGAT GAGATT AGATTT GATTTT ATTTTA TTTTAC TTTACA TTACAG TACAGC ACAGCC CAGCCG AGCCGT GCCGTG CCGTGG CGTGGG GTGGGT TGGGTT GGGTTT GGTTTT GTTTTC TTTTCC TTTCCA TTCCAA TCCAAA CCAAAA CAAAAG AAAAGA AAAGAG AAGAGC AGAGCG GAGCGT AGCGTG GCGTGT CGTGTA GTGTAT TGTATT GTATTT TATTTT ATTTTG TTTTGC TTTGCC TTGCCT TGCCTT GCCTTA CCTTAA CTTAAC TTAACT TAACTT AACTTA ACTTAA CTTAAG TTAAGC TAAGCC AAGCCA AGCCAT GCCATT CCATTA CATTAT ATTATG TTATGT TATGTC ATGTCT TGTCTG GTCTGA TCTGAA CTGAAG TGAAGT GAAGTA AAGTAA AGTAAG GTAAGA TAAGAG AAGAGG AGAGGG GAGGGA AGGGAA GGGAAG GGAAGT GAAGTC AAGTCC AGTCCA GTCCAG TCCAGT CCAGTG CAGTGA AGTGAT GTGATG TGATGT GATGTG ATGTGG TGTGGG GTGGGG TGGGGT GGGGTT GGGTTT GGTTTA GTTTAG TTTAGA TTAGAG TAGAGT AGAGTA GAGTAG AGTAGG GTAGGG TAGGGA AGGGAC GGGACA GGACAT GACATC ACATCT CATCTC ATCTCT TCTCTT CTCTTG TCTTGT CTTGTT TTGTTT TGTTTC GTTTCT TTTCTC TTCTCT TCTCTT CTCTTG TCTTGT CTTGTT TTGTTA TGTTAT GTTATC TTATCA TATCAT ATCATT TCATTA CATTAA ATTAAG TTAAGC TAAGCT AAGCTT AGCTTT GCTTTT CTTTTT TTTTTG TTTTGA TTTGAT TTGATT TGATTT GATTTG ATTTGT TTTGTT TTGTTT TGTTTT GTTTTC TTTTCC TTTCCC TTCCCA TCCCAT CCCATT CCATTA CATTAA ATTAAG TTAAGT TAAGTT AAGTTA AGTTAG GTTAGC TTAGCT TAGCTC AGCTCT GCTCTG CTCTGA TCTGAG CTGAGT TGAGTT GAGTTA AGTTAA GTTAAA TTAAAT TAAATA AAATAC AATACT ATACTC TACTCT ACTCTA CTCTAA TCTAAA CTAAAA TAAAAT AAAATA AAATAA AATAAT ATAATA TAATAT AATATT ATATTT TATTTG ATTTGT TTTGTG TTGTGA TGTGAA GTGAAT TGAATT GAATTC AATTCA ATTCAG TTCAGT TCAGTA CAGTAT AGTATT GTATTT TATTTC ATTTCA TTTCAG TTCAGA TCAGAA CAGAAT AGAATT GAATTG AATTGG ATTGGA TTGGAG TGGAGG GGAGGA GAGGAA AGGAAG GGAAGA GAAGAG AAGAGA AGAGAA GAGAAC AGAACT GAACTG AACTGA ACTGAC CTGACC TGACCT GACCTG ACCTGC CCTGCC CTGCCA TGCCAG GCCAGG CCAGGT CAGGTG AGGTGG GGTGGA GTGGAA TGGAAG GGAAGC GAAGCA AAGCAG AGCAGA GCAGAC CAGACA AGACAG GACAGG ACAGGA CAGGAT AGGATT	0	0	0.09420792758464813
CCTGTC CTGTCA TGTCAA GTCAAT TCAATC CAATCC AATCCC ATCCCT TCCCTG CCCTGT CCTGTA CTGTAG TGTAGA GTAGAA TAGAAA AGAAAG GAAAGG AAAGGA AAGGAA AGGAAG GGAAGG GAAGGA AAGGAG AGGAGT GGAGTC GAGTCT AGTCTC GTCTCC TCTCCT CTCCTG TCCTGG CCTGGC CTGGCC TGGCCC GGCCCC GCCCCT CCCCTC CCCTCC CCTCCA CTCCAG TCCAGC CCAGCA CAGCAG AGCAGG GCAGGG CAGGGC AGGGCC GGGCCC GGCCCT GCCCTG CCCTGG CCTGGG CTGGGC TGGGCC GGGCCA GGCCAG GCCAGT CCAGTC CAGTCT AGTCTG GTCTGC TCTGCC CTGCCA TGCCAT GCCATT CCATTC CATTCT ATTCTC TTCTCT TCTCTA CTCTAG TCTAGA CTAGAC TAGACC AGACCC GACCCA ACCCAG CCCAGC CCAGCC CAGCCC AGCCCC GCCCCA CCCCAT CCCATC CCATCT CATCTA ATCTAA TCTAAA CTAAAC TAAACA AAACAG AACAGC ACAGCA CAGCAC AGCACA GCACAA CACAAG ACAAGG CAAGGG AAGGGA AGGGAT GGGATG GGATGC GATGCT ATGCTT TGCTTC GCTTCC CTTCCC TTCCCA TCCCAT CCCATG CCATGG CATGGG ATGGGC TGGGCC GGGCCG GGCCGC GCCGCA CCGCAG CGCAGC GCAGCC CAGCCA AGCCAA GCCAAG CCAAGG CAAGGA AAGGAC AGGACT GGACTT GACTTA ACTTAC CTTACA TTACAG TACAGA ACAGAT CAGATA AGATAT GATATT ATATTC TATTCA ATTCAC TTCACG TCACGG CACGGC ACGGCT CGGCTC GGCTCC GCTCCC CTCCCA TCCCAC CCCACT CCACTC CACTCC ACTCCA CTCCAT TCCATC CCATCT CATCTC ATCTCC TCTCCA CTCCAG TCCAGC CCAGCC CAGCCA AGCCAA GCCAAC CCAACC CAACCT AACCTG ACCTGG CCTGGG CTGGGG TGGGGG GGGGGC GGGGCA GGGCAG GGCAGA GCAGAG CAGAGG AGAGGA GAGGAC AGGACA GGACAG GACAGA ACAGAC CAGACA AGACAG GACAGT ACAGTG CAGTGA AGTGAG GTGAGG TGAGGA GAGGAC AGGACG GGACGG GACGGC ACGGCT CGGCTC GGCTCT GCTCTT CTCTTT TCTTTC CTTTCC TTTCCT TTCCTA TCCTAG CCTAGC CTAGCG TAGCGT AGCGTG GCGTGG CGTGGG GTGGGA TGGGAG GGGAGG GGAGGG GAGGGA AGGGAA GGGAAG GGAAGC GAAGCG AAGCGC AGCGCT GCGCTC CGCTCT GCTCTC CTCTCA TCTCAG CTCAGC TCAGCC CAGCCC AGCCCT GCCCTC CCCTCT CCTCTC CTCTCT TCTCTC CTCTCC TCTCCT CTCCTT TCCTTC CCTTCC CTTCCA TTCCAG TCCAGG CCAGGC CAGGCC AGGCCC GGCCCC GCCCCA CCCCAA CCCAAG CCAAGC CAAGCA AAGCAG AGCAGG GCAGGA CAGGAT AGGATC GGATCA GATCAT ATCATT TCATTG CATTGA ATTGAT TTGATT TGATTT GATTTT ATTTTT TTTTTC TTTTCC TTTCCT TTCCTT TCCTTC CCTTCT CTTCTT TTCTTG TCTTGC CTTGCC TTGCCC TGCCCC GCCCCA CCCCAC CCCACA CCACAC CACACT ACACTT CACTTC ACTTCC CTTCCA TTCCAG TCCAGC CCAGCC CAGCCT	0	0	0.10685553401708603
CCAGAA CAGAAC AGAACT GAACTT AACTTT ACTTTC CTTTCC TTTCCA TTCCAC TCCACT CCACTA CACTAT ACTATA CTATAT TATATT ATATTC TATTCA ATTCAT TTCATT TCATTC CATTCT ATTCTG TTCTGT TCTGTT CTGTTC TGTTCT GTTCTG TTCTGT TCTGTT CTGTTA TGTTAT GTTATG TTATGT TATGTG ATGTGA TGTGAA GTGAAT TGAATG GAATGT AATGTT ATGTTC TGTTCA GTTCAC TTCACT TCACTA CACTAT ACTATG CTATGA TATGAC ATGACA TGACAT GACATA ACATAG CATAGC ATAGCT TAGCTA AGCTAT GCTATT CTATTC TATTCT ATTCTG TTCTGT TCTGTA CTGTAA TGTAAT GTAATT TAATTA AATTAA ATTAAG TTAAGC TAAGCA AAGCAA AGCAAC GCAACA CAACAT AACATG ACATGT CATGTG ATGTGA TGTGAC GTGACT TGACTA GACTAG ACTAGT CTAGTT TAGTTA AGTTAG GTTAGT TTAGTA TAGTAC AGTACC GTACCT TACCTA ACCTAT CCTATG CTATGA TATGAA ATGAAG TGAAGA GAAGAA AAGAAT AGAATC GAATCC AATCCA ATCCAG TCCAGA CCAGAA CAGAAC AGAACT GAACTA AACTAT ACTATT CTATTC TATTCT ATTCTA TTCTAG TCTAGT CTAGTT TAGTTA AGTTAT GTTATT TTATTA TATTAT ATTATG TTATGG TATGGA ATGGAG TGGAGT GGAGTA GAGTAT AGTATA GTATAA TATAAA ATAAAA TAAAAT AAAATA AAATAA AATAAC ATAACT TAACTT AACTTA ACTTAA CTTAAA TTAAAA TAAAAA AAAAAC AAAACA AAACAA AACAAA ACAAAT CAAATT AAATTG AATTGT ATTGTT TTGTTG TGTTGC GTTGCA TTGCAC TGCACC GCACCA CACCAC ACCACA CCACAT CACATG ACATGT CATGTA ATGTAA TGTAAT GTAATC TAATCA AATCAT ATCATC TCATCA CATCAT ATCATA TCATAG CATAGA ATAGAA TAGAAC AGAACA GAACAA AACAAC ACAACA CAACAG AACAGG ACAGGC CAGGCC AGGCCG GGCCGT GCCGTA CCGTAA CGTAAG GTAAGA TAAGAC AAGACA AGACAA GACAAA ACAAAG CAAAGG AAAGGG AAGGGA AGGGAA GGGAAT GGAATT GAATTA AATTAC ATTACA TTACAG TACAGT ACAGTA CAGTAA AGTAAT GTAATA TAATAA AATAAG ATAAGC TAAGCA AAGCAG AGCAGT GCAGTT CAGTTG AGTTGA GTTGAA TTGAAC TGAACA GAACAT AACATC ACATCC CATCCT ATCCTG TCCTGT CCTGTG CTGTGT TGTGTT GTGTTT TGTTTA GTTTAG TTTAGT TTAGTA TAGTAG AGTAGA GTAGAT TAGATT AGATTT GATTTT ATTTTT TTTTTG TTTTGA TTTGAA TTGAAG TGAAGA GAAGAA AAGAAT AGAATG GAATGA AATGAG ATGAGC TGAGCT GAGCTG AGCTGG GCTGGC CTGGCC TGGCCT GGCCTA GCCTAA CCTAAA CTAAAT TAAATA AAATAA AATAAG ATAAGA TAAGAT AAGATT AGATTC GATTCT ATTCTA TTCTAG TCTAGG CTAGGT TAGGTC AGGTCA GGTCAT GTCATT TCATTT CATTTT ATTTTC TTTTCA TTTCAA TTCAAA TCAAAA CAAAAC AAAACT AAACTC AACTCA ACTCAA	0	0	0.07017358392477036
CACCTG ACCTGG CCTGGC CTGGCT TGGCTT GGCTTT GCTTTT CTTTTT TTTTTC TTTTCC TTTCCA TTCCAG TCCAGA CCAGAG CAGAGA AGAGAG GAGAGA AGAGAG GAGAGA AGAGAA GAGAAG AGAAGA GAAGAT AAGATA AGATAC GATACC ATACCT TACCTG ACCTGC CCTGCA CTGCAT TGCATA GCATAT CATATT ATATTC TATTCC ATTCCT TTCCTG TCCTGT CCTGTT CTGTTG TGTTGT GTTGTG TTGTGG TGTGGT GTGGTT TGGTTC GGTTCC GTTCCT TTCCTT TCCTTT CCTTTT CTTTTT TTTTTA TTTTAT TTTATG TTATGT TATGTC ATGTCA TGTCAT GTCATA TCATAG CATAGC ATAGCA TAGCAT AGCATT GCATTT CATTTT ATTTTT TTTTTG TTTTGA TTTGAC TTGACT TGACTC GACTCT ACTCTG CTCTGA TCTGAG CTGAGC TGAGCC GAGCCT AGCCTG GCCTGA CCTGAA CTGAAC TGAACA GAACAT AACATA ACATAG CATAGG ATAGGC TAGGCA AGGCAT GGCATT GCATTC CATTCT ATTCTC TTCTCT TCTCTT CTCTTT TCTTTG CTTTGC TTTGCT TTGCTC TGCTCT GCTCTT CTCTTA TCTTAA CTTAAT TTAATT TAATTA AATTAA ATTAAT TTAATC TAATCC AATCCT ATCCTT TCCTTT CCTTTC CTTTCA TTTCAG TTCAGA TCAGAC CAGACC AGACCA GACCAT ACCATT CCATTT CATTTT ATTTTT TTTTTC TTTTCT TTTCTT TTCTTC TCTTCT CTTCTG TTCTGC TCTGCC CTGCCC TGCCCA GCCCAT CCCATC CCATCC CATCCT ATCCTT TCCTTA CCTTAA CTTAAA TTAAAA TAAAAA AAAAAC AAAACT AAACTC AACTCC ACTCCA CTCCAT TCCATT CCATTT CATTTT ATTTTT TTTTTC TTTTCA TTTCAT TTCATT TCATTC CATTCT ATTCTC TTCTCC TCTCCT CTCCTG TCCTGT CCTGTC CTGTCA TGTCAT GTCATC TCATCA CATCAG ATCAGA TCAGAT CAGATT AGATTA GATTAT ATTATA TTATAT TATATA ATATAA TATAAC ATAACT TAACTC AACTCA ACTCAT CTCATT TCATTA CATTAC ATTACT TTACTA TACTAT ACTATC CTATCA TATCAT ATCATC TCATCT CATCTA ATCTAT TCTATC CTATCA TATCAT ATCATT TCATTC CATTCT ATTCTA TTCTAT TCTATC CTATCT TATCTA ATCTAT TCTATG CTATGA TATGAA ATGAAT TGAATA GAATAA AATAAC ATAACT TAACTG AACTGA ACTGAT CTGATC TGATCT GATCTT ATCTTT TCTTTC CTTTCA TTTCAC TTCACT TCACTG CACTGG ACTGGA CTGGAA TGGAAC GGAACT GAACTT AACTTC ACTTCT CTTCTA TTCTAG TCTAGA CTAGAT TAGATG AGATGA GATGAG ATGAGT TGAGTC GAGTCA AGTCAA GTCAAA TCAAAC CAAACT AAACTG AACTGA ACTGAT CTGATC TGATCA GATCAA ATCAAA TCAAAG CAAAGT AAAGTA AAGTAC AGTACT GTACTA TACTAT ACTATG CTATGT TATGTC ATGTCT TGTCTA GTCTAA TCTAAT CTAATT TAATTC AATTCC ATTCCA TTCCAA TCCAAT CCAATA CAATAT AATATT ATATTA TATTAG ATTAGT TTAGTT TAGTTC AGTTCT GTTCTT	0	0	0.028231998905539513
ACAACT CAACTT AACTTC ACTTCT CTTCTC TTCTCT TCTCTC CTCTCA TCTCAA CTCAAT TCAATT CAATTT AATTTG ATTTGG TTTGGC TTGGCT TGGCTT GGCTTA GCTTAA CTTAAG TTAAGA TAAGAT AAGATG AGATGT GATGTG ATGTGA TGTGAG GTGAGA TGAGAC GAGACT AGACTC GACTCA ACTCAG CTCAGA TCAGAA CAGAAG AGAAGC GAAGCA AAGCAT AGCATT GCATTT CATTTT ATTTTA TTTTAA TTTAAA TTAAAA TAAAAT AAAATT AAATTA AATTAT ATTATC TTATCA TATCAG ATCAGA TCAGAA CAGAAG AGAAGA GAAGAA AAGAAT AGAATC GAATCC AATCCT ATCCTT TCCTTT CCTTTA CTTTAT TTTATC TTATCC TATCCC ATCCCT TCCCTA CCCTAT CCTATT CTATTT TATTTT ATTTTG TTTTGC TTTGCT TTGCTC TGCTCA GCTCAT CTCATT TCATTT CATTTT ATTTTG TTTTGT TTTGTA TTGTAC TGTACA GTACAT TACATT ACATTT CATTTT ATTTTC TTTTCC TTTCCT TTCCTC TCCTCT CCTCTG CTCTGA TCTGAA CTGAAT TGAATA GAATAA AATAAT ATAATC TAATCT AATCTT ATCTTG TCTTGT CTTGTC TTGTCC TGTCCA GTCCAT TCCATT CCATTG CATTGT ATTGTT TTGTTG TGTTGA GTTGAC TTGACT TGACTC GACTCC ACTCCC CTCCCA TCCCAA CCCAAA CCAAAT CAAATC AAATCT AATCTA ATCTAT TCTATC CTATCT TATCTC ATCTCT TCTCTA CTCTAA TCTAAG CTAAGG TAAGGG AAGGGC AGGGCC GGGCCA GGCCAA GCCAAA CCAAAC CAAACC AAACCT AACCTG ACCTGA CCTGAG CTGAGC TGAGCT GAGCTC AGCTCC GCTCCA CTCCAG TCCAGA CCAGAC CAGACC AGACCC GACCCA ACCCAA CCCAAA CCAAAA CAAAAA AAAAAT AAAATC AAATCC AATCCA ATCCAC TCCACA CCACAG CACAGG ACAGGA CAGGAC AGGACC GGACCC GACCCA ACCCAT CCCATT CCATTC CATTCC ATTCCA TTCCAC TCCACT CCACTA CACTAC ACTACC CTACCT TACCTG ACCTGT CCTGTG CTGTGC TGTGCT GTGCTC TGCTCT GCTCTG CTCTGG TCTGGA CTGGAA TGGAAC GGAACC GAACCT AACCTC ACCTCT CCTCTT CTCTTC TCTTCA CTTCAA TTCAAC TCAACA CAACAC AACACC ACACCT CACCTT ACCTTG CCTTGC CTTGCG TTGCGG TGCGGC GCGGCA CGGCAT GGCATC GCATCA CATCAA ATCAAT TCAATT CAATTT AATTTT ATTTTC TTTTCT TTTCTT TTCTTC TCTTCA CTTCAC TTCACT TCACTT CACTTC ACTTCT CTTCTT TTCTTT TCTTTG CTTTGT TTTGTC TTGTCT TGTCTC GTCTCT TCTCTA CTCTAT TCTATC CTATCA TATCAA ATCAAC TCAACT CAACTT AACTTG ACTTGT CTTGTC TTGTCT TGTCTC GTCTCC TCTCCC CTCCCC TCCCCA CCCCAG CCCAGA CCAGAT CAGATC AGATCC GATCCT ATCCTT TCCTTC CCTTCT CTTCTC TTCTCA TCTCAT CTCATC TCATCA CATCAG ATCAGC TCAGCA CAGCAC AGCACT GCACTT CACTTA ACTTAA CTTAAT TTAATA TAATAT AATATG ATATGT TATGTG	0	0	0.02848479524254799
AACATC ACATCA CATCAA ATCAAA TCAAAC CAAACT AAACTC AACTCC ACTCCT CTCCTG TCCTGG CCTGGT CTGGTC TGGTCT GGTCTC GTCTCA TCTCAA CTCAAG TCAAGC CAAGCA AAGCAA AGCAAT GCAATC CAATCT AATCTG ATCTGC TCTGCC CTGCCC TGCCCA GCCCAC CCCACC CCACCT CACCTC ACCTCA CCTCAG CTCAGC TCAGCC CAGCCT AGCCTC GCCTCC CCTCCC CTCCCA TCCCAA CCCAAA CCAAAT CAAATC AAATCT AATCTC ATCTCC TCTCCA CTCCAG TCCAGG CCAGGA CAGGAT AGGATT GGATTA GATTAC ATTACA TTACAG TACAGC ACAGCT CAGCTG AGCTGT GCTGTG CTGTGA TGTGAG GTGAGC TGAGCC GAGCCA AGCCAC GCCACC CCACCA CACCAT ACCATG CCATGC CATGCC ATGCCC TGCCCA GCCCAG CCCAGC CCAGCC CAGCCT AGCCTT GCCTTC CCTTCC CTTCCC TTCCCC TCCCCT CCCCTC CCCTCA CCTCAA CTCAAA TCAAAT CAAATT AAATTT AATTTT ATTTTG TTTTGT TTTGTA TTGTAC TGTACT GTACTG TACTGT ACTGTC CTGTCT TGTCTA GTCTAC TCTACA CTACAA TACAAT ACAATG CAATGT AATGTT ATGTTC TGTTCA GTTCAG TTCAGC TCAGCC CAGCCA AGCCAC GCCACC CCACCA CACCAC ACCACT CCACTA CACTAC ACTACT CTACTG TACTGT ACTGTC CTGTCT TGTCTG GTCTGC TCTGCG CTGCGT TGCGTA GCGTAT CGTATC GTATCC TATCCT ATCCTT TCCTTG CCTTGT CTTGTT TTGTTT TGTTTC GTTTCA TTTCAG TTCAGA TCAGAA CAGAAG AGAAGA GAAGAC AAGACT AGACTC GACTCA ACTCAT CTCATA TCATAC CATACC ATACCA TACCAC ACCACT CCACTT CACTTC ACTTCT CTTCTA TTCTAC TCTACA CTACAT TACATA ACATAG CATAGG ATAGGC TAGGCT AGGCTT GGCTTG GCTTGC CTTGCT TTGCTC TGCTCA GCTCAG CTCAGT TCAGTT CAGTTC AGTTCA GTTCAG TTCAGT TCAGTT CAGTTA AGTTAC GTTACT TTACTT TACTTT ACTTTC CTTTCA TTTCAT TTCATA TCATAC CATACT ATACTA TACTAA ACTAAA CTAAAT TAAATT AAATTT AATTTA ATTTAA TTTAAC TTAACA TAACAG AACAGC ACAGCA CAGCAA AGCAAT GCAATT CAATTC AATTCC ATTCCT TTCCTC TCCTCT CCTCTA CTCTAG TCTAGT CTAGTT TAGTTC AGTTCT GTTCTT TTCTTT TCTTTA CTTTAA TTTAAA TTAAAA TAAAAT AAAATG AAATGT AATGTG ATGTGG TGTGGA GTGGAA TGGAAT GGAATA GAATAT AATATA ATATAC TATACA ATACAC TACACA ACACAC CACACC ACACCT CACCTC ACCTCT CCTCTG CTCTGA TCTGAC CTGACT TGACTG GACTGA ACTGAT CTGATT TGATTT GATTTC ATTTCC TTTCCA TTCCAG TCCAGT CCAGTG CAGTGA AGTGAA GTGAAC TGAACA GAACAT AACATG ACATGC CATGCA ATGCAG TGCAGA GCAGAT CAGATT AGATTT GATTTT ATTTTT TTTTTC TTTTCT TTTCTG TTCTGT TCTGTA CTGTAT TGTATT GTATTT TATTTT ATTTTT TTTTTT TTTTTT	0	0	0.029014090076088905
CTATCT TATCTC ATCTCC TCTCCC CTCCCA TCCCAG CCCAGG CCAGGC CAGGCG AGGCGA GGCGAA GCGAAA CGAAAC GAAACT AAACTG AACTGC ACTGCA CTGCAG TGCAGT GCAGTG CAGTGG AGTGGT GTGGTA TGGTAC GGTACG GTACGA TACGAT ACGATC CGATCT GATCTC ATCTCG TCTCGG CTCGGA TCGGAT CGGATC GGATCA GATCAC ATCACT TCACTG CACTGC ACTGCA CTGCAA TGCAAC GCAACT CAACTT AACTTC ACTTCC CTTCCA TTCCAC TCCACC CCACCT CACCTC ACCTCC CCTCCC CTCCCG TCCCGG CCCGGG CCGGGT CGGGTT GGGTTT GGTTTA GTTTAT TTTATG TTATGC TATGCA ATGCAA TGCAAT GCAATT CAATTC AATTCC ATTCCC TTCCCT TCCCTT CCCTTG CCTTGC CTTGCC TTGCCT TGCCTC GCCTCA CCTCAG CTCAGC TCAGCC CAGCCT AGCCTC GCCTCC CCTCCT CTCCTC TCCTCA CCTCAG CTCAGT TCAGTA CAGTAG AGTAGC GTAGCT TAGCTG AGCTGG GCTGGG CTGGGA TGGGAT GGGATT GGATTA GATTAC ATTACA TTACAG TACAGG ACAGGC CAGGCG AGGCGC GGCGCG GCGCGC CGCGCG GCGCGC CGCGCC GCGCCA CGCCAC GCCACT CCACTA CACTAT ACTATG CTATGC TATGCC ATGCCT TGCCTG GCCTGG CCTGGC CTGGCT TGGCTA GGCTAG GCTAGT CTAGTT TAGTTT AGTTTT GTTTTT TTTTTT TTTTTG TTTTGT TTTGTA TTGTAT TGTATT GTATTT TATTTT ATTTTA TTTTAG TTTAGT TTAGTA TAGTAC AGTACA GTACAG TACAGA ACAGAC CAGACA AGACAG GACAGG ACAGGG CAGGGT AGGGTT GGGTTT GGTTTC GTTTCA TTTCAC TTCACC TCACCG CACCGT ACCGTG CCGTGT CGTGTT GTGTTG TGTTGG GTTGGC TTGGCC TGGCCA GGCCAG GCCAGT CCAGTA CAGTAT AGTATG GTATGG TATGGT ATGGTC TGGTCT GGTCTC GTCTCC TCTCCA CTCCAT TCCATC CCATCT CATCTT ATCTTC TCTTCT CTTCTG TTCTGA TCTGAC CTGACC TGACCT GACCTT ACCTTG CCTTGT CTTGTG TTGTGA TGTGAT GTGATC TGATCC GATCCA ATCCAC TCCACC CCACCC CACCCG ACCCGC CCCGCC CCGCCT CGCCTC GCCTCG CCTCGG CTCGGC TCGGCC CGGCCT GGCCTC GCCTCT CCTCTG CTCTGA TCTGAA CTGAAA TGAAAG GAAAGT AAAGTG AAGTGA AGTGAT GTGATG TGATGG GATGGG ATGGGA TGGGAT GGGATT GGATTA GATTAC ATTACA TTACAG TACAGG ACAGGC CAGGCG AGGCGT GGCGTA GCGTAA CGTAAG GTAAGA TAAGAC AAGACA AGACAT GACATT ACATTG CATTGT ATTGTG TTGTGT TGTGTC GTGTCC TGTCCG GTCCGG TCCGGC CCGGCC CGGCCT GGCCTG GCCTGG CCTGGA CTGGAA TGGAAA GGAAAT GAAATA AAATAT AATATT ATATTT TATTTT ATTTTA TTTTAT TTTATT TTATTG TATTGT ATTGTA TTGTAA TGTAAA GTAAAT TAAATT AAATTT AATTTT ATTTTG TTTTGT TTTGTT TTGTTA TGTTAG GTTAGG TTAGGT TAGGTG AGGTGT GGTGTT GTGTTT TGTTTT	0	0	0.07787348330020905
AGTGGG GTGGGA TGGGAT GGGATA GGATAA GATAAT ATAATA TAATAG AATAGA ATAGAT TAGATT AGATTC GATTCA ATTCAA TTCAAA TCAAAG CAAAGT AAAGTA AAGTAC AGTACT GTACTG TACTGG ACTGGG CTGGGG TGGGGG GGGGGA GGGGAA GGGAAA GGAAAA GAAAAA AAAAAA AAAAAT AAAATT AAATTC AATTCA ATTCAA TTCAAC TCAACT CAACTA AACTAG ACTAGG CTAGGA TAGGAA AGGAAT GGAATA GAATAC AATACT ATACTT TACTTT ACTTTA CTTTAC TTTACC TTACCC TACCCA ACCCAA CCCAAA CCAAAA CAAAAA AAAAAA AAAAAC AAAACT AAACTA AACTAT ACTATC CTATCT TATCTT ATCTTT TCTTTC CTTTCA TTTCAG TTCAGA TCAGAA CAGAAA AGAAAT GAAATA AAATAA AATAAA ATAAAG TAAAGG AAAGGA AAGGAG AGGAGA GGAGAG GAGAGA AGAGAT GAGATA AGATAA GATAAA ATAAAG TAAAGA AAAGAG AAGAGT AGAGTT GAGTTA AGTTAC GTTACG TTACGC TACGCA ACGCAG CGCAGA GCAGAC CAGACA AGACAA GACAAA ACAAAA CAAAAG AAAAGC AAAGCT AAGCTG AGCTGG GCTGGG CTGGGG TGGGGG GGGGGA GGGGAG GGGAGT GGAGTT GAGTTA AGTTAA GTTAAT TTAATT TAATTA AATTAT ATTATT TTATTA TATTAC ATTACC TTACCA TACCAG ACCAGA CCAGAC CAGACT AGACTT GACTTG ACTTGC CTTGCC TTGCCT TGCCTT GCCTTC CCTTCC CTTCCA TTCCAA TCCAAA CCAAAA CAAAAA AAAAAA AAAAAT AAAATG AAATGC AATGCT ATGCTA TGCTAA GCTAAA CTAAAG TAAAGG AAAGGG AAGGGA AGGGAG GGGAGT GGAGTT GAGTTC AGTTCT GTTCTT TTCTTA TCTTAA CTTAAA TTAAAG TAAAGT AAAGTT AAGTTG AGTTGA GTTGAA TTGAAA TGAAAA GAAAAA AAAAAA AAAAAA AAAAAA AAAAAA AAAAAA AAAAAA AAAAAA AAAAAA AAAAAA AAAAAA AAAAAG AAAAGA AAAGAA AAGAAC AGAACA GAACAC AACACT ACACTA CACTAC ACTACA CTACAT TACATA ACATAG CATAGC ATAGCA TAGCAA AGCAAC GCAACA CAACAT AACATG ACATGA CATGAA ATGAAA TGAAAG GAAAGC AAAGCA AAGCAT AGCATA GCATAT CATATG ATATGA TATGAA ATGAAA TGAAAA GAAAAT AAAATA AAATAT AATATA ATATAA TATAAA ATAAAA TAAAAC AAAACA AAACAT AACATC ACATCC CATCCT ATCCTG TCCTGG CCTGGT CTGGTA TGGTAT GGTATA GTATAG TATAGG ATAGGT TAGGTA AGGTAA GGTAAG GTAAGT TAAGTA AAGTAT AGTATA GTATAT TATATA ATATAG TATAGT ATAGTC TAGTCA AGTCAA GTCAAA TCAAAT CAAATT AAATTC AATTCA ATTCAG TTCAGA TCAGAA CAGAAT AGAATA GAATAC AATACT ATACTC TACTCT ACTCTA CTCTAA TCTAAG CTAAGA TAAGAC AAGACT AGACTG GACTGT ACTGTA CTGTAA TGTAAT GTAATG TAATGG AATGGC ATGGCA TGGCAA GGCAAT GCAATT CAATTA AATTAA ATTAAT TTAATA TAATAA AATAAA ATAAAA TAAAAA	0	0	0.08608202636241913
TAATTC AATTCA ATTCAC TTCACG TCACGA CACGAG ACGAGA CGAGAA GAGAAA AGAAAA GAAAAA AAAAAT AAAATC AAATCT AATCTG ATCTGA TCTGAA CTGAAT TGAATC GAATCC AATCCA ATCCAT TCCATC CCATCA CATCAA ATCAAG TCAAGT CAAGTG AAGTGT AGTGTT GTGTTG TGTTGA GTTGAC TTGACT TGACTA GACTAG ACTAGA CTAGAC TAGACA AGACAC GACACC ACACCT CACCTC ACCTCC CCTCCT CTCCTA TCCTAT CCTATA CTATAT TATATG ATATGC TATGCT ATGCTC TGCTCA GCTCAA CTCAAG TCAAGA CAAGAT AAGATA AGATAC GATACA ATACAG TACAGG ACAGGA CAGGAT AGGATA GGATAG GATAGA ATAGAA TAGAAG AGAAGT GAAGTA AAGTAG AGTAGA GTAGAA TAGAAA AGAAAT GAAATC AAATCA AATCAA ATCAAG TCAAGT CAAGTT AAGTTC AGTTCC GTTCCA TTCCAC TCCACA CCACAG CACAGT ACAGTA CAGTAA AGTAAC GTAACC TAACCT AACCTG ACCTGA CCTGAG CTGAGT TGAGTT GAGTTA AGTTAC GTTACT TTACTA TACTAC ACTACT CTACTA TACTAG ACTAGT CTAGTC TAGTCA AGTCAG GTCAGT TCAGTT CAGTTA AGTTAA GTTAAC TTAACA TAACAA AACAAT ACAATC CAATCA AATCAT ATCATT TCATTT CATTTG ATTTGC TTTGCT TTGCTC TGCTCA GCTCAG CTCAGT TCAGTA CAGTAA AGTAAC GTAACT TAACTA AACTAC ACTACT CTACTC TACTCT ACTCTT CTCTTG TCTTGG CTTGGC TTGGCC TGGCCA GGCCAA GCCAAA CCAAAG CAAAGA AAAGAC AAGACC AGACCA GACCAT ACCATG CCATGG CATGGT ATGGTA TGGTAA GGTAAG GTAAGC TAAGCA AAGCAT AGCATG GCATGA CATGAG ATGAGG TGAGGA GAGGAA AGGAAC GGAACC GAACCC AACCCG ACCCGA CCCGAC CCGACT CGACTA GACTAG ACTAGG CTAGGA TAGGAT AGGATG GGATGA GATGAC ATGACT TGACTA GACTAG ACTAGG CTAGGC TAGGCC AGGCCA GGCCAA GCCAAC CCAACC CAACCC AACCCT ACCCTC CCCTCC CCTCCC CTCCCA TCCCAG CCCAGG CCAGGG CAGGGG AGGGGT GGGGTC GGGTCA GGTCAC GTCACA TCACAG CACAGA ACAGAG CAGAGT AGAGTA GAGTAA AGTAAC GTAACA TAACAG AACAGG ACAGGT CAGGTG AGGTGA GGTGAA GTGAAA TGAAAG GAAAGG AAAGGG AAGGGA AGGGAG GGGAGA GGAGAA GAGAAG AGAAGC GAAGCA AAGCAC AGCACA GCACAG CACAGC ACAGCC CAGCCC AGCCCA GCCCAG CCCAGT CCAGTG CAGTGT AGTGTA GTGTAA TGTAAA GTAAAA TAAAAC AAAACT AAACTC AACTCC ACTCCT CTCCTG TCCTGC CCTGCA CTGCAA TGCAAA GCAAAG CAAAGG AAAGGA AAGGAT AGGATT GGATTA GATTAT ATTATA TTATAG TATAGG ATAGGG TAGGGT AGGGTG GGGTGC GGTGCT GTGCTG TGCTGT GCTGTG CTGTGA TGTGAA GTGAAG TGAAGG GAAGGA AAGGAA AGGAAA GGAAAA GAAAAT AAAATA AAATAA AATAAC ATAACA TAACAG AACAGA ACAGAA CAGAAT	0	0	0.08171158283948898
ACCAAA CCAAAA CAAAAT AAAATA AAATAT AATATT ATATTT TATTTG ATTTGT TTTGTG TTGTGC TGTGCT GTGCTG TGCTGG GCTGGA CTGGAC TGGACC GGACCT GACCTG ACCTGC CCTGCT CTGCTC TGCTCA GCTCAC CTCACA TCACAG CACAGG ACAGGC CAGGCA AGGCAC GGCACG GCACGC CACGCT ACGCTC CGCTCC GCTCCA CTCCAG TCCAGC CCAGCT CAGCTT AGCTTG GCTTGC CTTGCA TTGCAG TGCAGC GCAGCC CAGCCT AGCCTA GCCTAT CCTATG CTATGC TATGCC ATGCCT TGCCTC GCCTCT CCTCTT CTCTTC TCTTCC CTTCCC TTCCCT TCCCTA CCCTAT CCTATT CTATTT TATTTG ATTTGG TTTGGC TTGGCT TGGCTT GGCTTA GCTTAA CTTAAG TTAAGC TAAGCA AAGCAA AGCAAC GCAACT CAACTT AACTTT ACTTTC CTTTCT TTTCTC TTCTCT TCTCTT CTCTTT TCTTTC CTTTCT TTTCTC TTCTCT TCTCTT CTCTTT TCTTTT CTTTTT TTTTTC TTTTCT TTTCTT TTCTTT TCTTTG CTTTGT TTTGTC TTGTCT TGTCTT GTCTTT TCTTTC CTTTCC TTTCCA TTCCAT TCCATT CCATTA CATTAC ATTACT TTACTT TACTTT ACTTTT CTTTTA TTTTAC TTTACC TTACCT TACCTG ACCTGT CCTGTT CTGTTT TGTTTT GTTTTA TTTTAA TTTAAA TTAAAA TAAAAA AAAAAG AAAAGT AAAGTT AAGTTT AGTTTT GTTTTA TTTTAA TTTAAA TTAAAC TAAACT AAACTG AACTGT ACTGTT CTGTTA TGTTAG GTTAGC TTAGCC TAGCCA AGCCAA GCCAAT CCAATC CAATCA AATCAG ATCAGG TCAGGT CAGGTT AGGTTT GGTTTT GTTTTA TTTTAG TTTAGT TTAGTT TAGTTT AGTTTA GTTTAG TTTAGA TTAGAT TAGATT AGATTG GATTGT ATTGTG TTGTGC TGTGCC GTGCCG TGCCGC GCCGCC CCGCCT CGCCTG GCCTGG CCTGGC CTGGCT TGGCTC GGCTCC GCTCCA CTCCAG TCCAGC CCAGCC CAGCCA AGCCAA GCCAAT CCAATA CAATAG AATAGA ATAGAG TAGAGA AGAGAC GAGACA AGACAG GACAGG ACAGGA CAGGAC AGGACA GGACAC GACACA ACACAG CACAGT ACAGTA CAGTAG AGTAGC GTAGCA TAGCAG AGCAGG GCAGGG CAGGGA AGGGAC GGGACA GGACAA GACAAA ACAAAC CAAACC AAACCG AACCGC ACCGCC CCGCCT CGCCTA GCCTAA CCTAAG CTAAGG TAAGGG AAGGGA AGGGAT GGGATA GGATAA GATAAA ATAAAA TAAAAC AAAACT AAACTT AACTTG ACTTGC CTTGCT TTGCTT TGCTTC GCTTCC CTTCCC TTCCCT TCCCTC CCCTCC CCTCCT CTCCTT TCCTTT CCTTTG CTTTGT TTTGTT TTGTTC TGTTCA GTTCAG TTCAGG TCAGGT CAGGTG AGGTGT GGTGTG GTGTGC TGTGCT GTGCTT TGCTTT GCTTTT CTTTTG TTTTGC TTTGCC TTGCCA TGCCAT GCCATT CCATTG CATTGT ATTGTT TTGTTT TGTTTC GTTTCA TTTCAT TTCATC TCATCT CATCTG ATCTGT TCTGTG CTGTGA TGTGAT GTGATG TGATGC GATGCT ATGCTC TGCTCA GCTCAC CTCACC TCACCC CACCCT ACCCTT	0	0	0.04973694682121277
ACATAT CATATA ATATAC TATACT ATACTG TACTGA ACTGAA CTGAAG TGAAGT GAAGTT AAGTTA AGTTAG GTTAGA TTAGAG TAGAGA AGAGAG GAGAGG AGAGGA GAGGAG AGGAGA GGAGAA GAGAAT AGAATT GAATTT AATTTT ATTTTA TTTTAG TTTAGG TTAGGA TAGGAT AGGATA GGATAA GATAAT ATAATG TAATGT AATGTC ATGTCA TGTCAT GTCATC TCATCC CATCCA ATCCAT TCCATT CCATTG CATTGT ATTGTC TTGTCA TGTCAA GTCAAG TCAAGC CAAGCT AAGCTG AGCTGT GCTGTA CTGTAA TGTAAA GTAAAT TAAATG AAATGA AATGAT ATGATT TGATTA GATTAT ATTATA TTATAT TATATA ATATAG TATAGT ATAGTT TAGTTT AGTTTA GTTTAA TTTAAA TTAAAT TAAATG AAATGA AATGAG ATGAGA TGAGAC GAGACA AGACAA GACAAA ACAAAT CAAATA AAATAC AATACT ATACTG TACTGT ACTGTA CTGTAA TGTAAG GTAAGA TAAGAA AAGAAG AGAAGA GAAGAA AAGAAA AGAAAA GAAAAT AAAATT AAATTA AATTAA ATTAAG TTAAGA TAAGAA AAGAAG AGAAGC GAAGCC AAGCCA AGCCAT GCCATT CCATTG CATTGG ATTGGT TTGGTT TGGTTT GGTTTC GTTTCC TTTCCA TTCCAC TCCACC CCACCC CACCCA ACCCAC CCCACA CCACAA CACAAA ACAAAA CAAAAA AAAAAT AAAATT AAATTC AATTCA ATTCAG TTCAGA TCAGAG CAGAGC AGAGCA GAGCAG AGCAGA GCAGAT CAGATG AGATGA GATGAT ATGATA TGATAG GATAGT ATAGTG TAGTGG AGTGGT GTGGTG TGGTGT GGTGTT GTGTTA TGTTAG GTTAGA TTAGAA TAGAAT AGAATA GAATAT AATATG ATATGA TATGAT ATGATG TGATGG GATGGG ATGGGG TGGGGA GGGGAT GGGATT GGATTT GATTTG ATTTGG TTTGGC TTGGCA TGGCAG GGCAGG GCAGGT CAGGTG AGGTGG GGTGGG GTGGGG TGGGGG GGGGGG GGGGGC GGGGCA GGGCAA GGCAAG GCAAGA CAAGAG AAGAGC AGAGCC GAGCCA AGCCAG GCCAGA CCAGAT CAGATT AGATTG GATTGC ATTGCA TTGCAG TGCAGT GCAGTG CAGTGA AGTGAA GTGAAT TGAATT GAATTG AATTGA ATTGAA TTGAAG TGAAGA GAAGAG AAGAGG AGAGGG GAGGGC AGGGCA GGGCAG GGCAGG GCAGGA CAGGAA AGGAAA GGAAAT GAAATA AAATAT AATATG ATATGG TATGGG ATGGGA TGGGAA GGGAAA GGAAAA GAAAAT AAAATA AAATAG AATAGA ATAGAG TAGAGA AGAGAC GAGACA AGACAG GACAGG ACAGGA CAGGAT AGGATC GGATCT GATCTG ATCTGA TCTGAA CTGAAG TGAAGG GAAGGC AAGGCT AGGCTC GGCTCT GCTCTT CTCTTA TCTTAC CTTACA TTACAT TACATG ACATGA CATGAT ATGATT TGATTT GATTTC ATTTCC TTTCCA TTCCAG TCCAGG CCAGGA CAGGAA AGGAAG GGAAGC GAAGCA AAGCAT AGCATG GCATGT CATGTG ATGTGT TGTGTT GTGTTT TGTTTT GTTTTG TTTTGA TTTGAG TTGAGC TGAGCC GAGCCA AGCCAT GCCATG CCATGA CATGAA ATGAAT TGAATT	0	0	0.05225330591201782
AAAAAG AAAAGG AAAGGT AAGGTT AGGTTG GGTTGT GTTGTA TTGTAA TGTAAG GTAAGT TAAGTT AAGTTG AGTTGA GTTGAA TTGAAA TGAAAG GAAAGT AAAGTT AAGTTC AGTTCA GTTCAT TTCATG TCATGA CATGAA ATGAAG TGAAGA GAAGAG AAGAGA AGAGAT GAGATC AGATCT GATCTT ATCTTG TCTTGT CTTGTT TTGTTG TGTTGT GTTGTA TTGTAT TGTATT GTATTA TATTAA ATTAAA TTAAAT TAAATT AAATTA AATTAT ATTATT TTATTT TATTTT ATTTTC TTTTCA TTTCAC TTCACA TCACAA CACAAA ACAAAC CAAACT AAACTT AACTTG ACTTGC CTTGCC TTGCCT TGCCTT GCCTTA CCTTAA CTTAAT TTAATA TAATAA AATAAA ATAAAA TAAAAG AAAAGG AAAGGT AAGGTG AGGTGA GGTGAA GTGAAA TGAAAA GAAAAT AAAATG AAATGT AATGTT ATGTTA TGTTAC GTTACT TTACTG TACTGT ACTGTT CTGTTT TGTTTA GTTTAG TTTAGT TTAGTA TAGTAT AGTATA GTATAC TATACT ATACTT TACTTT ACTTTA CTTTAT TTTATG TTATGA TATGAA ATGAAG TGAAGC GAAGCC AAGCCC AGCCCC GCCCCT CCCCTT CCCTTG CCTTGA CTTGAG TTGAGC TGAGCT GAGCTT AGCTTT GCTTTA CTTTAT TTTATA TTATAA TATAAA ATAAAT TAAATG AAATGG AATGGA ATGGAC TGGACA GGACAG GACAGG ACAGGC CAGGCA AGGCAT GGCATG GCATGG CATGGG ATGGGG TGGGGA GGGGAA GGGAAT GGAATA GAATAA AATAAG ATAAGA TAAGAA AAGAAT AGAATC GAATCA AATCAG ATCAGT TCAGTG CAGTGT AGTGTT GTGTTA TGTTAA GTTAAT TTAATT TAATTT AATTTA ATTTAA TTTAAA TTAAAT TAAATG AAATGA AATGAT ATGATC TGATCT GATCTT ATCTTA TCTTAT CTTATC TTATCC TATCCT ATCCTG TCCTGG CCTGGT CTGGTG TGGTGG GGTGGA GTGGAT TGGATG GGATGT GATGTG ATGTGC TGTGCT GTGCTA TGCTAT GCTATT CTATTT TATTTT ATTTTC TTTTCT TTTCTT TTCTTA TCTTAA CTTAAA TTAAAG TAAAGG AAAGGA AAGGAG AGGAGT GGAGTA GAGTAT AGTATG GTATGA TATGAA ATGAAG TGAAGC GAAGCC AAGCCC AGCCCT GCCCTT CCCTTT CCTTTT CTTTTC TTTTCA TTTCAA TTCAAA TCAAAC CAAACT AAACTA AACTAT ACTATC CTATCA TATCAT ATCATC TCATCC CATCCC ATCCCA TCCCAG CCCAGT CCAGTG CAGTGG AGTGGA GTGGAG TGGAGC GGAGCG GAGCGG AGCGGA GCGGAG CGGAGT GGAGTA GAGTAC AGTACT GTACTC TACTCA ACTCAG CTCAGT TCAGTG CAGTGA AGTGAA GTGAAC TGAACA GAACAG AACAGT ACAGTT CAGTTA AGTTAC GTTACT TTACTC TACTCC ACTCCA CTCCAT TCCATA CCATAG CATAGT ATAGTG TAGTGC AGTGCA GTGCAA TGCAAT GCAATC CAATCC AATCCA ATCCAT TCCATA CCATAT CATATT ATATTA TATTAA ATTAAT TTAATA TAATAG AATAGG ATAGGC TAGGCT AGGCTT GGCTTC GCTTCT CTTCTT TTCTTC TCTTCT CTTCTC	0	0	0.04827443137764931
GGACAG GACAGG ACAGGC CAGGCA AGGCAG GGCAGC GCAGCA CAGCAC AGCACC GCACCA CACCAT ACCATG CCATGA CATGAG ATGAGG TGAGGG GAGGGG AGGGGT GGGGTT GGGTTC GGTTCA GTTCAG TTCAGA TCAGAG CAGAGC AGAGCC GAGCCT AGCCTG GCCTGA CCTGAA CTGAAC TGAACT GAACTG AACTGC ACTGCT CTGCTG TGCTGT GCTGTG CTGTGC TGTGCC GTGCCC TGCCCT GCCCTT CCCTTC CCTTCC CTTCCT TTCCTC TCCTCC CCTCCC CTCCCT TCCCTC CCCTCT CCTCTA CTCTAA TCTAAG CTAAGG TAAGGC AAGGCC AGGCCT GGCCTC GCCTCC CCTCCA CTCCAC TCCACA CCACAG CACAGA ACAGAG CAGAGC AGAGCG GAGCGG AGCGGG GCGGGT CGGGTG GGGTGC GGTGCT GTGCTC TGCTCA GCTCAG CTCAGG TCAGGG CAGGGC AGGGCT GGGCTG GGCTGG GCTGGG CTGGGA TGGGAG GGGAGG GGAGGC GAGGCA AGGCAG GGCAGC GCAGCT CAGCTG AGCTGC GCTGCA CTGCAT TGCATC GCATCG CATCGG ATCGGC TCGGCA CGGCAT GGCATC GCATCT CATCTG ATCTGC TCTGCT CTGCTG TGCTGG GCTGGC CTGGCC TGGCCA GGCCAC GCCACC CCACCT CACCTG ACCTGC CCTGCC CTGCCC TGCCCA GCCCAA CCCAAA CCAAAC CAAACC AAACCT AACCTC ACCTCA CCTCAT CTCATC TCATCC CATCCG ATCCGA TCCGAG CCGAGA CGAGAC GAGACC AGACCG GACCGG ACCGGA CCGGAA CGGAAG GGAAGT GAAGTA AAGTAC AGTACC GTACCA TACCAC ACCACC CCACCT CACCTT ACCTTA CCTTAG CTTAGG TTAGGC TAGGCT AGGCTC GGCTCT GCTCTA CTCTAT TCTATC CTATCG TATCGG ATCGGT TCGGTG CGGTGA GGTGAG GTGAGT TGAGTG GAGTGG AGTGGA GTGGAG TGGAGG GGAGGC GAGGCC AGGCCC GGCCCT GCCCTG CCCTGC CCTGCT CTGCTG TGCTGC GCTGCC CTGCCT TGCCTC GCCTCC CCTCCT CTCCTT TCCTTG CCTTGC CTTGCC TTGCCC TGCCCA GCCCAG CCCAGC CCAGCC CAGCCT AGCCTC GCCTCA CCTCAC CTCACT TCACTG CACTGC ACTGCT CTGCTT TGCTTT GCTTTC CTTTCT TTTCTC TTCTCT TCTCTC CTCTCC TCTCCG CTCCGT TCCGTT CCGTTC CGTTCC GTTCCA TTCCAC TCCACT CCACTT CACTTT ACTTTA CTTTAT TTTATG TTATGT TATGTC ATGTCA TGTCAG GTCAGG TCAGGC CAGGCA AGGCAC GGCACC GCACCT CACCTG ACCTGG CCTGGG CTGGGC TGGGCC GGGCCT GGCCTC GCCTCA CCTCAC CTCACC TCACCC CACCCT ACCCTG CCCTGC CCTGCT CTGCTT TGCTTC GCTTCT CTTCTA TTCTAG TCTAGC CTAGCA TAGCAC AGCACA GCACAG CACAGG ACAGGG CAGGGA AGGGAC GGGACG GGACGA GACGAA ACGAAC CGAACC GAACCA AACCAG ACCAGG CCAGGC CAGGCT AGGCTT GGCTTG GCTTGG CTTGGG TTGGGC TGGGCC GGGCCT GGCCTC GCCTCA CCTCAG CTCAGA TCAGAG CAGAGG AGAGGG GAGGGT AGGGTG GGGTGC GGTGCC GTGCCT TGCCTT GCCTTT	0	0	0.09602271765470505
ACATCA CATCAC ATCACA TCACAA CACAAA ACAAAG CAAAGA AAAGAC AAGACG AGACGT GACGTT ACGTTT CGTTTC GTTTCT TTTCTG TTCTGA TCTGAG CTGAGA TGAGAA GAGAAT AGAATG GAATGC AATGCT ATGCTT TGCTTC GCTTCT CTTCTG TTCTGT TCTGTC CTGTCT TGTCTA GTCTAG TCTAGA CTAGAT TAGATT AGATTT GATTTG ATTTGA TTTGAT TTGATA TGATAT GATATG ATATGA TATGAC ATGACG TGACGA GACGAT ACGATA CGATAT GATATT ATATTC TATTCC ATTCCC TTCCCG TCCCGT CCCGTT CCGTTT CGTTTC GTTTCC TTTCCA TTCCAA TCCAAC CCAACG CAACGA AACGAA ACGAAA CGAAAT GAAATC AAATCT AATCTT ATCTTC TCTTCA CTTCAA TTCAAA TCAAAT CAAATC AAATCT AATCTA ATCTAT TCTATC CTATCC TATCCA ATCCAA TCCAAA CCAAAT CAAATG AAATGT AATGTC ATGTCC TGTCCA GTCCAC TCCACT CCACTT CACTTG ACTTGC CTTGCA TTGCAG TGCAGA GCAGAT CAGATT AGATTC GATTCA ATTCAA TTCAAC TCAACA CAACAA AACAAA ACAAAA CAAAAC AAAACG AAACGT AACGTG ACGTGT CGTGTT GTGTTT TGTTTT GTTTTT TTTTTC TTTTCA TTTCAG TTCAGA TCAGAA CAGAAC AGAACT GAACTG AACTGC ACTGCT CTGCTC TGCTCT GCTCTA CTCTAT TCTATC CTATCA TATCAA ATCAAA TCAAAA CAAAAG AAAAGA AAAGAA AAGAAA AGAAAG GAAAGA AAAGAT AAGATC AGATCC GATCCA ATCCAC TCCACC CCACCT CACCTC ACCTCT CCTCTG CTCTGT TCTGTT CTGTTA TGTTAG GTTAGC TTAGCT TAGCTG AGCTGA GCTGAG CTGAGT TGAGTT GAGTTC AGTTCA GTTCAC TTCACA TCACAC CACACA ACACAT CACATC ACATCA CATCAC ATCACA TCACAA CACAAA ACAAAC CAAACA AAACAA AACAAG ACAAGT CAAGTT AAGTTT AGTTTA GTTTAT TTTATG TTATGA TATGAG ATGAGA TGAGAA GAGAAT AGAATG GAATGC AATGCT ATGCTT TGCTTC GCTTCT CTTCTG TTCTGT TCTGTC CTGTCT TGTCTA GTCTAG TCTAGT CTAGTT TAGTTT AGTTTT GTTTTT TTTTTA TTTTAT TTTATT TTATTT TATTTG ATTTGA TTTGAA TTGAAG TGAAGA GAAGAT AAGATA AGATAT GATATT ATATTT TATTTC ATTTCC TTTCCT TTCCTT TCCTTT CCTTTC CTTTCT TTTCTC TTCTCA TCTCAC CTCACC TCACCA CACCAT ACCATA CCATAG CATAGA ATAGAG TAGAGC AGAGCT GAGCTG AGCTGA GCTGAA CTGAAA TGAAAG GAAAGC AAAGCT AAGCTG AGCTGT GCTGTT CTGTTC TGTTCT GTTCTA TTCTAA TCTAAT CTAATG TAATGT AATGTT ATGTTC TGTTCA GTTCAC TTCACT TCACTT CACTTC ACTTCC CTTCCA TTCCAG TCCAGA CCAGAT CAGATA AGATAC GATACT ATACTA TACTAC ACTACA CTACAG TACAGA ACAGAA CAGAAA AGAAAG GAAAGA AAAGAG AAGAGT AGAGTG GAGTGT AGTGTT GTGTTT TGTTTC GTTTCA TTTCAA TTCAAA TCAAAA CAAAAC AAAACT	0	0	0.03128428757190704
GCATAA CATAAA ATAAAT TAAATG AAATGA AATGAT ATGATA TGATAG GATAGA ATAGAA TAGAAA AGAAAC GAAACT AAACTG AACTGT ACTGTG CTGTGA TGTGAG GTGAGC TGAGCA GAGCAA AGCAAA GCAAAC CAAACT AAACTA AACTAA ACTAAA CTAAAA TAAAAG AAAAGT AAAGTA AAGTAG AGTAGA GTAGAA TAGAAG AGAAGA GAAGAA AAGAAA AGAAAA GAAAAT AAAATC AAATCT AATCTT ATCTTC TCTTCA CTTCAT TTCATA TCATAA CATAAT ATAATC TAATCT AATCTG ATCTGA TCTGAC CTGACA TGACAG GACAGA ACAGAA CAGAAA AGAAAA GAAAAC AAAACA AAACAA AACAAA ACAAAA CAAAAA AAAAAT AAAATC AAATCA AATCAT ATCATC TCATCT CATCTA ATCTAC TCTACA CTACAA TACAAA ACAAAA CAAAAT AAAATA AAATAT AATATC ATATCA TATCAA ATCAAT TCAATG CAATGT AATGTG ATGTGT TGTGTT GTGTTC TGTTCT GTTCTA TTCTAC TCTACA CTACAT TACATG ACATGT CATGTA ATGTAA TGTAAG GTAAGA TAAGAG AAGAGG AGAGGA GAGGAG AGGAGG GGAGGG GAGGGG AGGGGA GGGGAG GGGAGG GGAGGT GAGGTA AGGTAT GGTATG GTATGC TATGCT ATGCTT TGCTTC GCTTCA CTTCAT TTCATC TCATCC CATCCT ATCCTT TCCTTC CCTTCC CTTCCT TTCCTA TCCTAA CCTAAG CTAAGG TAAGGA AAGGAT AGGATG GGATGG GATGGA ATGGAG TGGAGT GGAGTA GAGTAG AGTAGT GTAGTT TAGTTA AGTTAC GTTACA TTACAT TACATA ACATAA CATAAT ATAATT TAATTC AATTCA ATTCAT TTCATT TCATTT CATTTG ATTTGG TTTGGA TTGGAA TGGAAT GGAATT GAATTC AATTCT ATTCTT TTCTTC TCTTCT CTTCTG TTCTGT TCTGTG CTGTGC TGTGCT GTGCTT TGCTTG GCTTGA CTTGAG TTGAGA TGAGAT GAGATT AGATTT GATTTA ATTTAT TTTATC TTATCT TATCTA ATCTAT TCTATT CTATTC TATTCT ATTCTC TTCTCT TCTCTC CTCTCC TCTCCC CTCCCA TCCCAT CCCATT CCATTA CATTAT ATTATT TTATTT TATTTA ATTTAT TTTATT TTATTT TATTTA ATTTAT TTTATT TTATTC TATTCA ATTCAA TTCAAT TCAATC CAATCT AATCTT ATCTTG TCTTGT CTTGTA TTGTAT TGTATT GTATTA TATTAT ATTATA TTATAT TATATC ATATCA TATCAG ATCAGT TCAGTA CAGTAT AGTATG GTATGA TATGAG ATGAGA TGAGAA GAGAAC AGAACA GAACAT AACATG ACATGG CATGGA ATGGAT TGGATA GGATAT GATATT ATATTT TATTTA ATTTAT TTTATT TTATTT TATTTT ATTTTA TTTTAT TTTATA TTATAT TATATT ATATTT TATTTT ATTTTG TTTTGG TTTGGG TTGGGG TGGGGT GGGGTA GGGTAT GGTATA GTATAA TATAAT ATAATC TAATCC AATCCA ATCCAA TCCAAT CCAATA CAATAC AATACT ATACTA TACTAT ACTATT CTATTA TATTAT ATTATT TTATTT TATTTT ATTTTA TTTTAT TTTATT TTATTT TATTTA ATTTAT TTTATT TTATTA TATTAT ATTATG	0	0	0.025882340967655182
CATGAA ATGAAA TGAAAG GAAAGA AAAGAC AAGACC AGACCT GACCTG ACCTGG CCTGGA CTGGAA TGGAAG GGAAGT GAAGTT AAGTTT AGTTTA GTTTAG TTTAGG TTAGGC TAGGCA AGGCAG GGCAGA GCAGAA CAGAAG AGAAGG GAAGGA AAGGAA AGGAAC GGAACC GAACCA AACCAT ACCATG CCATGC CATGCA ATGCAC TGCACA GCACAG CACAGG ACAGGT CAGGTA AGGTAT GGTATG GTATGG TATGGC ATGGCC TGGCCA GGCCAC GCCACA CCACAC CACACC ACACCT CACCTA ACCTAC CCTACA CTACAG TACAGT ACAGTT CAGTTT AGTTTG GTTTGG TTTGGC TTGGCC TGGCCT GGCCTC GCCTCT CCTCTA CTCTAG TCTAGA CTAGAA TAGAAT AGAATT GAATTT AATTTA ATTTAC TTTACA TTACAG TACAGT ACAGTC CAGTCC AGTCCC GTCCCC TCCCCA CCCCAG CCCAGA CCAGAA CAGAAG AGAAGA GAAGAC AAGACT AGACTG GACTGA ACTGAG CTGAGG TGAGGG GAGGGC AGGGCA GGGCAT GGCATA GCATAG CATAGG ATAGGG TAGGGA AGGGAC GGGACA GGACAT GACATG ACATGT CATGTG ATGTGT TGTGTT GTGTTG TGTTGA GTTGAT TTGATT TGATTG GATTGT ATTGTA TTGTAA TGTAAT GTAATT TAATTT AATTTC ATTTCC TTTCCT TTCCTG TCCTGG CCTGGA CTGGAG TGGAGT GGAGTC GAGTCA AGTCAA GTCAAT TCAATC CAATCT AATCTT ATCTTT TCTTTA CTTTAT TTTATT TTATTG TATTGA ATTGAA TTGAAT TGAATG GAATGT AATGTT ATGTTC TGTTCT GTTCTT TTCTTC TCTTCC CTTCCT TTCCTG TCCTGT CCTGTA CTGTAA TGTAAC GTAACA TAACAG AACAGG ACAGGC CAGGCC AGGCCA GGCCAT GCCATG CCATGT CATGTG ATGTGC TGTGCT GTGCTA TGCTAG GCTAGA CTAGAG TAGAGA AGAGAT GAGATA AGATAC GATACA ATACAT TACATG ACATGA CATGAA ATGAAT TGAATT GAATTA AATTAA ATTAAA TTAAAA TAAAAA AAAAAA AAAAAA AAAAAA AAAAAA AAAAAA AAAAAA AAAAAG AAAAGA AAAGAA AAGAAA AGAAAT GAAATA AAATAA AATAAC ATAACA TAACAA AACAAC ACAACA CAACAA AACAAA ACAAAA CAAAAA AAAAAA AAAAAC AAAACC AAACCG AACCGT ACCGTC CCGTCC CGTCCT GTCCTT TCCTTG CCTTGC CTTGCT TTGCTT TGCTTG GCTTGG CTTGGA TTGGAG TGGAGG GGAGGG GAGGGT AGGGTA GGGTAC GGTACT GTACTC TACTCA ACTCAC CTCACA TCACAG CACAGA ACAGAC CAGACA AGACAC GACACA ACACAT CACATA ACATAA CATAAG ATAAGC TAAGCA AAGCAA AGCAAA GCAAAG CAAAGT AAAGTC AAGTCT AGTCTG GTCTGA TCTGAG CTGAGG TGAGGC GAGGCT AGGCTC GGCTCA GCTCAG CTCAGA TCAGAA CAGAAA AGAAAA GAAAAC AAAACT AAACTC AACTCA ACTCAC CTCACC TCACCC CACCCC ACCCCA CCCCAA CCCAAA CCAAAA CAAAAT AAAATG AAATGA AATGAA ATGAAG TGAAGA GAAGAT AAGATC AGATCT GATCTC ATCTCA TCTCAG CTCAGA	0	0	0.03394908085465431
CTTTGC TTTGCT TTGCTG TGCTGC GCTGCT CTGCTC TGCTCT GCTCTG CTCTGC TCTGCA CTGCAC TGCACC GCACCT CACCTG ACCTGG CCTGGC CTGGCT TGGCTT GGCTTG GCTTGC CTTGCA TTGCAG TGCAGT GCAGTT CAGTTG AGTTGG GTTGGC TTGGCA TGGCAG GGCAGG GCAGGC CAGGCA AGGCAT GGCATG GCATGG CATGGG ATGGGA TGGGAT GGGATC GGATCT GATCTG ATCTGG TCTGGC CTGGCT TGGCTG GGCTGG GCTGGT CTGGTA TGGTAG GGTAGC GTAGCA TAGCAT AGCATA GCATAA CATAAG ATAAGC TAAGCC AAGCCA AGCCAA GCCAAG CCAAGT CAAGTG AAGTGC AGTGCA GTGCAT TGCATC GCATCC CATCCT ATCCTG TCCTGC CCTGCC CTGCCA TGCCAG GCCAGG CCAGGC CAGGCC AGGCCG GGCCGA GCCGAG CCGAGT CGAGTG GAGTGG AGTGGG GTGGGC TGGGCA GGGCAA GGCAAA GCAAAA CAAAAT AAAATG AAATGA AATGAG ATGAGA TGAGAC GAGACC AGACCA GACCAG ACCAGT CCAGTG CAGTGG AGTGGG GTGGGC TGGGCC GGGCCT GGCCTG GCCTGA CCTGAG CTGAGC TGAGCA GAGCAA AGCAAA GCAAAA CAAAAC AAAACT AAACTT AACTTG ACTTGG CTTGGG TTGGGC TGGGCA GGGCAA GGCAAA GCAAAG CAAAGG AAAGGT AAGGTT AGGTTT GGTTTA GTTTAA TTTAAC TTAACC TAACCA AACCAG ACCAGT CCAGTC CAGTCA AGTCAA GTCAAA TCAAAG CAAAGA AAAGAG AAGAGG AGAGGT GAGGTT AGGTTT GGTTTC GTTTCC TTTCCG TTCCGG TCCGGC CCGGCT CGGCTG GGCTGG GCTGGA CTGGAA TGGAAA GGAAAA GAAAAA AAAAAC AAAACG AAACGA AACGAC ACGACA CGACAC GACACC ACACCC CACCCT ACCCTA CCCTAA CCTAAG CTAAGG TAAGGA AAGGAG AGGAGA GGAGAG GAGAGT AGAGTG GAGTGT AGTGTG GTGTGA TGTGAC GTGACA TGACAT GACATT ACATTT CATTTT ATTTTC TTTTCT TTTCTT TTCTTA TCTTAT CTTATG TTATGA TATGAG ATGAGA TGAGAT GAGATT AGATTG GATTGA ATTGAA TTGAAA TGAAAT GAAATT AAATTA AATTAA ATTAAG TTAAGC TAAGCA AAGCAA AGCAAA GCAAAA CAAAAA AAAAAC AAAACA AAACAA AACAAA ACAAAA CAAAAA AAAAAT AAAATG AAATGT AATGTA ATGTAA TGTAAC GTAACA TAACAT AACATT ACATTC CATTCA ATTCAC TTCACC TCACCA CACCAA ACCAAA CCAAAC CAAACA AAACAC AACACA ACACAA CACAAA ACAAAA CAAAAT AAAATG AAATGT AATGTT ATGTTC TGTTCA GTTCAT TTCATT TCATTT CATTTG ATTTGC TTTGCT TTGCTT TGCTTA GCTTAT CTTATG TTATGC TATGCT ATGCTC TGCTCA GCTCAT CTCATG TCATGG CATGGT ATGGTG TGGTGA GGTGAA GTGAAA TGAAAC GAAACA AAACAA AACAAA ACAAAT CAAATA AAATAT AATATG ATATGA TATGAG ATGAGA TGAGAA GAGAAT AGAATA GAATAA AATAAT ATAATC TAATCC AATCCT ATCCTG TCCTGT CCTGTT CTGTTT TGTTTC GTTTCA TTTCAG	0	0	0.1321360021829605
GCCTCT CCTCTT CTCTTC TCTTCT CTTCTT TTCTTA TCTTAA CTTAAA TTAAAT TAAATT AAATTA AATTAT ATTATG TTATGC TATGCC ATGCCA TGCCAT GCCATG CCATGA CATGAT ATGATT TGATTC GATTCT ATTCTA TTCTAC TCTACA CTACAT TACATG ACATGT CATGTG ATGTGC TGTGCC GTGCCC TGCCCT GCCCTA CCCTAA CCTAAA CTAAAT TAAATT AAATTT AATTTC ATTTCC TTTCCA TTCCAT TCCATC CCATCT CATCTT ATCTTC TCTTCT CTTCTC TTCTCT TCTCTG CTCTGC TCTGCT CTGCTG TGCTGT GCTGTT CTGTTA TGTTAC GTTACA TTACAC TACACC ACACCG CACCGT ACCGTT CCGTTC CGTTCC GTTCCA TTCCAA TCCAAC CCAACA CAACAC AACACC ACACCA CACCAA ACCAAA CCAAAG CAAAGA AAAGAT AAGATC AGATCA GATCAT ATCATT TCATTG CATTGA ATTGAT TTGATT TGATTC GATTCC ATTCCA TTCCAG TCCAGC CCAGCC CAGCCC AGCCCT GCCCTG CCCTGG CCTGGA CTGGAA TGGAAT GGAATG GAATGA AATGAT ATGATT TGATTT GATTTA ATTTAC TTTACT TTACTT TACTTG ACTTGG CTTGGT TTGGTG TGGTGC GGTGCA GTGCAA TGCAAC GCAACT CAACTA AACTAG ACTAGA CTAGAA TAGAAA AGAAAA GAAAAC AAAACA AAACAA AACAAC ACAACA CAACAT AACATA ACATAT CATATG ATATGT TATGTT ATGTTG TGTTGA GTTGAC TTGACT TGACTT GACTTG ACTTGA CTTGAA TTGAAT TGAATG GAATGA AATGAT ATGATA TGATAT GATATT ATATTC TATTCA ATTCAG TTCAGA TCAGAT CAGATT AGATTA GATTAA ATTAAT TTAATA TAATAA AATAAA ATAAAT TAAATG AAATGA AATGAG ATGAGA TGAGAG GAGAGA AGAGAC GAGACT AGACTC GACTCC ACTCCA CTCCAA TCCAAG CCAAGG CAAGGC AAGGCC AGGCCT GGCCTT GCCTTC CCTTCC CTTCCA TTCCAG TCCAGC CCAGCT CAGCTG AGCTGA GCTGAG CTGAGA TGAGAA GAGAAG AGAAGC GAAGCA AAGCAG AGCAGT GCAGTT CAGTTT AGTTTT GTTTTC TTTTCA TTTCAT TTCATT TCATTC CATTCA ATTCAG TTCAGA TCAGAA CAGAAA AGAAAT GAAATT AAATTA AATTAC ATTACT TTACTC TACTCA ACTCAT CTCATG TCATGT CATGTG ATGTGG TGTGGA GTGGAA TGGAAT GGAATG GAATGG AATGGC ATGGCA TGGCAG GGCAGA GCAGAA CAGAAG AGAAGT GAAGTG AAGTGC AGTGCC GTGCCA TGCCAA GCCAAG CCAAGA CAAGAA AAGAAT AGAATA GAATAC AATACA ATACAG TACAGG ACAGGT CAGGTG AGGTGT GGTGTA GTGTAA TGTAAA GTAAAC TAAACA AAACAA AACAAG ACAAGT CAAGTG AAGTGG AGTGGC GTGGCA TGGCAG GGCAGA GCAGAA CAGAAA AGAAAT GAAATG AAATGA AATGAG ATGAGA TGAGAA GAGAAG AGAAGA GAAGAA AAGAAC AGAACC GAACCC AACCCG ACCCGA CCCGAT CCGATG CGATGC GATGCG ATGCGT TGCGTG GCGTGA CGTGAA GTGAAG TGAAGA GAAGAG AAGAGA AGAGAA GAGAAC	0	0	0.03750504180788994
CCCCAC CCCACC CCACCC CACCCC ACCCCA CCCCAC CCCACT CCACTT CACTTC ACTTCC CTTCCT TTCCTG TCCTGC CCTGCC CTGCCC TGCCCA GCCCAC CCCACT CCACTT CACTTC ACTTCT CTTCTC TTCTCC TCTCCA CTCCAA TCCAAC CCAACC CAACCC AACCCC ACCCCA CCCCAA CCCAAC CCAACT CAACTC AACTCC ACTCCC CTCCCA TCCCAT CCCATT CCATTT CATTTC ATTTCT TTTCTC TTCTCA TCTCAA CTCAAA TCAAAC CAAACT AAACTC AACTCA ACTCAA CTCAAA TCAAAT CAAATC AAATCA AATCAC ATCACT TCACTA CACTAA ACTAAA CTAAAG TAAAGG AAAGGA AAGGAA AGGAAA GGAAAA GAAAAT AAAATG AAATGA AATGAT ATGATG TGATGA GATGAG ATGAGA TGAGAG GAGAGA AGAGAG GAGAGA AGAGAG GAGAGA AGAGAG GAGAGA AGAGAG GAGAGA AGAGAG GAGAGA AGAGAT GAGATT AGATTT GATTTG ATTTGG TTTGGT TTGGTG TGGTGA GGTGAT GTGATG TGATGC GATGCC ATGCCT TGCCTG GCCTGT CCTGTC CTGTCT TGTCTA GTCTAC TCTACC CTACCA TACCAC ACCACT CCACTT CACTTA ACTTAG CTTAGA TTAGAA TAGAAC AGAACA GAACAC AACACA ACACAC CACACT ACACTC CACTCT ACTCTA CTCTAG TCTAGT CTAGTA TAGTAA AGTAAT GTAATG TAATGG AATGGT ATGGTA TGGTAG GGTAGA GTAGAT TAGATA AGATAA GATAAA ATAAAG TAAAGA AAAGAA AAGAAA AGAAAA GAAAAG AAAAGG AAAGGC AAGGCT AGGCTG GGCTGG GCTGGT CTGGTT TGGTTT GGTTTA GTTTAA TTTAAG TTAAGA TAAGAT AAGATG AGATGT GATGTT ATGTTT TGTTTA GTTTAA TTTAAG TTAAGG TAAGGC AAGGCC AGGCCT GGCCTG GCCTGT CCTGTC CTGTCC TGTCCC GTCCCA TCCCAA CCCAAC CCAACA CAACAG AACAGC ACAGCA CAGCAA AGCAAC GCAACA CAACAC AACACA ACACAT CACATG ACATGC CATGCA ATGCAC TGCACA GCACAG CACAGA ACAGAA CAGAAG AGAAGC GAAGCT AAGCTT AGCTTG GCTTGC CTTGCA TTGCAT TGCATA GCATAA CATAAT ATAATT TAATTT AATTTA ATTTAC TTTACA TTACAT TACATG ACATGG CATGGA ATGGAC TGGACT GGACTC GACTCA ACTCAT CTCATT TCATTG CATTGG ATTGGG TTGGGG TGGGGC GGGGCT GGGCTT GGCTTA GCTTAC CTTACT TTACTA TACTAG ACTAGA CTAGAA TAGAAA AGAAAG GAAAGT AAAGTG AAGTGG AGTGGC GTGGCC TGGCCT GGCCTC GCCTCT CCTCTT CTCTTT TCTTTC CTTTCT TTTCTT TTCTTT TCTTTT CTTTTT TTTTTC TTTTCT TTTCTT TTCTTC TCTTCT CTTCTT TTCTTC TCTTCT CTTCTT TTCTTT TCTTTT CTTTTC TTTTCT TTTCTT TTCTTA TCTTAA CTTAAA TTAAAT TAAATA AAATAA AATAAC ATAACG TAACGT AACGTA ACGTAA CGTAAT GTAATG TAATGC AATGCC ATGCCT TGCCTG GCCTGG CCTGGC CTGGCA TGGCAT GGCATT GCATTG CATTGG ATTGGA TTGGAT TGGATT GGATTT GATTTT	0	0	0.031916603446006775
CTTTCC TTTCCA TTCCAT TCCATG CCATGC CATGCA ATGCAA TGCAAT GCAATT CAATTA AATTAA ATTAAC TTAACT TAACTT AACTTT ACTTTC CTTTCT TTTCTC TTCTCC TCTCCA CTCCAG TCCAGA CCAGAC CAGACT AGACTA GACTAA ACTAAA CTAAAG TAAAGC AAAGCA AAGCAG AGCAGG GCAGGT CAGGTG AGGTGC GGTGCG GTGCGG TGCGGA GCGGAA CGGAAG GGAAGG GAAGGG AAGGGA AGGGAG GGGAGC GGAGCT GAGCTA AGCTAC GCTACT CTACTG TACTGG ACTGGG CTGGGC TGGGCC GGGCCA GGCCAG GCCAGT CCAGTC CAGTCT AGTCTG GTCTGC TCTGCT CTGCTT TGCTTA GCTTAG CTTAGT TTAGTA TAGTAA AGTAAA GTAAAT TAAATA AAATAT AATATC ATATCT TATCTA ATCTAT TCTATC CTATCC TATCCC ATCCCC TCCCCA CCCCAG CCCAGA CCAGAT CAGATG AGATGG GATGGA ATGGAG TGGAGA GGAGAG GAGAGC AGAGCA GAGCAA AGCAAT GCAATT CAATTC AATTCA ATTCAA TTCAAT TCAATG CAATGG AATGGA ATGGAA TGGAAA GGAAAT GAAATA AAATAA AATAAT ATAATT TAATTA AATTAC ATTACA TTACAC TACACC ACACCA CACCAG ACCAGG CCAGGT CAGGTC AGGTCA GGTCAA GTCAAT TCAATT CAATTA AATTAA ATTAAG TTAAGC TAAGCA AAGCAG AGCAGA GCAGAA CAGAAC AGAACT GAACTC AACTCA ACTCAG CTCAGA TCAGAT CAGATC AGATCT GATCTC ATCTCC TCTCCT CTCCTC TCCTCC CCTCCT CTCCTG TCCTGT CCTGTT CTGTTA TGTTAG GTTAGC TTAGCC TAGCCC AGCCCT GCCCTT CCCTTT CCTTTT CTTTTG TTTTGA TTTGAA TTGAAT TGAATT GAATTT AATTTT ATTTTT TTTTTT TTTTTA TTTTAT TTTATT TTATTT TATTTC ATTTCC TTTCCA TTCCAT TCCATG CCATGA CATGAG ATGAGC TGAGCC GAGCCA AGCCAG GCCAGA CCAGAT CAGATT AGATTT GATTTC ATTTCC TTTCCT TTCCTC TCCTCA CCTCAG CTCAGG TCAGGA CAGGAT AGGATT GGATTT GATTTA ATTTAA TTTAAA TTAAAC TAAACT AAACTG AACTGC ACTGCT CTGCTT TGCTTT GCTTTA CTTTAC TTTACC TTACCT TACCTC ACCTCT CCTCTA CTCTAG TCTAGA CTAGAA TAGAAA AGAAAG GAAAGA AAAGAG AAGAGG AGAGGG GAGGGT AGGGTG GGGTGT GGTGTC GTGTCT TGTCTC GTCTCT TCTCTG CTCTGG TCTGGG CTGGGG TGGGGA GGGGAA GGGAAA GGAAAT GAAATC AAATCT AATCTT ATCTTA TCTTAT CTTATT TTATTG TATTGA ATTGAT TTGATT TGATTT GATTTG ATTTGT TTTGTG TTGTGT TGTGTG GTGTGG TGTGGT GTGGTG TGGTGG GGTGGT GTGGTG TGGTGG GGTGGT GTGGTT TGGTTG GGTTGT GTTGTT TTGTTG TGTTGC GTTGCT TTGCTG TGCTGA GCTGAA CTGAAG TGAAGA GAAGAA AAGAAG AGAAGG GAAGGT AAGGTG AGGTGG GGTGGC GTGGCC TGGCCC GGCCCC GCCCCA CCCCAC CCCACT CCACTC CACTCC ACTCCC CTCCCC TCCCCA CCCCAG CCCAGG CCAGGC	0	0	0.032877977937459946
ATGGTC TGGTCA GGTCAA GTCAAA TCAAAG CAAAGT AAAGTT AAGTTT AGTTTT GTTTTA TTTTAG TTTAGC TTAGCA TAGCAT AGCATC GCATCA CATCAG ATCAGG TCAGGT CAGGTA AGGTAG GGTAGC GTAGCA TAGCAC AGCACC GCACCT CACCTC ACCTCT CCTCTA CTCTAG TCTAGA CTAGAC TAGACC AGACCC GACCCT ACCCTT CCCTTA CCTTAC CTTACC TTACCT TACCTG ACCTGA CCTGAA CTGAAG TGAAGA GAAGAA AAGAAT AGAATG GAATGC AATGCC ATGCCT TGCCTC GCCTCT CCTCTC CTCTCC TCTCCT CTCCTA TCCTAA CCTAAA CTAAAT TAAATC AAATCT AATCTG ATCTGA TCTGAA CTGAAA TGAAAG GAAAGG AAAGGG AAGGGT AGGGTT GGGTTG GGTTGA GTTGAC TTGACC TGACCA GACCAG ACCAGG CCAGGT CAGGTG AGGTGT GGTGTG GTGTGC TGTGCG GTGCGC TGCGCC GCGCCT CGCCTT GCCTTT CCTTTA CTTTAG TTTAGG TTAGGA TAGGAC AGGACG GGACGA GACGAT ACGATG CGATGC GATGCA ATGCAA TGCAAG GCAAGG CAAGGC AAGGCA AGGCAA GGCAAG GCAAGA CAAGAA AAGAAG AGAAGG GAAGGC AAGGCA AGGCAG GGCAGG GCAGGG CAGGGA AGGGAA GGGAAG GGAAGA GAAGAA AAGAAT AGAATG GAATGG AATGGT ATGGTA TGGTAC GGTACT GTACTC TACTCC ACTCCT CTCCTA TCCTAG CCTAGT CTAGTC TAGTCA AGTCAG GTCAGT TCAGTC CAGTCA AGTCAG GTCAGA TCAGAT CAGATC AGATCA GATCAG ATCAGA TCAGAC CAGACG AGACGG GACGGA ACGGAT CGGATC GGATCA GATCAA ATCAAT TCAATC CAATCT AATCTT ATCTTG TCTTGG CTTGGT TTGGTG TGGTGA GGTGAT GTGATG TGATGA GATGAA ATGAAT TGAATG GAATGG AATGGG ATGGGG TGGGGA GGGGAC GGGACA GGACAG GACAGA ACAGAT CAGATG AGATGT GATGTC ATGTCT TGTCTT GTCTTA TCTTAG CTTAGG TTAGGT TAGGTG AGGTGG GGTGGG GTGGGC TGGGCC GGGCCA GGCCAC GCCACC CCACCC CACCCC ACCCCA CCCCAT CCCATA CCATAT CATATC ATATCG TATCGC ATCGCT TCGCTC CGCTCC GCTCCA CTCCAG TCCAGG CCAGGA CAGGAA AGGAAG GGAAGA GAAGAT AAGATT AGATTG GATTGG ATTGGA TTGGAG TGGAGG GGAGGG GAGGGC AGGGCT GGGCTT GGCTTT GCTTTT CTTTTA TTTTAA TTTAAG TTAAGG TAAGGT AAGGTA AGGTAG GGTAGT GTAGTC TAGTCA AGTCAA GTCAAC TCAACC CAACCC AACCCA ACCCAC CCCACT CCACTT CACTTA ACTTAT CTTATA TTATAC TATACT ATACTA TACTAA ACTAAG CTAAGG TAAGGC AAGGCC AGGCCA GGCCAC GCCACT CCACTG CACTGT ACTGTT CTGTTT TGTTTT GTTTTA TTTTAA TTTAAA TTAAAC TAAACA AAACAT AACATC ACATCA CATCAT ATCATG TCATGA CATGAG ATGAGT TGAGTT GAGTTG AGTTGT GTTGTA TTGTAT TGTATC GTATCA TATCAT ATCATG TCATGT CATGTC ATGTCA TGTCAT GTCATT TCATTC CATTCC ATTCCT	0	0	0.05724853277206421
CCTCGG CTCGGG TCGGGC CGGGCC GGGCCA GGCCAC GCCACC CCACCT CACCTG ACCTGG CCTGGA CTGGAT TGGATC GGATCC GATCCT ATCCTT TCCTTG CCTTGA CTTGAT TTGATT TGATTT GATTTG ATTTGT TTTGTG TTGTGC TGTGCA GTGCAG TGCAGC GCAGCT CAGCTT AGCTTC GCTTCT CTTCTG TTCTGT TCTGTT CTGTTG TGTTGC GTTGCT TTGCTT TGCTTC GCTTCC CTTCCC TTCCCT TCCCTC CCCTCC CCTCCT CTCCTC TCCTCT CCTCTC CTCTCT TCTCTG CTCTGG TCTGGT CTGGTG TGGTGC GGTGCT GTGCTG TGCTGC GCTGCC CTGCCC TGCCCC GCCCCT CCCCTT CCCTTT CCTTTC CTTTCC TTTCCA TTCCAC TCCACA CCACAC CACACT ACACTA CACTAT ACTATG CTATGG TATGGA ATGGAG TGGAGC GGAGCC GAGCCA AGCCAA GCCAAA CCAAAG CAAAGA AAAGAG AAGAGA AGAGAG GAGAGA AGAGAC GAGACC AGACCC GACCCC ACCCCA CCCCAC CCCACT CCACTC CACTCA ACTCAG CTCAGC TCAGCC CAGCCA AGCCAG GCCAGT CCAGTT CAGTTT AGTTTC GTTTCC TTTCCC TTCCCC TCCCCC CCCCCA CCCCAC CCCACC CCACCC CACCCT ACCCTG CCCTGC CCTGCA CTGCAT TGCATT GCATTA CATTAG ATTAGA TTAGAC TAGACA AGACAG GACAGG ACAGGT CAGGTG AGGTGG GGTGGG GTGGGG TGGGGA GGGGAA GGGAAA GGAAAC GAAACA AAACAG AACAGA ACAGAG CAGAGG AGAGGC GAGGCC AGGCCG GGCCGG GCCGGG CCGGGA CGGGAG GGGAGA GGAGAG GAGAGA AGAGAG GAGAGG AGAGGG GAGGGC AGGGCC GGGCCA GGCCAA GCCAAG CCAAGG CAAGGA AAGGAA AGGAAG GGAAGG GAAGGA AAGGAG AGGAGC GGAGCC GAGCCT AGCCTC GCCTCC CCTCCT CTCCTG TCCTGG CCTGGG CTGGGG TGGGGC GGGGCA GGGCAT GGCATT GCATTA CATTAA ATTAAT TTAATG TAATGG AATGGG ATGGGA TGGGAG GGGAGG GGAGGC GAGGCA AGGCAG GGCAGG GCAGGG CAGGGG AGGGGG GGGGGC GGGGCT GGGCTG GGCTGG GCTGGG CTGGGG TGGGGT GGGGTG GGGTGG GGTGGA GTGGAG TGGAGA GGAGAG GAGAGC AGAGCC GAGCCC AGCCCA GCCCAG CCCAGG CCAGGG CAGGGA AGGGAG GGGAGT GGAGTC GAGTCC AGTCCT GTCCTG TCCTGC CCTGCG CTGCGT TGCGTG GCGTGA CGTGAA GTGAAG TGAAGC GAAGCC AAGCCG AGCCGG GCCGGA CCGGAG CGGAGG GGAGGG GAGGGG AGGGGA GGGGAT GGGATG GGATGG GATGGG ATGGGA TGGGAG GGGAGT GGAGTG GAGTGA AGTGAA GTGAAG TGAAGG GAAGGA AAGGAC AGGACG GGACGC GACGCA ACGCAT CGCATC GCATCA CATCAG ATCAGA TCAGAC CAGACA AGACAC GACACC ACACCT CACCTT ACCTTC CCTTCC CTTCCC TTCCCC TCCCCG CCCCGC CCCGCT CCGCTC CGCTCC GCTCCA CTCCAT TCCATC CCATCT CATCTC ATCTCA TCTCAC CTCACA TCACAA CACAAG ACAAGC CAAGCT AAGCTG AGCTGC GCTGCG CTGCGA TGCGAA GCGAAC	0	0	0.10972373187541962
TAACCT AACCTG ACCTGG CCTGGT CTGGTT TGGTTC GGTTCT GTTCTC TTCTCC TCTCCA CTCCAA TCCAAT CCAATT CAATTG AATTGC ATTGCT TTGCTC TGCTCA GCTCAT CTCATT TCATTA CATTAA ATTAAT TTAATT TAATTT AATTTG ATTTGG TTTGGG TTGGGG TGGGGA GGGGAA GGGAAT GGAATC GAATCC AATCCC ATCCCT TCCCTC CCCTCA CCTCAT CTCATA TCATAT CATATA ATATAC TATACT ATACTT TACTTC ACTTCA CTTCAA TTCAAA TCAAAT CAAATA AAATAT AATATA ATATAT TATATG ATATGC TATGCA ATGCAA TGCAAC GCAACT CAACTG AACTGA ACTGAC CTGACT TGACTG GACTGT ACTGTT CTGTTG TGTTGA GTTGAA TTGAAC TGAACA GAACAA AACAAC ACAACA CAACAC AACACA ACACAA CACAAG ACAAGT CAAGTT AAGTTT AGTTTG GTTTGA TTTGAA TTGAAT TGAATT GAATTA AATTAG ATTAGG TTAGGG TAGGGG AGGGGG GGGGGT GGGGTC GGGTCC GGTCCA GTCCAT TCCATT CCATTT CATTTA ATTTAT TTTATA TTATAC TATACA ATACAC TACACA ACACAG CACAGA ACAGAT CAGATG AGATGT GATGTT ATGTTT TGTTTT GTTTTT TTTTTC TTTTCC TTTCCA TTCCAT TCCATC CCATCT CATCTT ATCTTT TCTTTC CTTTCC TTTCCC TTCCCA TCCCAC CCCACT CCACTC CACTCC ACTCCT CTCCTG TCCTGA CCTGAG CTGAGA TGAGAC GAGACA AGACAG GACAGC ACAGCA CAGCAA AGCAAG GCAAGA CAAGAC AAGACC AGACCA GACCAA ACCAAC CCAACC CAACCT AACCTT ACCTTC CCTTCC CTTCCC TTCCCT TCCCTC CCCTCT CCTCTT CTCTTC TCTTCC CTTCCT TTCCTT TCCTTC CCTTCT CTTCTC TTCTCC TCTCCT CTCCTC TCCTCC CCTCCT CTCCTC TCCTCA CCTCAG CTCAGC TCAGCC CAGCCT AGCCTA GCCTAG CCTAGT CTAGTC TAGTCC AGTCCA GTCCAT TCCATC CCATCT CATCTG ATCTGA TCTGAA CTGAAG TGAAGA GAAGAC AAGACT AGACTA GACTAT ACTATG CTATGA TATGAG ATGAGG TGAGGA GAGGAT AGGATA GGATAA GATAAA ATAAAG TAAAGA AAAGAA AAGAAC AGAACT GAACTT AACTTT ACTTTA CTTTAT TTTATG TTATGA TATGAT ATGATG TGATGA GATGAT ATGATC TGATCT GATCTA ATCTAC TCTACT CTACTT TACTTC ACTTCC CTTCCG TTCCGC TCCGCT CCGCTT CGCTTA GCTTAA CTTAAT TTAATG TAATGA AATGAA ATGAAT TGAATA GAATAG AATAGT ATAGTA TAGTAA AGTAAA GTAAAT TAAATA AAATAT AATATA ATATAT TATATT ATATTT TATTTT ATTTTC TTTTCT TTTCTC TTCTCT TCTCTT CTCTTC TCTTCC CTTCCT TTCCTT TCCTTA CCTTAT CTTATG TTATGT TATGTT ATGTTT TGTTTT GTTTTT TTTTTA TTTTAT TTTATT TTATTC TATTCA ATTCAT TTCATA TCATAA CATAAT ATAATG TAATGT AATGTT ATGTTT TGTTTT GTTTTC TTTTCT TTTCTT TTCTTT TCTTTT CTTTTC TTTTCT TTTCTC TTCTCT TCTCTA CTCTAA	0	0	0.032520681619644165
ATTCTC TTCTCC TCTCCT CTCCTG TCCTGC CCTGCC CTGCCT TGCCTC GCCTCA CCTCAG CTCAGC TCAGCC CAGCCT AGCCTC GCCTCC CCTCCC CTCCCG TCCCGA CCCGAG CCGAGA CGAGAA GAGAAG AGAAGC GAAGCT AAGCTG AGCTGG GCTGGG CTGGGA TGGGAC GGGACT GGACTA GACTAC ACTACA CTACAG TACAGG ACAGGC CAGGCG AGGCGC GGCGCC GCGCCT CGCCTG GCCTGC CCTGCC CTGCCA TGCCAC GCCACC CCACCA CACCAC ACCACG CCACGC CACGCC ACGCCC CGCCCG GCCCGG CCCGGC CCGGCT CGGCTA GGCTAA GCTAAT CTAATT TAATTT AATTTT ATTTTT TTTTTT TTTTTT TTTTTG TTTTGT TTTGTA TTGTAT TGTATT GTATTT TATTTT ATTTTT TTTTTT TTTTTT TTTTTT TTTTTT TTTTTT TTTTTT TTTTTA TTTTAG TTTAGT TTAGTA TAGTAG AGTAGA GTAGAG TAGAGA AGAGAT GAGATA AGATAG GATAGG ATAGGG TAGGGT AGGGTT GGGTTT GGTTTC GTTTCT TTTCTA TTCTAC TCTACT CTACTC TACTCT ACTCTA CTCTAG TCTAGC CTAGCG TAGCGT AGCGTT GCGTTA CGTTAG GTTAGC TTAGCC TAGCCA AGCCAG GCCAGG CCAGGA CAGGAT AGGATG GGATGG GATGGT ATGGTC TGGTCT GGTCTT GTCTTG TCTTGA CTTGAT TTGATC TGATCT GATCTC ATCTCC TCTCCT CTCCTG TCCTGA CCTGAC CTGACC TGACCT GACCTC ACCTCG CCTCGT CTCGTG TCGTGA CGTGAT GTGATC TGATCC GATCCT ATCCTC TCCTCC CCTCCC CTCCCG TCCCGC CCCGCC CCGCCT CGCCTT GCCTTG CCTTGG CTTGGC TTGGCC TGGCCT GGCCTC GCCTCC CCTCCC CTCCCA TCCCAG CCCAGA CCAGAG CAGAGT AGAGTA GAGTAC AGTACT GTACTG TACTGG ACTGGG CTGGGA TGGGAT GGGATT GGATTA GATTAC ATTACA TTACAG TACAGG ACAGGC CAGGCG AGGCGT GGCGTG GCGTGA CGTGAG GTGAGC TGAGCC GAGCCA AGCCAC GCCACT CCACTG CACTGC ACTGCG CTGCGC TGCGCC GCGCCT CGCCTG GCCTGG CCTGGC CTGGCC TGGCCT GGCCTA GCCTAA CCTAAG CTAAGT TAAGTT AAGTTT AGTTTG GTTTGG TTTGGG TTGGGG TGGGGT GGGGTT GGGTTT GGTTTT GTTTTT TTTTTA TTTTAA TTTAAA TTAAAA TAAAAA AAAAAA AAAAAT AAAATC AAATCT AATCTC ATCTCT TCTCTT CTCTTA TCTTAA CTTAAT TTAATT TAATTG AATTGA ATTGAT TTGATG TGATGT GATGTG ATGTGA TGTGAA GTGAAT TGAATA GAATAC AATACT ATACTT TACTTT ACTTTT CTTTTC TTTTCA TTTCAG TTCAGA TCAGAG CAGAGA AGAGAT GAGATT AGATTT GATTTC ATTTCC TTTCCT TTCCTT TCCTTC CCTTCT CTTCTC TTCTCT TCTCTT CTCTTA TCTTAT CTTATG TTATGT TATGTT ATGTTT TGTTTG GTTTGT TTTGTA TTGTAG TGTAGA GTAGAA TAGAAC AGAACA GAACAA AACAAA ACAAAA CAAAAA AAAAAC AAAACT AAACTA AACTAG ACTAGC CTAGCA TAGCAT AGCATG GCATGG CATGGC ATGGCT	0	0	0.08568966388702393
GCAAAC CAAACA AAACAC AACACA ACACAT CACATC ACATCC CATCCT ATCCTT TCCTTC CCTTCT CTTCTT TTCTTC TCTTCA CTTCAC TTCACA TCACAA CACAAG ACAAGG CAAGGT AAGGTG AGGTGG GGTGGC GTGGCA TGGCAG GGCAGG GCAGGA CAGGAA AGGAAG GGAAGA GAAGAA AAGAAG AGAAGT GAAGTG AAGTGC AGTGCC GTGCCA TGCCAA GCCAAG CCAAGC CAAGCA AAGCAA AGCAAA GCAAAA CAAAAG AAAAGA AAAGAG AAGAGG AGAGGA GAGGAA AGGAAA GGAAAA GAAAAG AAAAGC AAAGCC AAGCCC AGCCCC GCCCCT CCCCTT CCCTTA CCTTAT CTTATA TTATAA TATAAA ATAAAA TAAAAC AAAACC AAACCA AACCAT ACCATC CCATCA CATCAG ATCAGA TCAGAT CAGATC AGATCT GATCTT ATCTTG TCTTGT CTTGTG TTGTGA TGTGAG GTGAGA TGAGAG GAGAGC AGAGCT GAGCTC AGCTCA GCTCAC CTCACT TCACTC CACTCA ACTCAC CTCACT TCACTA CACTAT ACTATC CTATCA TATCAT ATCATG TCATGA CATGAG ATGAGA TGAGAA GAGAAC AGAACA GAACAG AACAGC ACAGCA CAGCAT AGCATG GCATGG CATGGA ATGGAG TGGAGG GGAGGT GAGGTA AGGTAA GGTAAC GTAACC TAACCA AACCAC ACCACT CCACTC CACTCC ACTCCC CTCCCA TCCCAT CCCATT CCATTA CATTAT ATTATT TTATTC TATTCA ATTCAA TTCAAT TCAATT CAATTA AATTAC ATTACC TTACCT TACCTC ACCTCC CCTCCC CTCCCA TCCCAC CCCACT CCACTG CACTGG ACTGGG CTGGGT TGGGTC GGGTCC GGTCCC GTCCCT TCCCTC CCCTCC CCTCCC CTCCCA TCCCAC CCCACA CCACAA CACAAC ACAACA CAACAC AACACA ACACAT CACATG ACATGG CATGGG ATGGGG TGGGGA GGGGAT GGGATT GGATTA GATTAT ATTATG TTATGG TATGGG ATGGGA TGGGAA GGGAAC GGAACT GAACTA AACTAC ACTACA CTACAG TACAGT ACAGTT CAGTTC AGTTCA GTTCAA TTCAAG TCAAGG CAAGGT AAGGTG AGGTGA GGTGAG GTGAGA TGAGAT GAGATT AGATTT GATTTG ATTTGG TTTGGG TTGGGT TGGGTG GGGTGG GGTGGG GTGGGG TGGGGA GGGGAC GGGACA GGACAC GACACA ACACAG CACAGC ACAGCC CAGCCA AGCCAA GCCAAA CCAAAC CAAACC AAACCA AACCAT ACCATA CCATAT CATATC ATATCA TATCAT ATCATT TCATTC CATTCT ATTCTG TTCTGC TCTGCC CTGCCC TGCCCC GCCCCT CCCCTG CCCTGG CCTGGC CTGGCC TGGCCC GGCCCC GCCCCT CCCCTC CCCTCC CCTCCC CTCCCA TCCCAA CCCAAA CCAAAT CAAATC AAATCA AATCAC ATCACA TCACAG CACAGG ACAGGT CAGGTC AGGTCT GGTCTT GTCTTC TCTTCA CTTCAC TTCACA TCACAT CACATT ACATTT CATTTC ATTTCA TTTCAA TTCAAA TCAAAA CAAAAC AAAACA AAACAC AACACA ACACAA CACAAG ACAAGT CAAGTA AAGTAT AGTATG GTATGT TATGTG ATGTGT TGTGTG GTGTGT TGTGTC GTGTCC TGTCCA GTCCAA TCCAAT	0	0	0.08781640976667404
ATGGGG TGGGGG GGGGGT GGGGTT GGGTTG GGTTGG GTTGGG TTGGGA TGGGAG GGGAGA GGAGAG GAGAGC AGAGCA GAGCAG AGCAGA GCAGAG CAGAGG AGAGGG GAGGGA AGGGAC GGGACA GGACAT GACATC ACATCA CATCAT ATCATA TCATAA CATAAA ATAAAT TAAATG AAATGC AATGCC ATGCCA TGCCAA GCCAAC CCAACC CAACCA AACCAG ACCAGT CCAGTG CAGTGA AGTGAC GTGACC TGACCA GACCAT ACCATT CCATTT CATTTC ATTTCT TTTCTG TTCTGC TCTGCT CTGCTT TGCTTT GCTTTA CTTTAG TTTAGA TTAGAT TAGATA AGATAC GATACT ATACTT TACTTA ACTTAG CTTAGA TTAGAC TAGACT AGACTT GACTTT ACTTTA CTTTAT TTTATA TTATAA TATAAT ATAATT TAATTG AATTGT ATTGTA TTGTAT TGTATT GTATTA TATTAC ATTACA TTACAC TACACT ACACTA CACTAT ACTATT CTATTT TATTTT ATTTTA TTTTAA TTTAAA TTAAAT TAAATG AAATGA AATGAT ATGATC TGATCC GATCCC ATCCCA TCCCAG CCCAGG CCAGGG CAGGGC AGGGCC GGGCCA GGCCAG GCCAGG CCAGGG CAGGGA AGGGAG GGGAGA GGAGAA GAGAAG AGAAGA GAAGAG AAGAGG AGAGGT GAGGTT AGGTTG GGTTGA GTTGAT TTGATA TGATAG GATAGT ATAGTT TAGTTT AGTTTA GTTTAG TTTAGC TTAGCA TAGCAC AGCACC GCACCT CACCTA ACCTAA CCTAAG CTAAGA TAAGAC AAGACT AGACTA GACTAA ACTAAT CTAATT TAATTT AATTTT ATTTTT TTTTTA TTTTAA TTTAAA TTAAAT TAAATA AAATAA AATAAG ATAAGA TAAGAA AAGAAA AGAAAC GAAACC AAACCT AACCTA ACCTAT CCTATT CTATTT TATTTT ATTTTA TTTTAT TTTATA TTATAC TATACT ATACTG TACTGT ACTGTC CTGTCA TGTCAA GTCAAA TCAAAA CAAAAA AAAAAC AAAACA AAACAA AACAAA ACAAAA CAAAAC AAAACT AAACTG AACTGG ACTGGA CTGGAA TGGAAA GGAAAT GAAATA AAATAT AATATT ATATTT TATTTG ATTTGC TTTGCT TTGCTA TGCTAT GCTATT CTATTA TATTAA ATTAAG TTAAGC TAAGCT AAGCTA AGCTAT GCTATT CTATTA TATTAA ATTAAA TTAAAT TAAATG AAATGA AATGAT ATGATA TGATAT GATATG ATATGT TATGTG ATGTGT TGTGTA GTGTAT TGTATG GTATGT TATGTA ATGTAA TGTAAT GTAATA TAATAA AATAAT ATAATC TAATCA AATCAG ATCAGT TCAGTT CAGTTG AGTTGA GTTGAT TTGATT TGATTG GATTGT ATTGTC TTGTCT TGTCTG GTCTGC TCTGCG CTGCGT TGCGTT GCGTTG CGTTGT GTTGTC TTGTCT TGTCTA GTCTAG TCTAGT CTAGTT TAGTTT AGTTTT GTTTTG TTTTGA TTTGAG TTGAGA TGAGAT GAGATA AGATAC GATACT ATACTC TACTCT ACTCTC CTCTCC TCTCCC CTCCCT TCCCTT CCCTTA CCTTAG CTTAGT TTAGTA TAGTAA AGTAAG GTAAGT TAAGTC AAGTCA AGTCAG GTCAGT TCAGTC CAGTCT AGTCTC GTCTCT TCTCTC CTCTCC TCTCCC CTCCCT	0	0	0.04199979826807976
TGTGTG GTGTGT TGTGTG GTGTGT TGTGTT GTGTTT TGTTTC GTTTCT TTTCTG TTCTGT TCTGTG CTGTGT TGTGTG GTGTGT TGTGTG GTGTGT TGTGTT GTGTTT TGTTTG GTTTGT TTTGTG TTGTGT TGTGTA GTGTAT TGTATG GTATGG TATGGC ATGGCT TGGCTG GGCTGC GCTGCA CTGCAT TGCATG GCATGT CATGTC ATGTCT TGTCTG GTCTGT TCTGTG CTGTGT TGTGTA GTGTAT TGTATG GTATGG TATGGC ATGGCG TGGCGT GGCGTG GCGTGT CGTGTG GTGTGT TGTGTC GTGTCT TGTCTG GTCTGA TCTGAG CTGAGC TGAGCG GAGCGT AGCGTG GCGTGT CGTGTG GTGTGT TGTGTA GTGTAT TGTATT GTATTG TATTGG ATTGGT TTGGTG TGGTGT GGTGTG GTGTGC TGTGCA GTGCAT TGCATG GCATGG CATGGG ATGGGT TGGGTG GGGTGT GGTGTG GTGTGT TGTGTA GTGTAG TGTAGG GTAGGC TAGGCG AGGCGT GGCGTG GCGTGT CGTGTG GTGTGT TGTGTT GTGTTC TGTTCA GTTCAG TTCAGG TCAGGG CAGGGA AGGGAG GGGAGA GGAGAA GAGAAG AGAAGG GAAGGG AAGGGG AGGGGT GGGGTT GGGTTT GGTTTG GTTTGG TTTGGG TTGGGA TGGGAA GGGAAT GGAATG GAATGT AATGTA ATGTAA TGTAAG GTAAGG TAAGGC AAGGCA AGGCAC GGCACT GCACTT CACTTT ACTTTC CTTTCC TTTCCC TTCCCC TCCCCA CCCCAC CCCACT CCACTC CACTCC ACTCCT CTCCTT TCCTTC CCTTCA CTTCAG TTCAGA TCAGAA CAGAAA AGAAAC GAAACT AAACTC AACTCT ACTCTT CTCTTC TCTTCT CTTCTC TTCTCC TCTCCC CTCCCC TCCCCA CCCCAC CCCACA CCACAG CACAGA ACAGAC CAGACC AGACCC GACCCC ACCCCT CCCCTT CCCTTC CCTTCC CTTCCT TTCCTG TCCTGG CCTGGA CTGGAG TGGAGC GGAGCA GAGCAG AGCAGC GCAGCC CAGCCT AGCCTT GCCTTG CCTTGG CTTGGG TTGGGG TGGGGG GGGGGT GGGGTT GGGTTC GGTTCT GTTCTG TTCTGA TCTGAG CTGAGC TGAGCA GAGCAT AGCATC GCATCA CATCAA ATCAAG TCAAGG CAAGGT AAGGTA AGGTAG GGTAGG GTAGGG TAGGGA AGGGAG GGGAGA GGAGAA GAGAAT AGAATG GAATGC AATGCC ATGCCC TGCCCC GCCCCC CCCCCT CCCCTC CCCTCC CCTCCC CTCCCT TCCCTG CCCTGG CCTGGG CTGGGG TGGGGC GGGGCC GGGCCT GGCCTA GCCTAA CCTAAC CTAACC TAACCT AACCTC ACCTCT CCTCTT CTCTTC TCTTCC CTTCCC TTCCCC TCCCCC CCCCCA CCCCAC CCCACC CCACCT CACCTC ACCTCC CCTCCT CTCCTT TCCTTG CCTTGT CTTGTC TTGTCC TGTCCC GTCCCC TCCCCC CCCCCA CCCCAC CCCACT CCACTT CACTTT ACTTTT CTTTTC TTTTCT TTTCTG TTCTGG TCTGGG CTGGGA TGGGAC GGGACC GGACCC GACCCC ACCCCA CCCCAA CCCAAT CCAATT CAATTC AATTCC ATTCCC TTCCCT TCCCTC CCCTCC CCTCCC CTCCCA TCCCAG CCCAGC CCAGCC CAGCCT AGCCTG GCCTGG CCTGGC CTGGCT TGGCTT GGCTTT	0	0	0.047824472188949585
GGACCT GACCTC ACCTCT CCTCTG CTCTGG TCTGGT CTGGTA TGGTAG GGTAGA GTAGAA TAGAAT AGAATT GAATTC AATTCG ATTCGG TTCGGC TCGGCT CGGCTG GGCTGT GCTGTG CTGTGA TGTGAA GTGAAT TGAATC GAATCC AATCCA ATCCAT TCCATC CCATCT CATCTG ATCTGG TCTGGT CTGGTC TGGTCC GGTCCT GTCCTG TCCTGG CCTGGA CTGGAC TGGACT GGACTC GACTCT ACTCTT CTCTTT TCTTTT CTTTTT TTTTTG TTTTGG TTTGGT TTGGTT TGGTTG GGTTGG GTTGGT TTGGTA TGGTAA GGTAAG GTAAGC TAAGCT AAGCTA AGCTAT GCTATT CTATTG TATTGA ATTGAT TTGATT TGATTA GATTAT ATTATT TTATTG TATTGC ATTGCC TTGCCA TGCCAC GCCACA CCACAA CACAAT ACAATT CAATTT AATTTC ATTTCA TTTCAG TTCAGA TCAGAT CAGATC AGATCC GATCCT ATCCTG TCCTGT CCTGTT CTGTTA TGTTAT GTTATT TTATTG TATTGG ATTGGT TTGGTC TGGTCT GGTCTA GTCTAT TCTATG CTATGC TATGCA ATGCAG TGCAGA GCAGAG CAGAGA AGAGAT GAGATT AGATTC GATTCA ATTCAA TTCAAC TCAACT CAACTT AACTTC ACTTCT CTTCTT TTCTTC TCTTCC CTTCCT TTCCTG TCCTGG CCTGGT CTGGTT TGGTTT GGTTTA GTTTAG TTTAGT TTAGTC TAGTCT AGTCTT GTCTTG TCTTGG CTTGGG TTGGGA TGGGAG GGGAGG GGAGGG GAGGGT AGGGTG GGGTGT GGTGTA GTGTAC TGTACG GTACGT TACGTG ACGTGT CGTGTC GTGTCA TGTCAA GTCAAG TCAAGG CAAGGA AAGGAA AGGAAT GGAATT GAATTT AATTTA ATTTAT TTTATC TTATCC TATCCA ATCCAT TCCATT CCATTT CATTTC ATTTCC TTTCCT TTCCTC TCCTCT CCTCTA CTCTAG TCTAGA CTAGAT TAGATT AGATTT GATTTT ATTTTC TTTTCT TTTCTA TTCTAG TCTAGT CTAGTT TAGTTT AGTTTA GTTTAT TTTATT TTATTT TATTTG ATTTGC TTTGCG TTGCGT TGCGTA GCGTAG CGTAGA GTAGAG TAGAGG AGAGGT GAGGTG AGGTGT GGTGTT GTGTTT TGTTTG GTTTGT TTTGTA TTGTAG TGTAGT GTAGTA TAGTAT AGTATT GTATTC TATTCT ATTCTC TTCTCT TCTCTG CTCTGA TCTGAT CTGATG TGATGG GATGGT ATGGTA TGGTAG GGTAGT GTAGTT TAGTTT AGTTTG GTTTGT TTTGTA TTGTAT TGTATT GTATTT TATTTC ATTTCT TTTCTG TTCTGT TCTGTG CTGTGG TGTGGG GTGGGA TGGGAT GGGATC GGATCA GATCAG ATCAGT TCAGTG CAGTGG AGTGGT GTGGTC TGGTCA GGTCAT GTCATA TCATAT CATATC ATATCC TATCCC ATCCCC TCCCCT CCCCTT CCCTTT CCTTTA CTTTAT TTTATC TTATCA TATCAT ATCATT TCATTT CATTTT ATTTTT TTTTTT TTTTTA TTTTAT TTTATT TTATTG TATTGT ATTGTG TTGTGT TGTGTC GTGTCT TGTCTA GTCTAT TCTATT CTATTT TATTTG ATTTGA TTTGAT TTGATT TGATTC GATTCT ATTCTT TTCTTC TCTTCT CTTCTC TTCTCT TCTCTC CTCTCT	0	0	0.023400908336043358
CCACAC CACACC ACACCC CACCCA ACCCAG CCCAGC CCAGCT CAGCTA AGCTAA GCTAAT CTAATT TAATTT AATTTT ATTTTT TTTTTT TTTTTG TTTTGT TTTGTA TTGTAA TGTAAT GTAATT TAATTT AATTTT ATTTTT TTTTTG TTTTGT TTTGTA TTGTAG TGTAGA GTAGAG TAGAGA AGAGAT GAGATG AGATGG GATGGG ATGGGA TGGGAT GGGATT GGATTT GATTTT ATTTTG TTTTGC TTTGCC TTGCCG TGCCGT GCCGTG CCGTGT CGTGTT GTGTTG TGTTGC GTTGCC TTGCCC TGCCCA GCCCAG CCCAGG CCAGGT CAGGTT AGGTTT GGTTTG GTTTGT TTTGTC TTGTCC TGTCCT GTCCTG TCCTGA CCTGAA CTGAAC TGAACT GAACTC AACTCC ACTCCT CTCCTG TCCTGG CCTGGA CTGGAC TGGACT GGACTC GACTCA ACTCAA CTCAAG TCAAGT CAAGTG AAGTGA AGTGAT GTGATC TGATCC GATCCT ATCCTC TCCTCC CCTCCT CTCCTG TCCTGC CCTGCC CTGCCT TGCCTT GCCTTG CCTTGG CTTGGC TTGGCC TGGCCT GGCCTC GCCTCC CCTCCC CTCCCG TCCCGA CCCGAA CCGAAG CGAAGT GAAGTG AAGTGT AGTGTT GTGTTG TGTTGG GTTGGG TTGGGA TGGGAT GGGATT GGATTA GATTAC ATTACA TTACAG TACAGG ACAGGC CAGGCG AGGCGT GGCGTG GCGTGA CGTGAG GTGAGC TGAGCC GAGCCA AGCCAC GCCACC CCACCA CACCAT ACCATG CCATGC CATGCC ATGCCC TGCCCG GCCCGA CCCGAC CCGACC CGACCA GACCAG ACCAGC CCAGCA CAGCAA AGCAAA GCAAAA CAAAAA AAAAAC AAAACA AAACAC AACACA ACACAT CACATT ACATTT CATTTT ATTTTT TTTTTG TTTTGA TTTGAA TTGAAA TGAAAA GAAAAA AAAAAC AAAACT AAACTT AACTTC ACTTCA CTTCAA TTCAAT TCAATT CAATTT AATTTA ATTTAC TTTACC TTACCT TACCTT ACCTTT CCTTTA CTTTAA TTTAAT TTAATT TAATTC AATTCA ATTCAC TTCACT TCACTC CACTCA ACTCAT CTCATT TCATTT CATTTC ATTTCC TTTCCT TTCCTG TCCTGA CCTGAA CTGAAT TGAATG GAATGC AATGCT ATGCTT TGCTTT GCTTTA CTTTAT TTTATC TTATCA TATCAT ATCATT TCATTA CATTAA ATTAAT TTAATT TAATTT AATTTT ATTTTT TTTTTA TTTTAT TTTATT TTATTA TATTAA ATTAAT TTAATA TAATAA AATAAT ATAATT TAATTT AATTTC ATTTCT TTTCTA TTCTAC TCTACA CTACAT TACATT ACATTC CATTCT ATTCTT TTCTTT TCTTTG CTTTGA TTTGAC TTGACA TGACAA GACAAA ACAAAA CAAAAT AAAATT AAATTG AATTGT ATTGTA TTGTAT TGTATT GTATTT TATTTG ATTTGG TTTGGT TTGGTA TGGTAC GGTACA GTACAT TACATT ACATTT CATTTT ATTTTA TTTTAT TTTATT TTATTT TATTTT ATTTTT TTTTTC TTTTCC TTTCCT TTCCTT TCCTTC CCTTCT CTTCTA TTCTAT TCTATG CTATGG TATGGA ATGGAA TGGAAA GGAAAG GAAAGG AAAGGC AAGGCA AGGCAA GGCAAG GCAAGT CAAGTG AAGTGT AGTGTG	0	0	0.03229799494147301
CTTTTC TTTTCT TTTCTA TTCTAT TCTATT CTATTC TATTCA ATTCAT TTCATT TCATTA CATTAA ATTAAA TTAAAA TAAAAA AAAAAA AAAAAT AAAATA AAATAT AATATG ATATGG TATGGT ATGGTG TGGTGA GGTGAA GTGAAA TGAAAA GAAAAA AAAAAC AAAACA AAACAA AACAAG ACAAGC CAAGCT AAGCTC AGCTCT GCTCTT CTCTTC TCTTCT CTTCTG TTCTGT TCTGTT CTGTTG TGTTGA GTTGAA TTGAAG TGAAGA GAAGAC AAGACT AGACTG GACTGG ACTGGC CTGGCA TGGCAT GGCATG GCATGG CATGGG ATGGGG TGGGGA GGGGAA GGGAAG GGAAGG GAAGGT AAGGTA AGGTAT GGTATA GTATAA TATAAA ATAAAG TAAAGC AAAGCA AAGCAA AGCAAA GCAAAA CAAAAA AAAAAG AAAAGT AAAGTT AAGTTG AGTTGA GTTGAT TTGATT TGATTT GATTTC ATTTCA TTTCAG TTCAGT TCAGTA CAGTAA AGTAAT GTAATT TAATTA AATTAA ATTAAT TTAATT TAATTA AATTAC ATTACA TTACAT TACATG ACATGT CATGTG ATGTGC TGTGCC GTGCCA TGCCAG GCCAGA CCAGAC CAGACC AGACCG GACCGT ACCGTG CCGTGT CGTGTA GTGTAA TGTAAT GTAATT TAATTC AATTCA ATTCAT TTCATG TCATGT CATGTA ATGTAT TGTATT GTATTT TATTTA ATTTAC TTTACC TTACCT TACCTA ACCTAT CCTATA CTATAT TATATT ATATTA TATTAT ATTATT TTATTG TATTGC ATTGCT TTGCTT TGCTTA GCTTAT CTTATA TTATAA TATAAT ATAATC TAATCC AATCCT ATCCTT TCCTTG CCTTGC CTTGCA TTGCAA TGCAAC GCAACA CAACAG AACAGC ACAGCT CAGCTC AGCTCA GCTCAT CTCATC TCATCG CATCGA ATCGAT TCGATA CGATAT GATATA ATATAA TATAAA ATAAAC TAAACA AAACAT AACATT ACATTA CATTAT ATTATA TTATAT TATATC ATATCT TATCTC ATCTCC TCTCCT CTCCTT TCCTTT CCTTTG CTTTGT TTTGTA TTGTAA TGTAAA GTAAAG TAAAGG AAAGGT AAGGTA AGGTAT GGTATG GTATGG TATGGA ATGGAA TGGAAA GGAAAC GAAACT AAACTA AACTAA ACTAAC CTAACA TAACAA AACAAA ACAAAG CAAAGT AAAGTT AAGTTT AGTTTA GTTTAA TTTAAA TTAAAT TAAATT AAATTA AATTAC ATTACT TTACTT TACTTA ACTTAA CTTAAG TTAAGC TAAGCT AAGCTA AGCTAG GCTAGA CTAGAT TAGATA AGATAA GATAAT ATAATC TAATCA AATCAG ATCAGT TCAGTT CAGTTA AGTTAT GTTATC TTATCT TATCTG ATCTGT TCTGTC CTGTCT TGTCTC GTCTCT TCTCTG CTCTGA TCTGAA CTGAAT TGAATG GAATGA AATGAC ATGACT TGACTA GACTAT ACTATC CTATCA TATCAC ATCACA TCACAA CACAAA ACAAAA CAAAAG AAAAGT AAAGTT AAGTTA AGTTAG GTTAGT TTAGTG TAGTGG AGTGGC GTGGCT TGGCTT GGCTTA GCTTAA CTTAAA TTAAAA TAAAAC AAAACA AAACAA AACAAC ACAACT CAACTA AACTAT ACTATT CTATTT TATTTT ATTTTC TTTTCC TTTCCT TTCCTC	0	0	0.07035721838474274
TTGACA TGACAC GACACC ACACCA CACCAG ACCAGC CCAGCC CAGCCT AGCCTG GCCTGG CCTGGG CTGGGC TGGGCA GGGCAG GGCAGC GCAGCA CAGCAT AGCATA GCATAG CATAGT ATAGTG TAGTGA AGTGAG GTGAGA TGAGAA GAGAAC AGAACT GAACTT AACTTA ACTTAT CTTATC TTATCT TATCTC ATCTCT TCTCTG CTCTGC TCTGCT CTGCTC TGCTCA GCTCAA CTCAAA TCAAAA CAAAAA AAAAAA AAAAAA AAAAAA AAAAAA AAAAAA AAAAAA AAAAAA AAAAAA AAAAAA AAAAAA AAAAAA AAAAAA AAAAAA AAAAAA AAAAAA AAAAAA AAAAAA AAAAAA AAAAAA AAAAAT AAAATT AAATTA AATTAG ATTAGC TTAGCC TAGCCA AGCCAG GCCAGA CCAGAT CAGATG AGATGT GATGTA ATGTAA TGTAAT GTAATG TAATGG AATGGT ATGGTG TGGTGT GGTGTG GTGTGT TGTGTG GTGTGC TGTGCC GTGCCT TGCCTG GCCTGT CCTGTA CTGTAG TGTAGT GTAGTC TAGTCC AGTCCC GTCCCA TCCCAG CCCAGC CCAGCT CAGCTA AGCTAC GCTACT CTACTC TACTCA ACTCAG CTCAGG TCAGGA CAGGAG AGGAGG GGAGGA GAGGAT AGGATG GGATGA GATGAA ATGAAG TGAAGC GAAGCA AAGCAA AGCAAG GCAAGC CAAGCA AAGCAG AGCAGA GCAGAT CAGATT AGATTG GATTGC ATTGCT TTGCTT TGCTTG GCTTGT CTTGTA TTGTAC TGTACC GTACCC TACCCT ACCCTG CCCTGG CCTGGA CTGGAG TGGAGT GGAGTT GAGTTC AGTTCA GTTCAA TTCAAA TCAAAT CAAATT AAATTT AATTTG ATTTGT TTTGTA TTGTAG TGTAGT GTAGTG TAGTGA AGTGAG GTGAGC TGAGCT GAGCTA AGCTAT GCTATG CTATGA TATGAT ATGATC TGATCA GATCAT ATCATG TCATGC CATGCC ATGCCG TGCCGC GCCGCT CCGCTG CGCTGT GCTGTA CTGTAT TGTATT GTATTC TATTCC ATTCCA TTCCAG TCCAGC CCAGCC CAGCCT AGCCTG GCCTGG CCTGGG CTGGGC TGGGCA GGGCAA GGCAAC GCAACA CAACAG AACAGA ACAGAG CAGAGT AGAGTG GAGTGA AGTGAG GTGAGA TGAGAC GAGACC AGACCC GACCCT ACCCTG CCCTGT CCTGTC CTGTCT TGTCTC GTCTCA TCTCAA CTCAAA TCAAAA CAAAAA AAAAAG AAAAGA AAAGAT AAGATT AGATTA GATTAT ATTATA TTATAA TATAAT ATAATT TAATTT AATTTT ATTTTC TTTTCT TTTCTC TTCTCT TCTCTT CTCTTT TCTTTG CTTTGT TTTGTT TTGTTC TGTTCT GTTCTA TTCTAA TCTAAA CTAAAT TAAATA AAATAA AATAAA ATAAAT TAAATT AAATTC AATTCA ATTCAA TTCAAT TCAATT CAATTC AATTCA ATTCAC TTCACT TCACTT CACTTT ACTTTA CTTTAT TTTATG TTATGT TATGTA ATGTAA TGTAAA GTAAAT TAAATA AAATAG AATAGT ATAGTA TAGTAT AGTATA GTATAT TATATC ATATCA TATCAT ATCATA TCATAG CATAGA ATAGAT TAGATA AGATAG GATAGG ATAGGT TAGGTA AGGTAG GGTAGA GTAGAA TAGAAT AGAATT GAATTG AATTGG ATTGGT TTGGTG	0	0	0.08621443808078766
GAGAAA AGAAAC GAAACT AAACTT AACTTA ACTTAG CTTAGG TTAGGA TAGGAC AGGACT GGACTC GACTCT ACTCTT CTCTTC TCTTCC CTTCCA TTCCAA TCCAAG CCAAGT CAAGTA AAGTAT AGTATT GTATTC TATTCA ATTCAG TTCAGA TCAGAA CAGAAA AGAAAT GAAATT AAATTC AATTCC ATTCCT TTCCTT TCCTTG CCTTGA CTTGAG TTGAGG TGAGGA GAGGAT AGGATA GGATAT GATATG ATATGT TATGTG ATGTGG TGTGGG GTGGGT TGGGTG GGGTGT GGTGTG GTGTGT TGTGTT GTGTTT TGTTTC GTTTCT TTTCTG TTCTGC TCTGCC CTGCCT TGCCTA GCCTAT CCTATA CTATAT TATATA ATATAT TATATG ATATGT TATGTG ATGTGC TGTGCC GTGCCA TGCCAT GCCATA CCATAG CATAGT ATAGTC TAGTCA AGTCAC GTCACA TCACAG CACAGA ACAGAT CAGATG AGATGG GATGGA ATGGAT TGGATG GGATGC GATGCT ATGCTG TGCTGC GCTGCT CTGCTC TGCTCT GCTCTA CTCTAG TCTAGA CTAGAC TAGACC AGACCC GACCCC ACCCCA CCCCAC CCCACC CCACCC CACCCT ACCCTT CCCTTA CCTTAA CTTAAT TTAATG TAATGC AATGCT ATGCTT TGCTTT GCTTTG CTTTGG TTTGGA TTGGAA TGGAAC GGAACA GAACAG AACAGA ACAGAC CAGACC AGACCT GACCTT ACCTTT CCTTTC CTTTCT TTTCTT TTCTTT TCTTTT CTTTTC TTTTCC TTTCCC TTCCCC TCCCCA CCCCAT CCCATG CCATGA CATGAA ATGAAT TGAATA GAATAA AATAAG ATAAGA TAAGAA AAGAAG AGAAGA GAAGAG AAGAGT AGAGTT GAGTTT AGTTTA GTTTAC TTTACT TTACTT TACTTG ACTTGG CTTGGG TTGGGA TGGGAT GGGATC GGATCC GATCCC ATCCCA TCCCAG CCCAGA CCAGAG CAGAGG AGAGGG GAGGGA AGGGAG GGGAGA GGAGAT GAGATG AGATGT GATGTT ATGTTT TGTTTC GTTTCC TTTCCC TTCCCA TCCCAT CCCATC CCATCA CATCAT ATCATC TCATCA CATCAG ATCAGT TCAGTA CAGTAA AGTAAC GTAACA TAACAT AACATC ACATCT CATCTG ATCTGG TCTGGG CTGGGG TGGGGA GGGGAA GGGAAC GGAACA GAACAT AACATC ACATCT CATCTG ATCTGG TCTGGT CTGGTG TGGTGA GGTGAG GTGAGT TGAGTC GAGTCC AGTCCA GTCCAT TCCATC CCATCC CATCCC ATCCCA TCCCAG CCCAGG CCAGGA CAGGAC AGGACG GGACGG GACGGG ACGGGG CGGGGA GGGGAG GGGAGA GGAGAT GAGATG AGATGC GATGCT ATGCTT TGCTTT GCTTTT CTTTTC TTTTCT TTTCTG TTCTGG TCTGGA CTGGAG TGGAGA GGAGAA GAGAAC AGAACA GAACAC AACACA ACACAC CACACG ACACGT CACGTC ACGTCA CGTCAC GTCACT TCACTT CACTTG ACTTGA CTTGAT TTGATT TGATTC GATTCT ATTCTT TTCTTC TCTTCT CTTCTT TTCTTA TCTTAT CTTATT TTATTC TATTCT ATTCTC TTCTCC TCTCCT CTCCTG TCCTGT CCTGTA CTGTAT TGTATT GTATTT TATTTT ATTTTC TTTTCC TTTCCT TTCCTT TCCTTT CCTTTG	0	0	0.027225764468312263
TGTCGC GTCGCC TCGCCC CGCCCA GCCCAG CCCAGG CCAGGC CAGGCT AGGCTA GGCTAG GCTAGA CTAGAG TAGAGT AGAGTG GAGTGC AGTGCA GTGCAG TGCAGT GCAGTG CAGTGG AGTGGC GTGGCG TGGCGC GGCGCA GCGCAA CGCAAT GCAATC CAATCT AATCTC ATCTCA TCTCAG CTCAGC TCAGCT CAGCTC AGCTCA GCTCAC CTCACT TCACTG CACTGT ACTGTC CTGTCA TGTCAT GTCATC TCATCT CATCTC ATCTCT TCTCTG CTCTGC TCTGCC CTGCCT TGCCTC GCCTCC CCTCCT CTCCTG TCCTGG CCTGGG CTGGGT TGGGTT GGGTTC GGTTCA GTTCAC TTCACG TCACGT CACGTC ACGTCA CGTCAT GTCATT TCATTC CATTCT ATTCTC TTCTCC TCTCCT CTCCTG TCCTGC CCTGCC CTGCCT TGCCTC GCCTCA CCTCAG CTCAGA TCAGAG CAGAGA AGAGAC GAGACA AGACAG GACAGG ACAGGG CAGGGT AGGGTT GGGTTT GGTTTC GTTTCA TTTCAC TTCACT TCACTG CACTGT ACTGTG CTGTGT TGTGTT GTGTTA TGTTAG GTTAGC TTAGCC TAGCCA AGCCAG GCCAGG CCAGGA CAGGAT AGGATG GGATGG GATGGT ATGGTC TGGTCT GGTCTC GTCTCG TCTCGA CTCGAT TCGATC CGATCT GATCTC ATCTCC TCTCCT CTCCTG TCCTGA CCTGAC CTGACC TGACCT GACCTC ACCTCG CCTCGT CTCGTG TCGTGA CGTGAT GTGATC TGATCC GATCCT ATCCTC TCCTCC CCTCCC CTCCCG TCCCGC CCCGCC CCGCCT CGCCTC GCCTCG CCTCGG CTCGGC TCGGCC CGGCCT GGCCTC GCCTCC CCTCCC CTCCCA TCCCAA CCCAAA CCAAAG CAAAGT AAAGTG AAGTGC AGTGCT GTGCTG TGCTGC GCTGCG CTGCGA TGCGAT GCGATT CGATTA GATTAC ATTACA TTACAG TACAGG ACAGGC CAGGCG AGGCGT GGCGTG GCGTGA CGTGAG GTGAGC TGAGCC GAGCCA AGCCAC GCCACT CCACTG CACTGC ACTGCG CTGCGC TGCGCC GCGCCC CGCCCG GCCCGG CCCGGC CCGGCC CGGCCA GGCCAT GCCATG CCATGC CATGCC ATGCCT TGCCTG GCCTGA CCTGAC CTGACT TGACTA GACTAA ACTAAT CTAATT TAATTT AATTTT ATTTTT TTTTTT TTTTTA TTTTAA TTTAAA TTAAAA TAAAAA AAAAAT AAAATA AAATAT AATATT ATATTT TATTTT ATTTTT TTTTTC TTTTCA TTTCAT TTCATA TCATAG CATAGA ATAGAG TAGAGA AGAGAT GAGATG AGATGG GATGGA ATGGAC TGGACT GGACTC GACTCT ACTCTT CTCTTG TCTTGC CTTGCT TTGCTG TGCTGT GCTGTG CTGTGT TGTGTT GTGTTG TGTTGC GTTGCC TTGCCC TGCCCA GCCCAG CCCAGG CCAGGT CAGGTT AGGTTG GGTTGT GTTGTT TTGTTC TGTTCT GTTCTC TTCTCG TCTCGA CTCGAA TCGAAC CGAACT GAACTC AACTCC ACTCCA CTCCAG TCCAGG CCAGGG CAGGGC AGGGCT GGGCTC GGCTCA GCTCAA CTCAAG TCAAGT CAAGTG AAGTGA AGTGAT GTGATC TGATCC GATCCT ATCCTC TCCTCC CCTCCT CTCCTG TCCTGC CCTGCC CTGCCT TGCCTC GCCTCA	0	0	0.0876019299030304
TTGAAA TGAAAA GAAAAT AAAATC AAATCT AATCTT ATCTTT TCTTTG CTTTGT TTTGTC TTGTCA TGTCAA GTCAAC TCAACC CAACCA AACCAT ACCATG CCATGG CATGGA ATGGAG TGGAGT GGAGTT GAGTTC AGTTCT GTTCTT TTCTTG TCTTGT CTTGTG TTGTGA TGTGAG GTGAGA TGAGAA GAGAAT AGAATT GAATTG AATTGT ATTGTG TTGTGA TGTGAT GTGATT TGATTA GATTAG ATTAGC TTAGCC TAGCCT AGCCTG GCCTGG CCTGGG CTGGGC TGGGCT GGGCTC GGCTCA GCTCAG CTCAGA TCAGAG CAGAGT AGAGTA GAGTAT AGTATC GTATCC TATCCT ATCCTC TCCTCT CCTCTA CTCTAA TCTAAT CTAATG TAATGC AATGCT ATGCTG TGCTGA GCTGAG CTGAGA TGAGAT GAGATG AGATGG GATGGC ATGGCT TGGCTA GGCTAT GCTATA CTATAG TATAGC ATAGCA TAGCAG AGCAGT GCAGTC CAGTCA AGTCAC GTCACA TCACAG CACAGG ACAGGC CAGGCT AGGCTC GGCTCA GCTCAA CTCAAG TCAAGG CAAGGA AAGGAA AGGAAC GGAACT GAACTC AACTCA ACTCAT CTCATC TCATCA CATCAA ATCAAT TCAATC CAATCT AATCTG ATCTGC TCTGCT CTGCTT TGCTTT GCTTTG CTTTGA TTTGAG TTGAGT TGAGTC GAGTCC AGTCCC GTCCCT TCCCTG CCCTGG CCTGGA CTGGAA TGGAAG GGAAGA GAAGAC AAGACC AGACCC GACCCT ACCCTC CCCTCT CCTCTG CTCTGA TCTGAA CTGAAG TGAAGA GAAGAA AAGAAA AGAAAA GAAAAA AAAAAT AAAATA AAATAG AATAGG ATAGGC TAGGCA AGGCAC GGCACA GCACAA CACAAA ACAAAC CAAACA AAACAA AACAAA ACAAAG CAAAGC AAAGCC AAGCCA AGCCAG GCCAGA CCAGAC CAGACT AGACTG GACTGT ACTGTG CTGTGA TGTGAT GTGATG TGATGA GATGAC ATGACT TGACTA GACTAA ACTAAA CTAAAC TAAACA AAACAC AACACC ACACCT CACCTA ACCTAA CCTAAT CTAATC TAATCC AATCCT ATCCTT TCCTTT CCTTTA CTTTAA TTTAAT TTAATG TAATGC AATGCG ATGCGT TGCGTA GCGTAG CGTAGA GTAGAC TAGACT AGACTT GACTTC ACTTCA CTTCAT TTCATT TCATTG CATTGC ATTGCA TTGCAT TGCATG GCATGG CATGGC ATGGCC TGGCCA GGCCAC GCCACA CCACAA CACAAG ACAAGC CAAGCA AAGCAT AGCATC GCATCA CATCAA ATCAAG TCAAGA CAAGAA AAGAAC AGAACA GAACAT AACATA ACATAC CATACA ATACAA TACAAG ACAAGG CAAGGA AAGGAA AGGAAA GGAAAT GAAATA AAATAT AATATG ATATGA TATGAC ATGACC TGACCA GACCAC ACCACC CCACCA CACCAA ACCAAA CCAAAC CAAACA AAACAA AACAAA ACAAAA CAAAAT AAAATA AAATAA AATAAG ATAAGG TAAGGT AAGGTG AGGTGG GGTGGC GTGGCA TGGCAG GGCAGA GCAGAG CAGAGA AGAGAG GAGAGC AGAGCA GAGCAA AGCAAC GCAACT CAACTC AACTCT ACTCTA CTCTAA TCTAAA CTAAAG TAAAGT AAAGTG AAGTGA AGTGAT GTGATG TGATGG GATGGA	0	0	0.0694989338517189
TGATAT GATATT ATATTT TATTTG ATTTGA TTTGAG TTGAGG TGAGGC GAGGCT AGGCTG GGCTGT GCTGTG CTGTGA TGTGAA GTGAAA TGAAAT GAAATT AAATTG AATTGG ATTGGA TTGGAG TGGAGG GGAGGA GAGGAG AGGAGA GGAGAA GAGAAT AGAATC GAATCC AATCCC ATCCCC TCCCCC CCCCCA CCCCAC CCCACT CCACTC CACTCC ACTCCA CTCCAA TCCAAC CCAACA CAACAC AACACA ACACAC CACACA ACACAC CACACA ACACAC CACACA ACACAC CACACA ACACAC CACACA ACACAC CACACA ACACAC CACACA ACACAC CACACA ACACAC CACACA ACACAC CACACA ACACAC CACACA ACACAC CACACA ACACAC CACACA ACACAC CACACA ACACAC CACACA ACACAC CACACA ACACAC CACACA ACACAC CACACA ACACAC CACACA ACACAC CACACA ACACAC CACACA ACACAC CACACA ACACAC CACACA ACACAC CACACA ACACAC CACACA ACACAC CACACA ACACAC CACACA ACACAA CACAAG ACAAGC CAAGCA AAGCAA AGCAAA GCAAAT CAAATG AAATGT AATGTC ATGTCG TGTCGA GTCGAT TCGATA CGATAG GATAGA ATAGAG TAGAGA AGAGAA GAGAAC AGAACA GAACAG AACAGA ACAGAA CAGAAG AGAAGG GAAGGG AAGGGG AGGGGT GGGGTA GGGTAT GGTATG GTATGA TATGAA ATGAAA TGAAAA GAAAAA AAAAAT AAAATG AAATGG AATGGA ATGGAG TGGAGC GGAGCC GAGCCC AGCCCT GCCCTG CCCTGG CCTGGG CTGGGA TGGGAT GGGATT GGATTC GATTCT ATTCTC TTCTCT TCTCTA CTCTAA TCTAAC CTAACA TAACAC AACACT ACACTT CACTTG ACTTGG CTTGGT TTGGTA TGGTAG GGTAGT GTAGTA TAGTAA AGTAAA GTAAAA TAAAAG AAAAGG AAAGGG AAGGGA AGGGAT GGGATA GGATAG GATAGG ATAGGA TAGGAG AGGAGG GGAGGA GAGGAA AGGAAA GGAAAA GAAAAA AAAAAG AAAAGC AAAGCA AAGCAA AGCAAA GCAAAG CAAAGA AAAGAG AAGAGA AGAGAC GAGACT AGACTA GACTAA ACTAAG CTAAGA TAAGAA AAGAAG AGAAGG GAAGGA AAGGAG AGGAGT GGAGTA GAGTAG AGTAGA GTAGAA TAGAAA AGAAAG GAAAGG AAAGGG AAGGGG AGGGGA GGGGAA GGGAAG GGAAGA GAAGAA AAGAAA AGAAAA GAAAAA AAAAAA AAAAAA AAAAAA AAAAAA AAAAAA AAAAAT AAAATG AAATGT AATGTG ATGTGT TGTGTG GTGTGC TGTGCG GTGCGG TGCGGT GCGGTG CGGTGT GGTGTC GTGTCC TGTCCT GTCCTG TCCTGA CCTGAA CTGAAA TGAAAG GAAAGC AAAGCC AAGCCA AGCCAA GCCAAA CCAAAG CAAAGG AAAGGA AAGGAA AGGAAG GGAAGA GAAGAA AAGAAA AGAAAA GAAAAA AAAAAC AAAACA AAACAT AACATT ACATTG CATTGC ATTGCA TTGCAA TGCAAG GCAAGA CAAGAA AAGAAG AGAAGG GAAGGC AAGGCA AGGCAT GGCATG GCATGA CATGAC ATGACA TGACAG GACAGT ACAGTT CAGTTG AGTTGC GTTGCG TTGCGT TGCGTT GCGTTT CGTTTA GTTTAA	0	0	0.034703005105257034
GTCATT TCATTG CATTGT ATTGTT TTGTTA TGTTAA GTTAAA TTAAAA TAAAAT AAAATT AAATTA AATTAA ATTAAT TTAATA TAATAT AATATG ATATGT TATGTG ATGTGT TGTGTA GTGTAA TGTAAA GTAAAT TAAATT AAATTG AATTGT ATTGTT TTGTTA TGTTAG GTTAGA TTAGAA TAGAAT AGAATA GAATAA AATAAT ATAATA TAATAT AATATC ATATCT TATCTG ATCTGA TCTGAC CTGACA TGACAC GACACA ACACAT CACATA ACATAG CATAGT ATAGTA TAGTAA AGTAAT GTAATC TAATCT AATCTT ATCTTA TCTTAT CTTATG TTATGT TATGTA ATGTAT TGTATT GTATTT TATTTA ATTTAT TTTATT TTATTA TATTAT ATTATT TTATTT TATTTT ATTTTT TTTTTA TTTTAT TTTATA TTATAA TATAAA ATAAAA TAAAAT AAAATT AAATTC AATTCA ATTCAC TTCACT TCACTG CACTGT ACTGTG CTGTGC TGTGCT GTGCTA TGCTAA GCTAAG CTAAGT TAAGTA AAGTAA AGTAAA GTAAAA TAAAAT AAAATA AAATAA AATAAG ATAAGG TAAGGC AAGGCA AGGCAG GGCAGA GCAGAA CAGAAA AGAAAC GAAACT AAACTG AACTGA ACTGAA CTGAAA TGAAAT GAAATA AAATAT AATATG ATATGT TATGTG ATGTGG TGTGGA GTGGAA TGGAAT GGAATC GAATCT AATCTA ATCTAA TCTAAA CTAAAA TAAAAA AAAAAA AAAAAG AAAAGT AAAGTC AAGTCA AGTCAC GTCACA TCACAC CACACT ACACTA CACTAA ACTAAT CTAATA TAATAC AATACT ATACTC TACTCA ACTCAT CTCATA TCATAC CATACA ATACAA TACAAA ACAAAA CAAAAG AAAAGT AAAGTC AAGTCA AGTCAC GTCACA TCACAT CACATT ACATTC CATTCA ATTCAC TTCACA TCACAC CACACT ACACTC CACTCC ACTCCA CTCCAC TCCACC CCACCC CACCCT ACCCTA CCCTAC CCTACC CTACCA TACCAC ACCACA CCACAA CACAAA ACAAAT CAAATA AAATAT AATATA ATATAG TATAGG ATAGGG TAGGGT AGGGTA GGGTAG GGTAGA GTAGAA TAGAAT AGAATG GAATGG AATGGT ATGGTG TGGTGG GGTGGT GTGGTT TGGTTA GGTTAC GTTACC TTACCA TACCAG ACCAGG CCAGGG CAGGGA AGGGAC GGGACT GGACTG GACTGG ACTGGG CTGGGG TGGGGG GGGGGG GGGGGT GGGGTT GGGTTG GGTTGG GTTGGA TTGGAG TGGAGA GGAGAC GAGACA AGACAT GACATG ACATGT CATGTG ATGTGG TGTGGT GTGGTT TGGTTC GGTTCT GTTCTT TTCTTG TCTTGG CTTGGT TTGGTC TGGTCC GGTCCA GTCCAA TCCAAG CCAAGA CAAGAG AAGAGT AGAGTA GAGTAT AGTATA GTATAA TATAAA ATAAAA TAAAAT AAAATT AAATTT AATTTC ATTTCA TTTCAG TTCAGT TCAGTT CAGTTA AGTTAT GTTATA TTATAA TATAAG ATAAGA TAAGAT AAGATG AGATGA GATGAA ATGAAT TGAATA GAATAA AATAAG ATAAGT TAAGTT AAGTTC AGTTCA GTTCAG TTCAGG TCAGGA CAGGAG AGGAGA GGAGAC GAGACC AGACCT GACCTA ACCTAA CCTAAT CTAATG TAATGT	0	0	0.09024816751480103
CTCCAA TCCAAA CCAAAA CAAAAG AAAAGA AAAGAT AAGATA AGATAA GATAAG ATAAGT TAAGTC AAGTCA AGTCAG GTCAGC TCAGCT CAGCTC AGCTCA GCTCAA CTCAAC TCAACT CAACTT AACTTC ACTTCT CTTCTC TTCTCC TCTCCA CTCCAA TCCAAT CCAATG CAATGG AATGGT ATGGTG TGGTGG GGTGGA GTGGAG TGGAGC GGAGCC GAGCCA AGCCAG GCCAGG CCAGGA CAGGAT AGGATA GGATAA GATAAG ATAAGC TAAGCA AAGCAA AGCAAA GCAAAA CAAAAG AAAAGC AAAGCT AAGCTG AGCTGT GCTGTT CTGTTA TGTTAC GTTACT TTACTC TACTCA ACTCAG CTCAGA TCAGAC CAGACC AGACCT GACCTT ACCTTC CCTTCC CTTCCT TTCCTA TCCTAC CCTACC CTACCA TACCAT ACCATC CCATCG CATCGA ATCGAT TCGATA CGATAT GATATG ATATGA TATGAG ATGAGA TGAGAT GAGATA AGATAC GATACC ATACCC TACCCA ACCCAA CCCAAC CCAACT CAACTA AACTAA ACTAAG CTAAGG TAAGGA AAGGAG AGGAGT GGAGTT GAGTTT AGTTTA GTTTAT TTTATT TTATTC TATTCT ATTCTA TTCTAC TCTACA CTACAT TACATG ACATGT CATGTG ATGTGT TGTGTC GTGTCA TGTCAT GTCATA TCATAA CATAAT ATAATA TAATAA AATAAA ATAAAT TAAATC AAATCC AATCCT ATCCTT TCCTTC CCTTCA CTTCAA TTCAAG TCAAGT CAAGTA AAGTAG AGTAGA GTAGAC TAGACA AGACAC GACACA ACACAT CACATT ACATTA CATTAA ATTAAT TTAATC TAATCA AATCAA ATCAAC TCAACC CAACCA AACCAA ACCAAA CCAAAC CAAACT AAACTT AACTTC ACTTCA CTTCAA TTCAAA TCAAAA CAAAAC AAAACT AAACTT AACTTA ACTTAA CTTAAG TTAAGG TAAGGA AAGGAA AGGAAT GGAATT GAATTG AATTGT ATTGTA TTGTAG TGTAGT GTAGTA TAGTAT AGTATC GTATCT TATCTC ATCTCT TCTCTG CTCTGA TCTGAC CTGACA TGACAG GACAGG ACAGGG CAGGGA AGGGAA GGGAAG GGAAGT GAAGTC AAGTCA AGTCAG GTCAGA TCAGAG CAGAGT AGAGTA GAGTAA AGTAAT GTAATG TAATGA AATGAT ATGATC TGATCT GATCTC ATCTCA TCTCAA CTCAAA TCAAAC CAAACA AAACAA AACAAG ACAAGT CAAGTA AAGTAT AGTATA GTATAA TATAAG ATAAGA TAAGAG AAGAGA AGAGAT GAGATG AGATGA GATGAA ATGAAG TGAAGG GAAGGC AAGGCA AGGCAG GGCAGG GCAGGC CAGGCA AGGCAT GGCATG GCATGC CATGCC ATGCCC TGCCCC GCCCCA CCCCAT CCCATA CCATAA CATAAA ATAAAC TAAACT AAACTA AACTAC ACTACA CTACAC TACACA ACACAG CACAGG ACAGGA CAGGAA AGGAAA GGAAAA GAAAAC AAAACT AAACTA AACTAG ACTAGG CTAGGG TAGGGT AGGGTT GGGTTA GGTTAC GTTACA TTACAG TACAGA ACAGAA CAGAAG AGAAGA GAAGAA AAGAAG AGAAGA GAAGAT AAGATT AGATTT GATTTC ATTTCA TTTCAT TTCATG TCATGA CATGAT ATGATA TGATAC GATACA ATACAT	0	0	0.07645358890295029
CTACAG TACAGA ACAGAT CAGATT AGATTC GATTCA ATTCAA TTCAAG TCAAGT CAAGTT AAGTTG AGTTGC GTTGCT TTGCTT TGCTTT GCTTTG CTTTGC TTTGCT TTGCTG TGCTGA GCTGAA CTGAAA TGAAAA GAAAAT AAAATA AAATAT AATATA ATATAG TATAGC ATAGCT TAGCTT AGCTTA GCTTAA CTTAAA TTAAAT TAAATA AAATAA AATAAT ATAATT TAATTT AATTTG ATTTGT TTTGTA TTGTAA TGTAAG GTAAGA TAAGAT AAGATT AGATTT GATTTA ATTTAC TTTACC TTACCT TACCTA ACCTAC CCTACT CTACTA TACTAC ACTACT CTACTT TACTTA ACTTAA CTTAAA TTAAAT TAAATC AAATCC AATCCT ATCCTT TCCTTC CCTTCA CTTCAT TTCATT TCATTT CATTTA ATTTAT TTTATA TTATAT TATATT ATATTC TATTCT ATTCTG TTCTGA TCTGAT CTGATT TGATTT GATTTT ATTTTG TTTTGC TTTGCT TTGCTC TGCTCA GCTCAT CTCATT TCATTA CATTAA ATTAAA TTAAAA TAAAAT AAAATT AAATTT AATTTG ATTTGC TTTGCA TTGCAA TGCAAT GCAATA CAATAT AATATG ATATGA TATGAT ATGATT TGATTG GATTGT ATTGTA TTGTAT TGTATT GTATTT TATTTT ATTTTA TTTTAT TTTATA TTATAT TATATG ATATGC TATGCA ATGCAA TGCAAA GCAAAG CAAAGC AAAGCC AAGCCA AGCCAT GCCATA CCATAC CATACT ATACTA TACTAT ACTATT CTATTT TATTTC ATTTCT TTTCTT TTCTTG TCTTGG CTTGGT TTGGTA TGGTAG GGTAGA GTAGAT TAGATC AGATCC GATCCA ATCCAT TCCATT CCATTT CATTTA ATTTAT TTTATT TTATTC TATTCC ATTCCC TTCCCT TCCCTT CCCTTA CCTTAC CTTACC TTACCT TACCTT ACCTTA CCTTAG CTTAGA TTAGAT TAGATT AGATTT GATTTT ATTTTT TTTTTG TTTTGA TTTGAA TTGAAG TGAAGA GAAGAT AAGATG AGATGC GATGCA ATGCAA TGCAAA GCAAAA CAAAAG AAAAGT AAAGTA AAGTAT AGTATC GTATCA TATCAC ATCACG TCACGA CACGAC ACGACT CGACTT GACTTC ACTTCC CTTCCT TTCCTG TCCTGT CCTGTC CTGTCC TGTCCA GTCCAA TCCAAA CCAAAA CAAAAG AAAAGG AAAGGA AAGGAA AGGAAA GGAAAT GAAATG AAATGA AATGAG ATGAGG TGAGGC GAGGCA AGGCAC GGCACT GCACTG CACTGT ACTGTT CTGTTG TGTTGA GTTGAT TTGATG TGATGC GATGCC ATGCCA TGCCAA GCCAAT CCAATG CAATGC AATGCA ATGCAG TGCAGC GCAGCA CAGCAT AGCATT GCATTT CATTTA ATTTAT TTTATA TTATAC TATACT ATACTT TACTTA ACTTAA CTTAAT TTAATG TAATGT AATGTA ATGTAG TGTAGA GTAGAG TAGAGA AGAGAA GAGAAA AGAAAG GAAAGC AAAGCA AAGCAC AGCACT GCACTC CACTCC ACTCCA CTCCAT TCCATT CCATTA CATTAT ATTATA TTATAG TATAGT ATAGTG TAGTGT AGTGTA GTGTAC TGTACT GTACTT TACTTC ACTTCA CTTCAG TTCAGA TCAGAA CAGAAA AGAAAT GAAATT AAATTC AATTCA	0	0	0.05160459131002426
TGATCA GATCAG ATCAGC TCAGCT CAGCTG AGCTGA GCTGAC CTGACT TGACTT GACTTT ACTTTT CTTTTG TTTTGG TTTGGA TTGGAT TGGATG GGATGT GATGTG ATGTGT TGTGTG GTGTGG TGTGGG GTGGGT TGGGTC GGGTCT GGTCTT GTCTTA TCTTAG CTTAGG TTAGGA TAGGAT AGGATG GGATGC GATGCT ATGCTG TGCTGG GCTGGG CTGGGA TGGGAC GGGACT GGACTG GACTGC ACTGCA CTGCAT TGCATT GCATTC CATTCA ATTCAG TTCAGG TCAGGT CAGGTG AGGTGA GGTGAT GTGATG TGATGA GATGAT ATGATG TGATGT GATGTC ATGTCA TGTCAA GTCAAT TCAATC CAATCA AATCAG ATCAGG TCAGGC CAGGCT AGGCTG GGCTGC GCTGCT CTGCTG TGCTGG GCTGGA CTGGAC TGGACA GGACAC GACACA ACACAC CACACA ACACAC CACACG ACACGT CACGTG ACGTGA CGTGAG GTGAGG TGAGGC GAGGCT AGGCTC GGCTCA GCTCAG CTCAGG TCAGGA CAGGAG AGGAGA GGAGAG GAGAGG AGAGGG GAGGGA AGGGAT GGGATT GGATTC GATTCA ATTCAG TTCAGG TCAGGT CAGGTT AGGTTA GGTTAC GTTACA TTACAC TACACA ACACAC CACACA ACACAC CACACA ACACAG CACAGA ACAGAC CAGACT AGACTA GACTAC ACTACG CTACGA TACGAA ACGAAG CGAAGC GAAGCA AAGCAT AGCATT GCATTT CATTTG ATTTGT TTTGTC TTGTCT TGTCTG GTCTGC TCTGCA CTGCAC TGCACA GCACAC CACACA ACACAA CACAAG ACAAGT CAAGTG AAGTGA AGTGAC GTGACA TGACAG GACAGG ACAGGT CAGGTG AGGTGA GGTGAA GTGAAG TGAAGC GAAGCC AAGCCA AGCCAC GCCACA CCACAG CACAGA ACAGAA CAGAAG AGAAGG GAAGGT AAGGTG AGGTGA GGTGAG GTGAGA TGAGAG GAGAGG AGAGGG GAGGGC AGGGCA GGGCAG GGCAGA GCAGAG CAGAGA AGAGAG GAGAGA AGAGAG GAGAGA AGAGAA GAGAAG AGAAGT GAAGTT AAGTTT AGTTTG GTTTGG TTTGGA TTGGAA TGGAAA GGAAAC GAAACA AAACAA AACAAA ACAAAA CAAAAC AAAACT AAACTG AACTGT ACTGTG CTGTGG TGTGGG GTGGGA TGGGAA GGGAAG GGAAGA GAAGAC AAGACC AGACCC GACCCA ACCCAT CCCATC CCATCT CATCTC ATCTCT TCTCTA CTCTAA TCTAAG CTAAGG TAAGGG AAGGGT AGGGTT GGGTTT GGTTTG GTTTGG TTTGGA TTGGAG TGGAGG GGAGGA GAGGAG AGGAGC GGAGCC GAGCCA AGCCAG GCCAGT CCAGTG CAGTGA AGTGAA GTGAAG TGAAGG GAAGGA AAGGAG AGGAGA GGAGAG GAGAGA AGAGAA GAGAAA AGAAAC GAAACA AAACAG AACAGG ACAGGA CAGGAG AGGAGA GGAGAG GAGAGT AGAGTT GAGTTT AGTTTA GTTTAC TTTACA TTACAT TACATA ACATAT CATATG ATATGC TATGCT ATGCTA TGCTAG GCTAGG CTAGGG TAGGGA AGGGAA GGGAAG GGAAGA GAAGAG AAGAGC AGAGCA GAGCAA AGCAAA GCAAAG CAAAGG AAAGGA AAGGAA AGGAAG GGAAGT GAAGTG AAGTGT AGTGTC GTGTCA	0	0	0.0738748237490654
ACAGGC CAGGCA AGGCAC GGCACG GCACGA CACGAG ACGAGC CGAGCC GAGCCA AGCCAC GCCACC CCACCG CACCGC ACCGCG CCGCGC CGCGCC GCGCCC CGCCCG GCCCGG CCCGGC CCGGCC CGGCCT GGCCTT GCCTTT CCTTTT CTTTTT TTTTTC TTTTCT TTTCTT TTCTTT TCTTTT CTTTTC TTTTCT TTTCTT TTCTTT TCTTTT CTTTTC TTTTCT TTTCTT TTCTTT TCTTTC CTTTCT TTTCTT TTCTTT TCTTTC CTTTCT TTTCTT TTCTTT TCTTTT CTTTTT TTTTTT TTTTTT TTTTTT TTTTTT TTTTTT TTTTTT TTTTTT TTTTTT TTTTTT TTTTTT TTTTTT TTTTTT TTTTTT TTTTTG TTTTGA TTTGAG TTGAGA TGAGAC GAGACG AGACGA GACGAA ACGAAG CGAAGT GAAGTC AAGTCT AGTCTC GTCTCG TCTCGC CTCGCT TCGCTC CGCTCT GCTCTT CTCTTG TCTTGT CTTGTC TTGTCC TGTCCC GTCCCC TCCCCC CCCCCA CCCCAG CCCAGG CCAGGC CAGGCT AGGCTG GGCTGG GCTGGA CTGGAA TGGAAT GGAATG GAATGC AATGCA ATGCAA TGCAAT GCAATG CAATGG AATGGC ATGGCG TGGCGC GGCGCA GCGCAG CGCAGT GCAGTC CAGTCT AGTCTC GTCTCG TCTCGG CTCGGC TCGGCT CGGCTC GGCTCA GCTCAC CTCACT TCACTG CACTGC ACTGCA CTGCAA TGCAAC GCAACC CAACCT AACCTC ACCTCT CCTCTG CTCTGC TCTGCC CTGCCT TGCCTC GCCTCC CCTCCT CTCCTA TCCTAG CCTAGG CTAGGT TAGGTT AGGTTC GGTTCA GTTCAA TTCAAG TCAAGC CAAGCG AAGCGA AGCGAT GCGATT CGATTC GATTCT ATTCTC TTCTCC TCTCCT CTCCTG TCCTGC CCTGCC CTGCCT TGCCTC GCCTCA CCTCAG CTCAGC TCAGCC CAGCCT AGCCTC GCCTCC CCTCCT CTCCTG TCCTGA CCTGAG CTGAGT TGAGTA GAGTAG AGTAGT GTAGTT TAGTTG AGTTGG GTTGGA TTGGAA TGGAAT GGAATT GAATTA AATTAC ATTACA TTACAG TACAGG ACAGGC CAGGCA AGGCAC GGCACC GCACCT CACCTG ACCTGC CCTGCC CTGCCA TGCCAC GCCACC CCACCA CACCAC ACCACG CCACGC CACGCC ACGCCC CGCCCA GCCCAG CCCAGC CCAGCT CAGCTA AGCTAA GCTAAT CTAATT TAATTT AATTTT ATTTTT TTTTTG TTTTGT TTTGTA TTGTAT TGTATT GTATTT TATTTT ATTTTT TTTTTA TTTTAG TTTAGT TTAGTA TAGTAG AGTAGA GTAGAG TAGAGA AGAGAC GAGACG AGACGG GACGGG ACGGGG CGGGGT GGGGTT GGGTTT GGTTTC GTTTCA TTTCAC TTCACC TCACCA CACCAT ACCATG CCATGT CATGTT ATGTTG TGTTGG GTTGGC TTGGCC TGGCCA GGCCAG GCCAGG CCAGGC CAGGCT AGGCTG GGCTGG GCTGGT CTGGTC TGGTCT GGTCTC GTCTCG TCTCGA CTCGAA TCGAAC CGAACT GAACTC AACTCC ACTCCT CTCCTG TCCTGA CCTGAC CTGACC TGACCT GACCTC ACCTCA CCTCAG CTCAGG TCAGGT CAGGTG AGGTGA GGTGAT GTGATC TGATCC GATCCA ATCCAC TCCACC CCACCT CACCTG ACCTGC	0	0	0.039871908724308014
CACAGT ACAGTT CAGTTG AGTTGT GTTGTT TTGTTG TGTTGT GTTGTA TTGTAG TGTAGT GTAGTT TAGTTT AGTTTT GTTTTG TTTTGA TTTGAA TTGAAA TGAAAT GAAATC AAATCT AATCTG ATCTGA TCTGAT CTGATA TGATAA GATAAG ATAAGA TAAGAC AAGACA AGACAG GACAGA ACAGAG CAGAGT AGAGTA GAGTAG AGTAGT GTAGTC TAGTCA AGTCAC GTCACG TCACGT CACGTC ACGTCG CGTCGC GTCGCA TCGCAG CGCAGG GCAGGA CAGGAA AGGAAC GGAACC GAACCC AACCCT ACCCTT CCCTTG CCTTGG CTTGGC TTGGCA TGGCAG GGCAGG GCAGGA CAGGAA AGGAAG GGAAGT GAAGTA AAGTAC AGTACA GTACAG TACAGA ACAGAT CAGATC AGATCT GATCTA ATCTAG TCTAGG CTAGGT TAGGTT AGGTTC GGTTCT GTTCTA TTCTAG TCTAGC CTAGCC TAGCCA AGCCAG GCCAGG CCAGGA CAGGAT AGGATG GGATGC GATGCC ATGCCT TGCCTC GCCTCC CCTCCA CTCCAA TCCAAA CCAAAT CAAATT AAATTG AATTGA ATTGAG TTGAGG TGAGGG GAGGGC AGGGCT GGGCTT GGCTTT GCTTTG CTTTGG TTTGGG TTGGGC TGGGCC GGGCCA GGCCAG GCCAGT CCAGTT CAGTTA AGTTAT GTTATT TTATTT TATTTC ATTTCC TTTCCC TTCCCT TCCCTT CCCTTC CCTTCT CTTCTC TTCTCA TCTCAG CTCAGG TCAGGG CAGGGT AGGGTC GGGTCT GGTCTC GTCTCA TCTCAC CTCACC TCACCT CACCTT ACCTTT CCTTTT CTTTTC TTTTCC TTTCCT TTCCTC TCCTCG CCTCGT CTCGTT TCGTTT CGTTTG GTTTGT TTTGTA TTGTAA TGTAAA GTAAAT TAAATT AAATTG AATTGG ATTGGT TTGGTT TGGTTG GGTTGG GTTGGA TTGGAT TGGATT GGATTG GATTGA ATTGAT TTGATG TGATGG GATGGC ATGGCA TGGCAT GGCATT GCATTG CATTGG ATTGGA TTGGAG TGGAGT GGAGTT GAGTTC AGTTCC GTTCCC TTCCCC TCCCCT CCCCTC CCCTCC CCTCCA CTCCAG TCCAGC CCAGCT CAGCTA AGCTAT GCTATG CTATGA TATGAT ATGATA TGATAT GATATT ATATTT TATTTT ATTTTA TTTTAT TTTATG TTATGA TATGAT ATGATT TGATTT GATTTA ATTTAT TTTATT TTATTT TATTTG ATTTGC TTTGCA TTGCAT TGCATA GCATAT CATATT ATATTT TATTTC ATTTCT TTTCTT TTCTTA TCTTAT CTTATT TTATTA TATTAA ATTAAA TTAAAT TAAATA AAATAG AATAGA ATAGAA TAGAAA AGAAAA GAAAAA AAAAAT AAAATG AAATGA AATGAA ATGAAG TGAAGA GAAGAC AAGACT AGACTG GACTGA ACTGAG CTGAGA TGAGAA GAGAAA AGAAAA GAAAAA AAAAAA AAAAAA AAAAAA AAAAAT AAAATC AAATCA AATCAT ATCATG TCATGT CATGTC ATGTCA TGTCAT GTCATA TCATAG CATAGT ATAGTT TAGTTC AGTTCA GTTCAG TTCAGA TCAGAC CAGACT AGACTG GACTGC ACTGCT CTGCTC TGCTCT GCTCTA CTCTAA TCTAAG CTAAGA TAAGAT AAGATA AGATAT GATATT ATATTT TATTTT ATTTTT TTTTTA	0	0	0.10908228158950806
AGTATA GTATAA TATAAT ATAATA TAATAA AATAAT ATAATA TAATAA AATAAC ATAACA TAACAA AACAAA ACAAAA CAAAAT AAAATA AAATAA AATAAA ATAAAA TAAAAA AAAAAA AAAAAA AAAAAA AAAAAA AAAAAG AAAAGA AAAGAA AAGAAA AGAAAA GAAAAA AAAAAG AAAAGG AAAGGG AAGGGA AGGGAA GGGAAT GGAATA GAATAT AATATC ATATCT TATCTT ATCTTC TCTTCA CTTCAC TTCACA TCACAT CACATA ACATAA CATAAA ATAAAA TAAAAA AAAAAC AAAACT AAACTA AACTAG ACTAGA CTAGAC TAGACA AGACAG GACAGA ACAGAA CAGAAG AGAAGC GAAGCT AAGCTT AGCTTT GCTTTC CTTTCT TTTCTG TTCTGA TCTGAG CTGAGA TGAGAA GAGAAA AGAAAC GAAACT AAACTT AACTTC ACTTCT CTTCTT TTCTTT TCTTTG CTTTGT TTTGTG TTGTGA TGTGAT GTGATG TGATGT GATGTA ATGTAT TGTATG GTATGC TATGCA ATGCAT TGCATT GCATTC CATTCA ATTCAT TTCATC TCATCT CATCTC ATCTCA TCTCAC CTCACA TCACAG CACAGA ACAGAG CAGAGT AGAGTT GAGTTG AGTTGA GTTGAA TTGAAC TGAACC GAACCT AACCTT ACCTTT CCTTTC CTTTCT TTTCTT TTCTTT TCTTTT CTTTTG TTTTGA TTTGAT TTGATT TGATTG GATTGA ATTGAG TTGAGC TGAGCA GAGCAG AGCAGT GCAGTT CAGTTT AGTTTG GTTTGT TTTGTA TTGTAG TGTAGA GTAGAC TAGACA AGACAG GACAGT ACAGTA CAGTAT AGTATT GTATTT TATTTT ATTTTT TTTTTG TTTTGT TTTGTA TTGTAT TGTATT GTATTA TATTAT ATTATC TTATCT TATCTC ATCTCC TCTCCA CTCCAA TCCAAA CCAAAG CAAAGG AAAGGG AAGGGA AGGGAT GGGATA GGATAT GATATT ATATTT TATTTC ATTTCT TTTCTG TTCTGA TCTGAG CTGAGT TGAGTG GAGTGG AGTGGT GTGGTT TGGTTT GGTTTG GTTTGA TTTGAG TTGAGG TGAGGC GAGGCC AGGCCT GGCCTA GCCTAT CCTATG CTATGG TATGGT ATGGTG TGGTGA GGTGAA GTGAAA TGAAAA GAAAAA AAAAAC AAAACG AAACGA AACGAA ACGAAA CGAAAT GAAATA AAATAC AATACC ATACCC TACCCT ACCCTC CCCTCA CCTCAT CTCATA TCATAT CATATT ATATTA TATTAA ATTAAA TTAAAA TAAAAC AAAACT AAACTA AACTAG ACTAGA CTAGAT TAGATG AGATGG GATGGA ATGGAA TGGAAG GGAAGC GAAGCA AAGCAC AGCACT GCACTC CACTCT ACTCTG CTCTGA TCTGAG CTGAGA TGAGAA GAGAAA AGAAAC GAAACT AAACTT AACTTT ACTTTT CTTTTC TTTTCT TTTCTC TTCTCA TCTCAG CTCAGA TCAGAT CAGATG AGATGT GATGTG ATGTGT TGTGTG GTGTGA TGTGAA GTGAAT TGAATT GAATTC AATTCA ATTCAT TTCATC TCATCT CATCTC ATCTCA TCTCAC CTCACA TCACAG CACAGA ACAGAG CAGAGT AGAGTT GAGTTG AGTTGA GTTGAA TTGAAC TGAACA GAACAT AACATT ACATTT CATTTC ATTTCT TTTCTT TTCTTT TCTTTT CTTTTG TTTTGA	0	0	0.020786620676517487
GTCTCG TCTCGG CTCGGA TCGGAC CGGACA GGACAG GACAGC ACAGCC CAGCCA AGCCAG GCCAGC CCAGCT CAGCTC AGCTCT GCTCTG CTCTGC TCTGCA CTGCAG TGCAGG GCAGGT CAGGTC AGGTCC GGTCCC GTCCCC TCCCCA CCCCAG CCCAGC CCAGCG CAGCGT AGCGTG GCGTGG CGTGGG GTGGGA TGGGAT GGGATG GGATGG GATGGA ATGGAA TGGAAC GGAACT GAACTG AACTGG ACTGGG CTGGGT TGGGTG GGGTGG GGTGGG GTGGGC TGGGCC GGGCCA GGCCAC GCCACC CCACCT CACCTA ACCTAC CCTACC CTACCC TACCCT ACCCTG CCCTGC CCTGCC CTGCCT TGCCTG GCCTGC CCTGCC CTGCCC TGCCCA GCCCAC CCCACA CCACAT CACATC ACATCC CATCCC ATCCCT TCCCTG CCCTGC CCTGCC CTGCCT TGCCTC GCCTCC CCTCCT CTCCTG TCCTGG CCTGGA CTGGAA TGGAAT GGAATC GAATCC AATCCT ATCCTG TCCTGG CCTGGA CTGGAC TGGACC GGACCC GACCCT ACCCTG CCCTGA CCTGAG CTGAGA TGAGAA GAGAAA AGAAAC GAAACA AAACAG AACAGG ACAGGG CAGGGG AGGGGG GGGGGA GGGGAT GGGATG GGATGT GATGTG ATGTGG TGTGGT GTGGTG TGGTGG GGTGGG GTGGGG TGGGGA GGGGAA GGGAAC GGAACA GAACAG AACAGG ACAGGC CAGGCA AGGCAA GGCAAG GCAAGT CAAGTC AAGTCT AGTCTT GTCTTG TCTTGT CTTGTG TTGTGC TGTGCA GTGCAG TGCAGA GCAGAA CAGAAA AGAAAG GAAAGC AAAGCC AAGCCA AGCCAA GCCAAG CCAAGA CAAGAT AAGATG AGATGC GATGCC ATGCCA TGCCAC GCCACC CCACCC CACCCA ACCCAA CCCAAA CCAAAT CAAATA AAATAC AATACA ATACAC TACACT ACACTC CACTCT ACTCTG CTCTGC TCTGCA CTGCAG TGCAGT GCAGTC CAGTCT AGTCTA GTCTAG TCTAGG CTAGGT TAGGTG AGGTGG GGTGGG GTGGGT TGGGTG GGGTGA GGTGAT GTGATA TGATAT GATATT ATATTC TATTCT ATTCTG TTCTGG TCTGGT CTGGTC TGGTCT GGTCTG GTCTGC TCTGCA CTGCAC TGCACC GCACCA CACCAC ACCACA CCACAC CACACC ACACCA CACCAG ACCAGT CCAGTG CAGTGC AGTGCA GTGCAT TGCATG GCATGA CATGAG ATGAGG TGAGGG GAGGGA AGGGAA GGGAAT GGAATG GAATGG AATGGA ATGGAG TGGAGG GGAGGA GAGGAT AGGATG GGATGG GATGGA ATGGAG TGGAGT GGAGTC GAGTCT AGTCTA GTCTAG TCTAGA CTAGAC TAGACA AGACAA GACAAG ACAAGC CAAGCT AAGCTA AGCTAA GCTAAA CTAAAT TAAATG AAATGT AATGTA ATGTAA TGTAAA GTAAAA TAAAAA AAAAAG AAAAGA AAAGAT AAGATA AGATAT GATATT ATATTG TATTGC ATTGCC TTGCCC TGCCCA GCCCAA CCCAAG CCAAGT CAAGTA AAGTAT AGTATT GTATTT TATTTT ATTTTG TTTTGT TTTGTG TTGTGC TGTGCT GTGCTT TGCTTT GCTTTG CTTTGT TTTGTC TTGTCT TGTCTG GTCTGT TCTGTG CTGTGT TGTGTT GTGTTA TGTTAC GTTACA TTACAA	0	0	0.08863110095262527
TTCTAA TCTAAC CTAACT TAACTT AACTTT ACTTTA CTTTAC TTTACT TTACTT TACTTG ACTTGA CTTGAT TTGATA TGATAA GATAAT ATAATT TAATTA AATTAG ATTAGG TTAGGG TAGGGT AGGGTG GGGTGA GGTGAC GTGACC TGACCA GACCAT ACCATC CCATCT CATCTG ATCTGT TCTGTA CTGTAT TGTATT GTATTA TATTAG ATTAGC TTAGCT TAGCTA AGCTAA GCTAAT CTAATT TAATTT AATTTT ATTTTC TTTTCT TTTCTA TTCTAG TCTAGA CTAGAG TAGAGA AGAGAA GAGAAA AGAAAA GAAAAA AAAAAC AAAACA AAACAA AACAAA ACAAAT CAAATT AAATTT AATTTC ATTTCA TTTCAT TTCATA TCATAT CATATC ATATCA TATCAT ATCATG TCATGG CATGGT ATGGTG TGGTGA GGTGAC GTGACA TGACAG GACAGG ACAGGA CAGGAT AGGATT GGATTG GATTGC ATTGCT TTGCTA TGCTAT GCTATA CTATAA TATAAA ATAAAG TAAAGA AAAGAT AAGATA AGATAG GATAGT ATAGTA TAGTAG AGTAGT GTAGTT TAGTTT AGTTTT GTTTTT TTTTTC TTTTCA TTTCAA TTCAAC TCAACA CAACAT AACATG ACATGG CATGGA ATGGAG TGGAGG GGAGGC GAGGCA AGGCAC GGCACC GCACCC CACCCA ACCCAT CCCATC CCATCA CATCAA ATCAAA TCAAAG CAAAGT AAAGTT AAGTTA AGTTAG GTTAGG TTAGGC TAGGCA AGGCAT GGCATT GCATTC CATTCC ATTCCC TTCCCG TCCCGT CCCGTG CCGTGT CGTGTT GTGTTG TGTTGT GTTGTG TTGTGT TGTGTG GTGTGT TGTGTG GTGTGA TGTGAG GTGAGG TGAGGT GAGGTG AGGTGG GGTGGC GTGGCC TGGCCC GGCCCT GCCCTC CCCTCA CCTCAG CTCAGC TCAGCA CAGCAT AGCATC GCATCC CATCCA ATCCAT TCCATT CCATTC CATTCT ATTCTT TTCTTC TCTTCC CTTCCT TTCCTT TCCTTT CCTTTA CTTTAA TTTAAC TTAACT TAACTA AACTAA ACTAAC CTAACC TAACCG AACCGA ACCGAG CCGAGT CGAGTG GAGTGA AGTGAA GTGAAC TGAACA GAACAT AACATT ACATTG CATTGA ATTGAT TTGATA TGATAA GATAAC ATAACT TAACTT AACTTG ACTTGC CTTGCC TTGCCT TGCCTT GCCTTT CCTTTC CTTTCC TTTCCA TTCCAG TCCAGG CCAGGC CAGGCA AGGCAC GGCACC GCACCT CACCTT ACCTTG CCTTGA CTTGAT TTGATA TGATAC GATACA ATACAG TACAGA ACAGAG CAGAGA AGAGAA GAGAAC AGAACG GAACGG AACGGT ACGGTC CGGTCT GGTCTA GTCTAA TCTAAT CTAATA TAATAG AATAGC ATAGCA TAGCAG AGCAGA GCAGAC CAGACT AGACTC GACTCC ACTCCT CTCCTT TCCTTA CCTTAT CTTATA TTATAG TATAGA ATAGAC TAGACA AGACAC GACACT ACACTA CACTAG ACTAGA CTAGAA TAGAAA AGAAAT GAAATG AAATGA AATGAT ATGATA TGATAA GATAAA ATAAAA TAAAAT AAAATT AAATTC AATTCT ATTCTG TTCTGA TCTGAT CTGATC TGATCA GATCAA ATCAAT TCAATA CAATAT AATATA ATATAA TATAAA ATAAAT TAAATT	0	0	0.10841316729784012
GAGCCC AGCCCA GCCCAG CCCAGG CCAGGA CAGGAG AGGAGT GGAGTG GAGTGC AGTGCG GTGCGA TGCGAG GCGAGA CGAGAC GAGACC AGACCA GACCAG ACCAGC CCAGCC CAGCCT AGCCTG GCCTGG CCTGGG CTGGGC TGGGCA GGGCAA GGCAAC GCAACA CAACAA AACAAA ACAAAG CAAAGG AAAGGA AAGGAA AGGAAG GGAAGA GAAGAC AAGACT AGACTC GACTCC ACTCCA CTCCAT TCCATC CCATCT CATCTG ATCTGC TCTGCA CTGCAC TGCACC GCACCA CACCAA ACCAAA CCAAAA CAAAAT AAAATA AAATAA AATAAT ATAATA TAATAA AATAAT ATAATA TAATAA AATAAT ATAATT TAATTT AATTTT ATTTTT TTTTTT TTTTTT TTTTTA TTTTAA TTTAAA TTAAAC TAAACA AAACAA AACAAA ACAAAG CAAAGA AAAGAA AAGAAA AGAAAA GAAAAA AAAAAG AAAAGA AAAGAG AAGAGG AGAGGC GAGGCA AGGCAC GGCACA GCACAC CACACT ACACTA CACTAA ACTAAT CTAATG TAATGT AATGTT ATGTTA TGTTAA GTTAAT TTAATC TAATCA AATCAG ATCAGC TCAGCG CAGCGA AGCGAG GCGAGC CGAGCC GAGCCC AGCCCA GCCCAA CCCAAC CCAACT CAACTT AACTTG ACTTGG CTTGGC TTGGCG TGGCGC GGCGCT GCGCTA CGCTAG GCTAGT CTAGTT TAGTTC AGTTCC GTTCCT TTCCTT TCCTTG CCTTGG CTTGGG TTGGGA TGGGAA GGGAAG GGAAGG GAAGGG AAGGGC AGGGCT GGGCTC GGCTCA GCTCAC CTCACT TCACTG CACTGG ACTGGG CTGGGG TGGGGA GGGGAA GGGAAG GGAAGG GAAGGT AAGGTC AGGTCA GGTCAC GTCACC TCACCG CACCGG ACCGGT CCGGTT CGGTTG GGTTGA GTTGAG TTGAGG TGAGGA GAGGAA AGGAAC GGAACC GAACCA AACCAA ACCAAG CCAAGT CAAGTT AAGTTA AGTTAC GTTACA TTACAG TACAGC ACAGCT CAGCTC AGCTCC GCTCCC CTCCCA TCCCAT CCCATG CCATGA CATGAC ATGACT TGACTT GACTTG ACTTGG CTTGGG TTGGGG TGGGGT GGGGTT GGGTTT GGTTTC GTTTCA TTTCAG TTCAGG TCAGGG CAGGGC AGGGCA GGGCAA GGCAAT GCAATC CAATCT AATCTA ATCTAA TCTAAC CTAACT TAACTC AACTCC ACTCCT CTCCTC TCCTCA CCTCAG CTCAGT TCAGTT CAGTTA AGTTAC GTTACC TTACCC TACCCA ACCCAC CCCACC CCACCA CACCAG ACCAGC CCAGCT CAGCTC AGCTCT GCTCTA CTCTAC TCTACG CTACGC TACGCC ACGCCG CGCCGT GCCGTG CCGTGT CGTGTC GTGTCC TGTCCA GTCCAG TCCAGA CCAGAC CAGACC AGACCT GACCTC ACCTCT CCTCTG CTCTGC TCTGCA CTGCAG TGCAGG GCAGGT CAGGTT AGGTTG GGTTGC GTTGCG TTGCGA TGCGAT GCGATA CGATAA GATAAA ATAAAG TAAAGA AAAGAG AAGAGC AGAGCT GAGCTG AGCTGA GCTGAA CTGAAG TGAAGA GAAGAG AAGAGC AGAGCA GAGCAC AGCACT GCACTA CACTAT ACTATG CTATGA TATGAC ATGACT TGACTT GACTTT ACTTTG CTTTGC TTTGCT TTGCTG TGCTGC	0	0	0.09036269783973694
TATTAG ATTAGA TTAGAA TAGAAG AGAAGC GAAGCT AAGCTA AGCTAA GCTAAA CTAAAA TAAAAT AAAATT AAATTT AATTTC ATTTCA TTTCAT TTCATT TCATTG CATTGA ATTGAA TTGAAA TGAAAA GAAAAT AAAATA AAATAA AATAAA ATAAAT TAAATA AAATAA AATAAA ATAAAA TAAAAT AAAATT AAATTT AATTTG ATTTGC TTTGCT TTGCTT TGCTTT GCTTTT CTTTTT TTTTTT TTTTTT TTTTTT TTTTTT TTTTTA TTTTAA TTTAAT TTAATT TAATTA AATTAG ATTAGG TTAGGA TAGGAG AGGAGA GGAGAA GAGAAA AGAAAA GAAAAT AAAATG AAATGC AATGCT ATGCTT TGCTTG GCTTGG CTTGGT TTGGTA TGGTAG GGTAGT GTAGTC TAGTCA AGTCAC GTCACT TCACTT CACTTT ACTTTT CTTTTA TTTTAT TTTATG TTATGT TATGTG ATGTGT TGTGTA GTGTAT TGTATT GTATTA TATTAA ATTAAG TTAAGG TAAGGT AAGGTT AGGTTG GGTTGA GTTGAA TTGAAG TGAAGT GAAGTC AAGTCT AGTCTG GTCTGG TCTGGA CTGGAA TGGAAT GGAATT GAATTG AATTGA ATTGAC TTGACT TGACTG GACTGA ACTGAT CTGATA TGATAC GATACT ATACTA TACTAA ACTAAT CTAATA TAATAT AATATT ATATTC TATTCA ATTCAT TTCATC TCATCA CATCAT ATCATC TCATCT CATCTA ATCTAC TCTACC CTACCC TACCCT ACCCTT CCCTTT CCTTTA CTTTAC TTTACA TTACAT TACATT ACATTA CATTAG ATTAGT TTAGTT TAGTTA AGTTAA GTTAAA TTAAAA TAAAAT AAAATG AAATGG AATGGA ATGGAT TGGATG GGATGC GATGCC ATGCCA TGCCAT GCCATA CCATAA CATAAA ATAAAT TAAATC AAATCA AATCAC ATCACA TCACAC CACACA ACACAT CACATG ACATGA CATGAA ATGAAT TGAATA GAATAA AATAAA ATAAAA TAAAAA AAAAAT AAAATT AAATTA AATTAT ATTATA TTATAG TATAGA ATAGAT TAGATC AGATCG GATCGT ATCGTT TCGTTC CGTTCA GTTCAA TTCAAA TCAAAC CAAACA AAACAT AACATT ACATTT CATTTG ATTTGT TTTGTT TTGTTA TGTTAA GTTAAA TTAAAT TAAATT AAATTG AATTGT ATTGTG TTGTGT TGTGTT GTGTTA TGTTAA GTTAAA TTAAAA TAAAAA AAAAAT AAAATG AAATGA AATGAC ATGACT TGACTG GACTGC ACTGCA CTGCAA TGCAAC GCAACC CAACCT AACCTA ACCTAT CCTATT CTATTA TATTAC ATTACT TTACTC TACTCA ACTCAG CTCAGC TCAGCT CAGCTA AGCTAT GCTATG CTATGT TATGTT ATGTTT TGTTTA GTTTAC TTTACT TTACTC TACTCA ACTCAA CTCAAT TCAATG CAATGA AATGAG ATGAGC TGAGCA GAGCAT AGCATA GCATAT CATATA ATATAA TATAAT ATAATG TAATGA AATGAT ATGATT TGATTA GATTAA ATTAAT TTAATT TAATTT AATTTA ATTTAC TTTACT TTACTT TACTTT ACTTTA CTTTAT TTTATG TTATGT TATGTT ATGTTT TGTTTT GTTTTT TTTTTA TTTTAC TTTACA TTACAA TACAAA ACAAAT CAAATA AAATAA AATAAG	0	0	0.08037953078746796
CAAAAA AAAAAA AAAAAC AAAACA AAACAA AACAAA ACAAAC CAAACA AAACAA AACAAA ACAAAC CAAACA AAACAA AACAAA ACAAAC CAAACA AAACAA AACAAA ACAAAC CAAACA AAACAA AACAAG ACAAGA CAAGAG AAGAGA AGAGAG GAGAGA AGAGAT GAGATG AGATGA GATGAA ATGAAG TGAAGT GAAGTA AAGTAG AGTAGC GTAGCA TAGCAA AGCAAA GCAAAA CAAAAG AAAAGA AAAGAC AAGACT AGACTG GACTGA ACTGAC CTGACC TGACCT GACCTA ACCTAA CCTAAA CTAAAA TAAAAA AAAAAG AAAAGC AAAGCA AAGCAG AGCAGG GCAGGA CAGGAG AGGAGA GGAGAT GAGATG AGATGC GATGCT ATGCTG TGCTGA GCTGAG CTGAGC TGAGCT GAGCTA AGCTAA GCTAAC CTAACA TAACAC AACACC ACACCA CACCAG ACCAGC CCAGCC CAGCCA AGCCAC GCCACA CCACAC CACACA ACACAA CACAAC ACAACA CAACAC AACACC ACACCT CACCTG ACCTGG CCTGGA CTGGAG TGGAGC GGAGCT GAGCTT AGCTTT GCTTTA CTTTAC TTTACA TTACAA TACAAA ACAAAG CAAAGA AAAGAG AAGAGG AGAGGA GAGGAA AGGAAG GGAAGA GAAGAC AAGACC AGACCA GACCAG ACCAGG CCAGGT CAGGTT AGGTTT GGTTTG GTTTGG TTTGGC TTGGCT TGGCTC GGCTCC GCTCCC CTCCCC TCCCCT CCCCTC CCCTCC CCTCCA CTCCAT TCCATT CCATTC CATTCC ATTCCA TTCCAG TCCAGC CCAGCC CAGCCT AGCCTC GCCTCT CCTCTC CTCTCA TCTCAG CTCAGA TCAGAG CAGAGG AGAGGC GAGGCC AGGCCC GGCCCT GCCCTC CCCTCC CCTCCT CTCCTA TCCTAG CCTAGG CTAGGC TAGGCA AGGCAG GGCAGG GCAGGC CAGGCT AGGCTG GGCTGC GCTGCA CTGCAG TGCAGG GCAGGT CAGGTA AGGTAC GGTACA GTACAT TACATC ACATCC CATCCA ATCCAA TCCAAG CCAAGA CAAGAG AAGAGG AGAGGG GAGGGC AGGGCT GGGCTG GGCTGG GCTGGA CTGGAT TGGATC GGATCC GATCCT ATCCTT TCCTTA CCTTAA CTTAAA TTAAAT TAAATG AAATGG AATGGG ATGGGT TGGGTA GGGTAA GGTAAT GTAATA TAATAC AATACA ATACAA TACAAT ACAATC CAATCT AATCTT ATCTTA TCTTAA CTTAAG TTAAGG TAAGGT AAGGTC AGGTCC GGTCCT GTCCTG TCCTGC CCTGCT CTGCTG TGCTGG GCTGGG CTGGGC TGGGCC GGGCCT GGCCTC GCCTCA CCTCAC CTCACC TCACCG CACCGC ACCGCT CCGCTT CGCTTG GCTTGC CTTGCC TTGCCA TGCCAG GCCAGC CCAGCC CAGCCT AGCCTC GCCTCC CCTCCC CTCCCT TCCCTC CCCTCT CCTCTT CTCTTC TCTTCT CTTCTT TTCTTT TCTTTA CTTTAA TTTAAT TTAATG TAATGC AATGCT ATGCTG TGCTGT GCTGTC CTGTCA TGTCAC GTCACT TCACTC CACTCT ACTCTG CTCTGC TCTGCC CTGCCA TGCCAC GCCACG CCACGT CACGTT ACGTTC CGTTCA GTTCAC TTCACA TCACAG CACAGT ACAGTG CAGTGA AGTGAG GTGAGG TGAGGC GAGGCA AGGCAC GGCACT GCACTG	0	0	0.07146494090557098
CATCAA ATCAAT TCAATG CAATGG AATGGA ATGGAC TGGACA GGACAT GACATG ACATGT CATGTT ATGTTT TGTTTA GTTTAA TTTAAC TTAACT TAACTG AACTGT ACTGTA CTGTAA TGTAAA GTAAAC TAAACC AAACCC AACCCC ACCCCA CCCCAC CCCACG CCACGT CACGTA ACGTAT CGTATG GTATGC TATGCT ATGCTC TGCTCG GCTCGT CTCGTA TCGTAA CGTAAA GTAAAA TAAAAT AAAATG AAATGT AATGTG ATGTGT TGTGTC GTGTCA TGTCAT GTCATT TCATTT CATTTA ATTTAA TTTAAA TTAAAG TAAAGA AAAGAT AAGATG AGATGC GATGCT ATGCTT TGCTTT GCTTTG CTTTGG TTTGGG TTGGGT TGGGTT GGGTTG GGTTGG GTTGGC TTGGCA TGGCAC GGCACC GCACCT CACCTG ACCTGG CCTGGG CTGGGA TGGGAC GGGACT GGACTC GACTCT ACTCTA CTCTAG TCTAGG CTAGGC TAGGCA AGGCAA GGCAAA GCAAAA CAAAAC AAAACC AAACCA AACCAA ACCAAG CCAAGC CAAGCC AAGCCA AGCCAC GCCACA CCACAG CACAGC ACAGCT CAGCTT AGCTTA GCTTAA CTTAAT TTAATT TAATTT AATTTA ATTTAA TTTAAT TTAATT TAATTA AATTAC ATTACA TTACAA TACAAG ACAAGT CAAGTG AAGTGG AGTGGA GTGGAG TGGAGA GGAGAA GAGAAA AGAAAC GAAACT AAACTT AACTTA ACTTAA CTTAAA TTAAAG TAAAGA AAAGAA AAGAAA AGAAAT GAAATC AAATCC AATCCT ATCCTA TCCTAA CCTAAC CTAACT TAACTA AACTAA ACTAAA CTAAAA TAAAAT AAAATT AAATTT AATTTG ATTTGC TTTGCT TTGCTT TGCTTA GCTTAG CTTAGG TTAGGC TAGGCC AGGCCA GGCCAA GCCAAG CCAAGC CAAGCA AAGCAC AGCACT GCACTC CACTCA ACTCAA CTCAAA TCAAAT CAAATC AAATCC AATCCA ATCCAA TCCAAA CCAAAT CAAATG AAATGG AATGGG ATGGGG TGGGGG GGGGGA GGGGAG GGGAGG GGAGGC GAGGCA AGGCAA GGCAAG GCAAGA CAAGAA AAGAAA AGAAAC GAAACA AAACAT AACATA ACATAG CATAGT ATAGTG TAGTGA AGTGAC GTGACT TGACTG GACTGT ACTGTG CTGTGT TGTGTG GTGTGG TGTGGC GTGGCT TGGCTT GGCTTC GCTTCA CTTCAG TTCAGG TCAGGA CAGGAA AGGAAA GGAAAA GAAAAT AAAATT AAATTA AATTAT ATTATG TTATGA TATGAG ATGAGG TGAGGG GAGGGG AGGGGT GGGGTT GGGTTT GGTTTT GTTTTC TTTTCT TTTCTA TTCTAC TCTACC CTACCC TACCCT ACCCTA CCCTAG CCTAGT CTAGTG TAGTGC AGTGCC GTGCCA TGCCAA GCCAAT CCAATC CAATCA AATCAA ATCAAT TCAATC CAATCT AATCTC ATCTCT TCTCTC CTCTCC TCTCCT CTCCTT TCCTTC CCTTCA CTTCAA TTCAAT TCAATG CAATGT AATGTG ATGTGT TGTGTG GTGTGA TGTGAG GTGAGA TGAGAA GAGAAT AGAATC GAATCC AATCCC ATCCCC TCCCCC CCCCCT CCCCTT CCCTTC CCTTCT CTTCTC TTCTCA TCTCAT CTCATC TCATCT CATCTA ATCTAT TCTATT CTATTA TATTAG	0	0	0.03586387261748314
CTTTTC TTTTCT TTTCTG TTCTGC TCTGCC CTGCCT TGCCTC GCCTCA CCTCAA CTCAAA TCAAAG CAAAGC AAAGCC AAGCCA AGCCAG GCCAGG CCAGGC CAGGCA AGGCAT GGCATA GCATAA CATAAA ATAAAC TAAACT AAACTT AACTTC ACTTCT CTTCTC TTCTCT TCTCTT CTCTTT TCTTTA CTTTAA TTTAAG TTAAGA TAAGAA AAGAAG AGAAGG GAAGGT AAGGTG AGGTGA GGTGAC GTGACA TGACAT GACATA ACATAA CATAAG ATAAGG TAAGGC AAGGCT AGGCTG GGCTGG GCTGGG CTGGGC TGGGCG GGGCGT GGCGTG GCGTGG CGTGGT GTGGTG TGGTGG GGTGGC GTGGCT TGGCTC GGCTCA GCTCAC CTCACT TCACTC CACTCC ACTCCT CTCCTG TCCTGT CCTGTA CTGTAA TGTAAT GTAATC TAATCC AATCCC ATCCCA TCCCAG CCCAGC CCAGCA CAGCAC AGCACT GCACTT CACTTT ACTTTG CTTTGG TTTGGG TTGGGA TGGGAG GGGAGG GGAGGC GAGGCC AGGCCG GGCCGA GCCGAG CCGAGG CGAGGC GAGGCG AGGCGG GGCGGG GCGGGC CGGGCA GGGCAG GGCAGA GCAGAT CAGATC AGATCA GATCAC ATCACA TCACAA CACAAG ACAAGG CAAGGT AAGGTC AGGTCA GGTCAG GTCAGG TCAGGA CAGGAG AGGAGA GGAGAT GAGATC AGATCA GATCAA ATCAAG TCAAGA CAAGAC AAGACC AGACCA GACCAT ACCATC CCATCC CATCCT ATCCTG TCCTGG CCTGGC CTGGCT TGGCTA GGCTAA GCTAAC CTAACA TAACAC AACACG ACACGG CACGGT ACGGTG CGGTGA GGTGAA GTGAAA TGAAAC GAAACC AAACCC AACCCT ACCCTG CCCTGT CCTGTC CTGTCT TGTCTC GTCTCT TCTCTA CTCTAC TCTACT CTACTA TACTAA ACTAAA CTAAAA TAAAAA AAAAAT AAAATA AAATAC AATACA ATACAA TACAAA ACAAAA CAAAAA AAAAAA AAAAAA AAAAAT AAAATT AAATTA AATTAG ATTAGC TTAGCT TAGCTG AGCTGG GCTGGG CTGGGC TGGGCA GGGCAT GGCATG GCATGG CATGGT ATGGTG TGGTGG GGTGGC GTGGCG TGGCGG GGCGGG GCGGGC CGGGCA GGGCAC GGCACC GCACCT CACCTA ACCTAT CCTATA CTATAG TATAGT ATAGTT TAGTTC AGTTCC GTTCCA TTCCAG TCCAGC CCAGCT CAGCTA AGCTAC GCTACT CTACTC TACTCA ACTCAG CTCAGG TCAGGA CAGGAG AGGAGG GGAGGC GAGGCT AGGCTG GGCTGA GCTGAG CTGAGG TGAGGC GAGGCA AGGCAG GGCAGG GCAGGA CAGGAG AGGAGA GGAGAA GAGAAT AGAATG GAATGG AATGGC ATGGCG TGGCGT GGCGTG GCGTGA CGTGAT GTGATC TGATCC GATCCC ATCCCA TCCCAG CCCAGG CCAGGA CAGGAG AGGAGG GGAGGC GAGGCA AGGCAG GGCAGA GCAGAG CAGAGC AGAGCT GAGCTT AGCTTG GCTTGC CTTGCA TTGCAG TGCAGT GCAGTG CAGTGA AGTGAG GTGAGC TGAGCC GAGCCA AGCCAA GCCAAG CCAAGA CAAGAT AAGATT AGATTG GATTGC ATTGCA TTGCAC TGCACC GCACCA CACCAC ACCACT CCACTG CACTGC ACTGCA CTGCAC	0	0	0.10848462581634521
CATGAG ATGAGA TGAGAC GAGACC AGACCG GACCGA ACCGAG CCGAGG CGAGGT GAGGTC AGGTCT GGTCTG GTCTGG TCTGGT CTGGTC TGGTCA GGTCAA GTCAAG TCAAGC CAAGCA AAGCAG AGCAGA GCAGAG CAGAGT AGAGTA GAGTAA AGTAAG GTAAGA TAAGAG AAGAGT AGAGTG GAGTGA AGTGAT GTGATA TGATAA GATAAG ATAAGC TAAGCA AAGCAT AGCATA GCATAG CATAGG ATAGGG TAGGGA AGGGAT GGGATG GGATGG GATGGA ATGGAC TGGACA GGACAC GACACA ACACAA CACAAG ACAAGA CAAGAC AAGACC AGACCA GACCAA ACCAAT CCAATC CAATCC AATCCT ATCCTG TCCTGG CCTGGC CTGGCT TGGCTG GGCTGC GCTGCA CTGCAG TGCAGA GCAGAA CAGAAA AGAAAA GAAAAT AAAATC AAATCA AATCAT ATCATT TCATTC CATTCC ATTCCT TTCCTT TCCTTT CCTTTA CTTTAC TTTACT TTACTG TACTGG ACTGGA CTGGAA TGGAAT GGAATC GAATCA AATCAT ATCATG TCATGG CATGGA ATGGAG TGGAGA GGAGAC GAGACG AGACGA GACGAG ACGAGG CGAGGG GAGGGA AGGGAG GGGAGC GGAGCT GAGCTC AGCTCC GCTCCC CTCCCC TCCCCG CCCCGG CCCGGG CCGGGT CGGGTC GGGTCA GGTCAG GTCAGG TCAGGG CAGGGA AGGGAT GGGATG GGATGC GATGCT ATGCTG TGCTGA GCTGAG CTGAGC TGAGCT GAGCTG AGCTGG GCTGGG CTGGGA TGGGAG GGGAGG GGAGGA GAGGAC AGGACA GGACAT GACATG ACATGA CATGAG ATGAGC TGAGCC GAGCCT AGCCTG GCCTGG CCTGGG CTGGGG TGGGGC GGGGCT GGGCTG GGCTGC GCTGCC CTGCCA TGCCAG GCCAGA CCAGAG CAGAGC AGAGCC GAGCCT AGCCTT GCCTTC CCTTCT CTTCTT TTCTTG TCTTGT CTTGTG TTGTGA TGTGAG GTGAGG TGAGGA GAGGAA AGGAAA GGAAAG GAAAGA AAAGAT AAGATC AGATCC GATCCT ATCCTG TCCTGG CCTGGC CTGGCT TGGCTG GGCTGA GCTGAG CTGAGA TGAGAA GAGAAT AGAATG GAATGA AATGAA ATGAAG TGAAGT GAAGTC AAGTCA AGTCAA GTCAAC TCAACG CAACGG AACGGG ACGGGG CGGGGC GGGGCA GGGCAG GGCAGA GCAGAT CAGATG AGATGG GATGGA ATGGAG TGGAGG GGAGGG GAGGGG AGGGGC GGGGCT GGGCTG GGCTGA GCTGAG CTGAGA TGAGAG GAGAGG AGAGGT GAGGTG AGGTGG GGTGGA GTGGAG TGGAGC GGAGCT GAGCTG AGCTGA GCTGAC CTGACA TGACAT GACATC ACATCA CATCAT ATCATT TCATTT CATTTG ATTTGA TTTGAG TTGAGC TGAGCC GAGCCT AGCCTC GCCTCT CCTCTG CTCTGG TCTGGA CTGGAT TGGATC GGATCT GATCTA ATCTAA TCTAAC CTAACC TAACCT AACCTC ACCTCA CCTCAC CTCACT TCACTT CACTTG ACTTGC CTTGCC TTGCCT TGCCTT GCCTTT CCTTTA CTTTAC TTTACC TTACCC TACCCT ACCCTT CCCTTA CCTTAG CTTAGA TTAGAC TAGACT AGACTT GACTTT ACTTTC CTTTCC TTTCCA TTCCAG TCCAGT CCAGTT CAGTTA	0	0	0.07310744374990463
CATTCT ATTCTG TTCTGT TCTGTA CTGTAT TGTATT GTATTC TATTCC ATTCCG TTCCGT TCCGTA CCGTAT CGTATA GTATAT TATATT ATATTA TATTAA ATTAAG TTAAGA TAAGAC AAGACT AGACTT GACTTC ACTTCT CTTCTT TTCTTA TCTTAA CTTAAG TTAAGA TAAGAA AAGAAT AGAATA GAATAT AATATG ATATGC TATGCA ATGCAA TGCAAT GCAATC CAATCT AATCTT ATCTTA TCTTAT CTTATT TTATTT TATTTT ATTTTC TTTTCA TTTCAA TTCAAG TCAAGG CAAGGA AAGGAT AGGATT GGATTC GATTCA ATTCAG TTCAGT TCAGTT CAGTTA AGTTAA GTTAAA TTAAAA TAAAAT AAAATT AAATTG AATTGA ATTGAA TTGAAA TGAAAA GAAAAT AAAATG AAATGC AATGCT ATGCTT TGCTTG GCTTGC CTTGCG TTGCGT TGCGTA GCGTAC CGTACT GTACTT TACTTT ACTTTG CTTTGG TTTGGG TTGGGG TGGGGT GGGGTT GGGTTT GGTTTT GTTTTC TTTTCT TTTCTT TTCTTC TCTTCA CTTCAA TTCAAG TCAAGC CAAGCA AAGCAA AGCAAG GCAAGT CAAGTC AAGTCT AGTCTG GTCTGG TCTGGG CTGGGA TGGGAG GGGAGC GGAGCA GAGCAG AGCAGA GCAGAT CAGATA AGATAG GATAGT ATAGTC TAGTCA AGTCAA GTCAAG TCAAGT CAAGTT AAGTTC AGTTCA GTTCAT TTCATT TCATTG CATTGT ATTGTA TTGTAT TGTATC GTATCT TATCTA ATCTAC TCTACT CTACTG TACTGA ACTGAA CTGAAT TGAATC GAATCA AATCAG ATCAGA TCAGAA CAGAAT AGAATC GAATCT AATCTC ATCTCT TCTCTG CTCTGG TCTGGG CTGGGG TGGGGT GGGGTG GGGTGG GGTGGG GTGGGG TGGGGT GGGGTT GGGTTC GGTTCT GTTCTG TTCTGA TCTGAG CTGAGA TGAGAA GAGAAT AGAATC GAATCT AATCTG ATCTGT TCTGTA CTGTAT TGTATT GTATTT TATTTC ATTTCA TTTCAA TTCAAA TCAAAA CAAAAA AAAAAG AAAAGT AAAGTA AAGTAC AGTACC GTACCC TACCCC ACCCCA CCCCAA CCCAAG CCAAGT CAAGTG AAGTGA AGTGAT GTGATT TGATTT GATTTT ATTTTG TTTTGT TTTGTG TTGTGA TGTGAA GTGAAT TGAATC GAATCA AATCAA ATCAAC TCAACC CAACCA AACCAG ACCAGG CCAGGC CAGGCT AGGCTC GGCTCA GCTCAG CTCAGA TCAGAA CAGAAA AGAAAC GAAACA AAACAG AACAGC ACAGCT CAGCTG AGCTGA GCTGAT CTGATC TGATCA GATCAG ATCAGG TCAGGT CAGGTT AGGTTT GGTTTA GTTTAT TTTATT TTATTT TATTTA ATTTAC TTTACA TTACAC TACACC ACACCC CACCCT ACCCTA CCCTAA CCTAAT CTAATA TAATAA AATAAA ATAAAG TAAAGT AAAGTG AAGTGC AGTGCC GTGCCT TGCCTC GCCTCC CCTCCT CTCCTA TCCTAC CCTACT CTACTT TACTTC ACTTCA CTTCAT TTCATG TCATGA CATGAT ATGATT TGATTC GATTCT ATTCTA TTCTAT TCTATT CTATTT TATTTT ATTTTC TTTTCT TTTCTT TTCTTA TCTTAT CTTATT TTATTC TATTCA ATTCAT TTCATA TCATAT CATATG	0	0	0.076418437063694
CCAAAA CAAAAT AAAATA AAATAT AATATT ATATTA TATTAA ATTAAA TTAAAT TAAATA AAATAT AATATT ATATTA TATTAG ATTAGA TTAGAG TAGAGT AGAGTG GAGTGT AGTGTT GTGTTT TGTTTT GTTTTT TTTTTC TTTTCA TTTCAT TTCATA TCATAA CATAAA ATAAAT TAAATC AAATCT AATCTA ATCTAT TCTATT CTATTC TATTCA ATTCAA TTCAAA TCAAAA CAAAAA AAAAAA AAAAAC AAAACA AAACAT AACATT ACATTT CATTTT ATTTTC TTTTCA TTTCAG TTCAGG TCAGGC CAGGCC AGGCCG GGCCGG GCCGGG CCGGGT CGGGTG GGGTGC GGTGCA GTGCAG TGCAGT GCAGTG CAGTGG AGTGGC GTGGCT TGGCTC GGCTCA GCTCAC CTCACG TCACGC CACGCC ACGCCT CGCCTG GCCTGT CCTGTA CTGTAA TGTAAT GTAATC TAATCC AATCCC ATCCCA TCCCAG CCCAGC CCAGCA CAGCAC AGCACT GCACTT CACTTT ACTTTG CTTTGG TTTGGG TTGGGA TGGGAG GGGAGG GGAGGC GAGGCT AGGCTG GGCTGA GCTGAG CTGAGG TGAGGT GAGGTG AGGTGG GGTGGG GTGGGC TGGGCG GGGCGG GGCGGA GCGGAT CGGATC GGATCA GATCAC ATCACC TCACCT CACCTG ACCTGA CCTGAG CTGAGG TGAGGT GAGGTT AGGTTG GGTTGG GTTGGG TTGGGA TGGGAG GGGAGT GGAGTT GAGTTC AGTTCG GTTCGA TTCGAG TCGAGA CGAGAC GAGACC AGACCA GACCAG ACCAGC CCAGCC CAGCCT AGCCTG GCCTGA CCTGAC CTGACC TGACCA GACCAA ACCAAC CCAACA CAACAC AACACG ACACGG CACGGA ACGGAG CGGAGA GGAGAA GAGAAA AGAAAC GAAACC AAACCC AACCCC ACCCCA CCCCAT CCCATC CCATCT CATCTC ATCTCT TCTCTA CTCTAC TCTACT CTACTA TACTAA ACTAAA CTAAAA TAAAAA AAAAAT AAAATA AAATAC AATACA ATACAA TACAAA ACAAAA CAAAAT AAAATT AAATTA AATTAG ATTAGC TTAGCC TAGCCG AGCCGG GCCGGG CCGGGC CGGGCA GGGCAT GGCATG GCATGG CATGGT ATGGTG TGGTGG GGTGGC GTGGCG TGGCGC GGCGCA GCGCAT CGCATG GCATGC CATGCC ATGCCT TGCCTG GCCTGT CCTGTA CTGTAA TGTAAT GTAATC TAATCC AATCCC ATCCCA TCCCAG CCCAGC CCAGCT CAGCTA AGCTAC GCTACT CTACTC TACTCG ACTCGG CTCGGG TCGGGA CGGGAG GGGAGG GGAGGC GAGGCT AGGCTG GGCTGA GCTGAG CTGAGG TGAGGC GAGGCA AGGCAG GGCAGG GCAGGA CAGGAG AGGAGA GGAGAA GAGAAT AGAATT GAATTG AATTGC ATTGCT TTGCTT TGCTTG GCTTGA CTTGAA TTGAAC TGAACC GAACCC AACCCG ACCCGG CCCGGG CCGGGA CGGGAG GGGAGG GGAGGT GAGGTG AGGTGG GGTGGA GTGGAG TGGAGG GGAGGT GAGGTT AGGTTG GGTTGC GTTGCG TTGCGG TGCGGT GCGGTG CGGTGA GGTGAG GTGAGC TGAGCA GAGCAG AGCAGA GCAGAG CAGAGA AGAGAT GAGATC AGATCG GATCGT ATCGTG TCGTGC CGTGCC GTGCCA TGCCAT GCCATT CCATTG	0	0	0.05624699965119362
GATATG ATATGA TATGAA ATGAAG TGAAGA GAAGAT AAGATA AGATAT GATATT ATATTC TATTCC ATTCCC TTCCCG TCCCGT CCCGTT CCGTTT CGTTTC GTTTCC TTTCCA TTCCAA TCCAAC CCAACG CAACGA AACGAA ACGAAA CGAAAT GAAATC AAATCT AATCTT ATCTTC TCTTCA CTTCAA TTCAAA TCAAAT CAAATC AAATCT AATCTA ATCTAT TCTATC CTATCC TATCCA ATCCAA TCCAAA CCAAAT CAAATG AAATGT AATGTC ATGTCC TGTCCA GTCCAC TCCACT CCACTT CACTTG ACTTGC CTTGCA TTGCAG TGCAGG GCAGGT CAGGTT AGGTTC GGTTCA GTTCAA TTCAAC TCAACA CAACAA AACAAA ACAAAA CAAAAT AAAATG AAATGT AATGTG ATGTGT TGTGTT GTGTTT TGTTTT GTTTTT TTTTTC TTTTCA TTTCAG TTCAGA TCAGAA CAGAAC AGAACT GAACTG AACTGC ACTGCT CTGCTC TGCTCT GCTCTA CTCTAT TCTATC CTATCA TATCAA ATCAAA TCAAAA CAAAAG AAAAGA AAAGAA AAGAAA AGAAAG GAAAGA AAAGAT AAGATC AGATCC GATCCA ATCCAC TCCACC CCACCT CACCTC ACCTCT CCTCTG CTCTGT TCTGTT CTGTTA TGTTAG GTTAGC TTAGCT TAGCTG AGCTGA GCTGAG CTGAGT TGAGTT GAGTTC AGTTCA GTTCAC TTCACA TCACAC CACACA ACACAT CACATC ACATCA CATCAC ATCACA TCACAA CACAAA ACAAAC CAAACA AAACAA AACAAG ACAAGT CAAGTT AAGTTT AGTTTA GTTTAT TTTATG TTATGA TATGAG ATGAGA TGAGAA GAGAAT AGAATG GAATGC AATGCT ATGCTT TGCTTC GCTTCT CTTCTG TTCTGT TCTGTC CTGTCT TGTCTA GTCTAG TCTAGT CTAGTT TAGTTT AGTTTT GTTTTT TTTTTA TTTTAT TTTATT TTATTT TATTTG ATTTGA TTTGAA TTGAAG TGAAGA GAAGAT AAGATA AGATAT GATATT ATATTT TATTTC ATTTCC TTTCCT TTCCTT TCCTTT CCTTTC CTTTCT TTTCTC TTCTCA TCTCAC CTCACC TCACCA CACCAT ACCATA CCATAG CATAGA ATAGAC TAGACC AGACCT GACCTG ACCTGA CCTGAA CTGAAA TGAAAG GAAAGC AAAGCT AAGCTG AGCTGT GCTGTC CTGTCC TGTCCT GTCCTA TCCTAA CCTAAT CTAATG TAATGT AATGTT ATGTTC TGTTCA GTTCAC TTCACT TCACTT CACTTC ACTTCC CTTCCA TTCCAG TCCAGA CCAGAT CAGATA AGATAC GATACT ATACTA TACTAG ACTAGA CTAGAG TAGAGA AGAGAA GAGAAA AGAAAG GAAAGA AAAGAG AAGAGT AGAGTG GAGTGT AGTGTT GTGTTT TGTTTC GTTTCA TTTCAA TTCAAA TCAAAA CAAAAC AAAACT AAACTG AACTGC ACTGCT CTGCTG TGCTGT GCTGTA CTGTAC TGTACG GTACGA TACGAA ACGAAA CGAAAG GAAAGG AAAGGG AAGGGA AGGGAA GGGAAT GGAATG GAATGT AATGTT ATGTTC TGTTCA GTTCAG TTCAGC TCAGCT CAGCTC AGCTCT GCTCTT CTCTTT TCTTTG CTTTGA TTTGAC TTGACT TGACTT GACTTG ACTTGA CTTGAA TTGAAT TGAATG GAATGC AATGCA	0	0	0.04962503910064697
GGCATT GCATTT CATTTA ATTTAC TTTACC TTACCA TACCAG ACCAGA CCAGAT CAGATC AGATCA GATCAC ATCACA TCACAC CACACT ACACTT CACTTC ACTTCC CTTCCC TTCCCT TCCCTT CCCTTG CCTTGC CTTGCA TTGCAT TGCATG GCATGC CATGCC ATGCCT TGCCTT GCCTTT CCTTTG CTTTGC TTTGCG TTGCGA TGCGAT GCGATA CGATAC GATACT ATACTG TACTGT ACTGTC CTGTCA TGTCAG GTCAGT TCAGTT CAGTTC AGTTCA GTTCAG TTCAGC TCAGCC CAGCCT AGCCTT GCCTTG CCTTGT CTTGTA TTGTAC TGTACA GTACAT TACATA ACATAC CATACA ATACAT TACATT ACATTT CATTTG ATTTGA TTTGAG TTGAGT TGAGTT GAGTTA AGTTAA GTTAAT TTAATC TAATCC AATCCA ATCCAC TCCACA CCACAT CACATG ACATGA CATGAT ATGATT TGATTG GATTGC ATTGCT TTGCTC TGCTCT GCTCTT CTCTTA TCTTAT CTTATT TTATTC TATTCA ATTCAA TTCAAC TCAACA CAACAT AACATA ACATAG CATAGA ATAGAT TAGATC AGATCT GATCTG ATCTGG TCTGGT CTGGTT TGGTTA GGTTAC GTTACG TTACGT TACGTT ACGTTA CGTTAT GTTATT TTATTT TATTTA ATTTAT TTTATT TTATTT TATTTG ATTTGA TTTGAT TTGATC TGATCA GATCAC ATCACA TCACAA CACAAA ACAAAA CAAAAT AAAATT AAATTT AATTTG ATTTGC TTTGCT TTGCTT TGCTTT GCTTTA CTTTAG TTTAGA TTAGAA TAGAAA AGAAAA GAAAAT AAAATC AAATCT AATCTG ATCTGA TCTGAA CTGAAT TGAATT GAATTT AATTTA ATTTAT TTTATT TTATTT TATTTT ATTTTA TTTTAT TTTATT TTATTT TATTTT ATTTTA TTTTAT TTTATT TTATTT TATTTA ATTTAT TTTATT TTATTT TATTTT ATTTTA TTTTAT TTTATT TTATTA TATTAT ATTATT TTATTA TATTAT ATTATT TTATTA TATTAA ATTAAT TTAATT TAATTT AATTTT ATTTTT TTTTTG TTTTGA TTTGAG TTGAGA TGAGAC GAGACG AGACGG GACGGA ACGGAG CGGAGT GGAGTC GAGTCT AGTCTC GTCTCA TCTCAC CTCACT TCACTC CACTCT ACTCTG CTCTGT TCTGTC CTGTCG TGTCGC GTCGCC TCGCCC CGCCCG GCCCGA CCCGAG CCGAGC CGAGCT GAGCTG AGCTGG GCTGGA CTGGAG TGGAGT GGAGTG GAGTGC AGTGCA GTGCAG TGCAGT GCAGTG CAGTGG AGTGGC GTGGCG TGGCGC GGCGCG GCGCGA CGCGAT GCGATC CGATCT GATCTC ATCTCG TCTCGG CTCGGC TCGGCC CGGCCC GGCCCA GCCCAC CCCACT CCACTG CACTGC ACTGCG CTGCGA TGCGAA GCGAAC CGAACT GAACTT AACTTC ACTTCG CTTCGC TTCGCC TCGCCT CGCCTC GCCTCC CCTCCC CTCCCG TCCCGA CCCGAG CCGAGT CGAGTT GAGTTC AGTTCA GTTCAC TTCACG TCACGC CACGCC ACGCCA CGCCAT GCCATT CCATTC CATTCT ATTCTC TTCTCC TCTCCT CTCCTC TCCTCC CCTCCC CTCCCT TCCCTC CCCTCC CCTCCG CTCCGC TCCGCT CCGCTT CGCTTC GCTTCC	0	0	0.03524443879723549
ACAATA CAATAT AATATG ATATGG TATGGA ATGGAT TGGATT GGATTC GATTCA ATTCAG TTCAGA TCAGAG CAGAGT AGAGTA GAGTAA AGTAAA GTAAAG TAAAGG AAAGGC AAGGCA AGGCAG GGCAGT GCAGTT CAGTTA AGTTAC GTTACA TTACAG TACAGT ACAGTG CAGTGA AGTGAA GTGAAG TGAAGA GAAGAA AAGAAA AGAAAA GAAAAC AAAACA AAACAT AACATT ACATTT CATTTG ATTTGG TTTGGA TTGGAG TGGAGT GGAGTT GAGTTT AGTTTG GTTTGA TTTGAC TTGACA TGACAG GACAGG ACAGGT CAGGTT AGGTTC GGTTCA GTTCAC TTCACA TCACAA CACAAA ACAAAA CAAAAA AAAAAA AAAAAT AAAATG AAATGT AATGTG ATGTGT TGTGTA GTGTAC TGTACC GTACCA TACCAC ACCACA CCACAT CACATT ACATTT CATTTC ATTTCT TTTCTC TTCTCT TCTCTC CTCTCC TCTCCT CTCCTA TCCTAT CCTATA CTATAA TATAAA ATAAAA TAAAAT AAAATG AAATGG AATGGA ATGGAG TGGAGC GGAGCT GAGCTA AGCTAA GCTAAC CTAACA TAACAC AACACT ACACTT CACTTT ACTTTC CTTTCT TTTCTG TTCTGC TCTGCT CTGCTA TGCTAT GCTATG CTATGC TATGCT ATGCTC TGCTCA GCTCAC CTCACT TCACTT CACTTT ACTTTA CTTTAC TTTACA TTACAA TACAAT ACAATT CAATTA AATTAA ATTAAA TTAAAA TAAAAA AAAAAA AAAAAA AAAAAT AAAATT AAATTT AATTTT ATTTTT TTTTTT TTTTTT TTTTTG TTTTGA TTTGAG TTGAGG TGAGGG GAGGGT AGGGTC GGGTCA GGTCAT GTCATA TCATAG CATAGC ATAGCA TAGCAG AGCAGA GCAGAC CAGACA AGACAT GACATT ACATTG CATTGT ATTGTG TTGTGT TGTGTT GTGTTT TGTTTA GTTTAA TTTAAG TTAAGA TAAGAA AAGAAC AGAACA GAACAC AACACA ACACAT CACATT ACATTG CATTGA ATTGAA TTGAAT TGAATA GAATAT AATATT ATATTA TATTAT ATTATT TTATTA TATTAC ATTACA TTACAC TACACA ACACAC CACACT ACACTT CACTTG ACTTGG CTTGGA TTGGAA TGGAAG GGAAGA GAAGAA AAGAAT AGAATT GAATTG AATTGT ATTGTT TTGTTT TGTTTT GTTTTG TTTTGA TTTGAA TTGAAG TGAAGT GAAGTT AAGTTT AGTTTT GTTTTA TTTTAT TTTATA TTATAG TATAGT ATAGTG TAGTGC AGTGCT GTGCTA TGCTAG GCTAGA CTAGAT TAGATT AGATTT GATTTG ATTTGG TTTGGG TTGGGT TGGGTT GGGTTC GGTTCC GTTCCG TTCCGA TCCGAA CCGAAC CGAACA GAACAA AACAAG ACAAGT CAAGTG AAGTGG AGTGGC GTGGCA TGGCAG GGCAGA GCAGAC CAGACC AGACCT GACCTG ACCTGA CCTGAT CTGATC TGATCT GATCTT ATCTTG TCTTGA CTTGAT TTGATG TGATGA GATGAA ATGAAA TGAAAG GAAAGA AAAGAA AAGAAA AGAAAG GAAAGA AAAGAA AAGAAG AGAAGA GAAGAT AAGATA AGATAA GATAAT ATAATT TAATTC AATTCA ATTCAT TTCATC TCATCC CATCCA ATCCAG TCCAGT CCAGTT CAGTTG AGTTGT	0	0	0.06324102729558945
TATCCT ATCCTG TCCTGA CCTGAA CTGAAG TGAAGC GAAGCC AAGCCA AGCCAC GCCACC CCACCT CACCTT ACCTTT CCTTTA CTTTAT TTTATA TTATAT TATATA ATATAG TATAGT ATAGTG TAGTGA AGTGAT GTGATG TGATGA GATGAA ATGAAA TGAAAG GAAAGA AAAGAA AAGAAA AGAAAT GAAATT AAATTA AATTAG ATTAGC TTAGCG TAGCGA AGCGAT GCGATT CGATTT GATTTG ATTTGT TTTGTT TTGTTA TGTTAT GTTATT TTATTA TATTAT ATTATC TTATCC TATCCT ATCCTC TCCTCT CCTCTC CTCTCT TCTCTC CTCTCT TCTCTG CTCTGT TCTGTT CTGTTG TGTTGG GTTGGT TTGGTA TGGTAT GGTATG GTATGT TATGTA ATGTAT TGTATC GTATCA TATCAA ATCAAA TCAAAT CAAATA AAATAC AATACT ATACTC TACTCA ACTCAC CTCACC TCACCT CACCTA ACCTAA CCTAAA CTAAAA TAAAAA AAAAAA AAAAAG AAAAGA AAAGAG AAGAGC AGAGCA GAGCAA AGCAAC GCAACA CAACAA AACAAC ACAACC CAACCA AACCAG ACCAGT CCAGTG CAGTGG AGTGGA GTGGAA TGGAAA GGAAAA GAAAAC AAAACA AAACAT AACATG ACATGA CATGAT ATGATG TGATGT GATGTT ATGTTT TGTTTT GTTTTT TTTTTA TTTTAT TTTATT TTATTT TATTTG ATTTGG TTTGGG TTGGGT TGGGTG GGGTGA GGTGAC GTGACT TGACTA GACTAT ACTATT CTATTT TATTTA ATTTAC TTTACT TTACTT TACTTG ACTTGT CTTGTA TTGTAA TGTAAC GTAACC TAACCT AACCTA ACCTAC CCTACT CTACTA TACTAG ACTAGC CTAGCA TAGCAA AGCAAA GCAAAC CAAACT AAACTA AACTAT ACTATA CTATAA TATAAA ATAAAA TAAAAT AAAATT AAATTG AATTGT ATTGTA TTGTAT TGTATG GTATGA TATGAT ATGATA TGATAT GATATG ATATGC TATGCA ATGCAG TGCAGA GCAGAA CAGAAT AGAATT GAATTT AATTTT ATTTTA TTTTAA TTTAAC TTAACT TAACTG AACTGA ACTGAA CTGAAT TGAATT GAATTG AATTGC ATTGCT TTGCTT TGCTTT GCTTTA CTTTAA TTTAAG TTAAGT TAAGTG AAGTGA AGTGAA GTGAAC TGAACA GAACAT AACATT ACATTT CATTTA ATTTAA TTTAAA TTAAAC TAAACA AAACAT AACATG ACATGA CATGAT ATGATA TGATAA GATAAA ATAAAC TAAACA AAACAA AACAAT ACAATA CAATAT AATATT ATATTG TATTGA ATTGAT TTGATG TGATGG GATGGT ATGGTA TGGTAT GGTATT GTATTT TATTTA ATTTAT TTTATG TTATGT TATGTT ATGTTA TGTTAA GTTAAT TTAATA TAATAT AATATA ATATAC TATACT ATACTT TACTTA ACTTAA CTTAAA TTAAAA TAAAAT AAAATG AAATGA AATGAA ATGAAC TGAACA GAACAT AACATT ACATTT CATTTT ATTTTT TTTTTC TTTTCT TTTCTT TTCTTC TCTTCA CTTCAT TTCATC TCATCA CATCAT ATCATG TCATGA CATGAG ATGAGT TGAGTA GAGTAA AGTAAT GTAATA TAATAT AATATA ATATAA TATAAC ATAACC TAACCT AACCTA ACCTAC	0	0	0.0368197076022625
AGCCTG GCCTGC CCTGCT CTGCTA TGCTAT GCTATG CTATGT TATGTC ATGTCA TGTCAT GTCATG TCATGC CATGCT ATGCTC TGCTCC GCTCCT CTCCTC TCCTCC CCTCCT CTCCTT TCCTTC CCTTCC CTTCCT TTCCTG TCCTGG CCTGGC CTGGCC TGGCCC GGCCCT GCCCTG CCCTGC CCTGCC CTGCCT TGCCTC GCCTCC CCTCCA CTCCAC TCCACC CCACCT CACCTG ACCTGT CCTGTG CTGTGC TGTGCC GTGCCC TGCCCT GCCCTA CCCTAT CCTATC CTATCT TATCTC ATCTCT TCTCTG CTCTGC TCTGCC CTGCCT TGCCTC GCCTCC CCTCCC CTCCCA TCCCAC CCCACC CCACCT CACCTC ACCTCA CCTCAA CTCAAG TCAAGG CAAGGT AAGGTC AGGTCC GGTCCA GTCCAG TCCAGG CCAGGA CAGGAC AGGACT GGACTG GACTGT ACTGTT CTGTTG TGTTGC GTTGCA TTGCAA TGCAAC GCAACC CAACCA AACCAG ACCAGA CCAGAC CAGACC AGACCC GACCCT ACCCTC CCCTCC CCTCCT CTCCTA TCCTAC CCTACC CTACCC TACCCC ACCCCA CCCCAA CCCAAC CCAACC CAACCA AACCAT ACCATG CCATGT CATGTC ATGTCC TGTCCA GTCCAG TCCAGC CCAGCA CAGCAG AGCAGG GCAGGA CAGGAG AGGAGA GGAGAT GAGATG AGATGG GATGGT ATGGTC TGGTCC GGTCCC GTCCCT TCCCTG CCCTGC CCTGCA CTGCAC TGCACC GCACCA CACCAG ACCAGA CCAGAA CAGAAG AGAAGC GAAGCT AAGCTT AGCTTC GCTTCT CTTCTG TTCTGA TCTGAA CTGAAG TGAAGG GAAGGT AAGGTC AGGTCT GGTCTA GTCTAC TCTACA CTACAT TACATG ACATGG CATGGA ATGGAG TGGAGG GGAGGG GAGGGC AGGGCT GGGCTG GGCTGG GCTGGC CTGGCA TGGCAG GGCAGG GCAGGC CAGGCA AGGCAG GGCAGA GCAGAA CAGAAG AGAAGG GAAGGC AAGGCA AGGCAA GGCAAA GCAAAC CAAACA AAACAT AACATC ACATCT CATCTC ATCTCC TCTCCC CTCCCC TCCCCC CCCCCA CCCCAA CCCAAC CCAACT CAACTT AACTTG ACTTGC CTTGCA TTGCAG TGCAGC GCAGCC CAGCCC AGCCCT GCCCTT CCCTTC CCTTCA CTTCAC TTCACT TCACTG CACTGC ACTGCC CTGCCG TGCCGA GCCGAG CCGAGC CGAGCA GAGCAA AGCAAA GCAAAC CAAACC AAACCT AACCTA ACCTAG CCTAGG CTAGGA TAGGAC AGGACC GGACCT GACCTG ACCTGG CCTGGG CTGGGG TGGGGC GGGGCC GGGCCT GGCCTG GCCTGG CCTGGG CTGGGG TGGGGT GGGGTC GGGTCT GGTCTC GTCTCT TCTCTG CTCTGC TCTGCA CTGCAG TGCAGC GCAGCT CAGCTG AGCTGC GCTGCC CTGCCA TGCCAT GCCATC CCATCT CATCTG ATCTGG TCTGGT CTGGTG TGGTGA GGTGAC GTGACC TGACCT GACCTC ACCTCC CCTCCT CTCCTC TCCTCA CCTCAT CTCATG TCATGG CATGGG ATGGGG TGGGGC GGGGCA GGGCAG GGCAGG GCAGGA CAGGAA AGGAAA GGAAAA GAAAAA AAAAAG AAAAGA AAAGAG AAGAGT AGAGTT GAGTTC AGTTCA GTTCAG TTCAGG TCAGGC CAGGCT	0	0	0.04477797448635101
GAGCCC AGCCCT GCCCTG CCCTGG CCTGGG CTGGGG TGGGGT GGGGTG GGGTGC GGTGCT GTGCTC TGCTCA GCTCAC CTCACT TCACTT CACTTC ACTTCC CTTCCA TTCCAC TCCACC CCACCA CACCAT ACCATG CCATGG CATGGT ATGGTT TGGTTT GGTTTT GTTTTT TTTTTG TTTTGC TTTGCT TTGCTT TGCTTG GCTTGT CTTGTT TTGTTT TGTTTG GTTTGT TTTGTT TTGTTT TGTTTT GTTTTG TTTTGT TTTGTT TTGTTT TGTTTC GTTTCG TTTCGT TTCGTT TCGTTT CGTTTG GTTTGA TTTGAG TTGAGA TGAGAC GAGACA AGACAG GACAGA ACAGAG CAGAGT AGAGTC GAGTCT AGTCTC GTCTCG TCTCGC CTCGCT TCGCTC CGCTCT GCTCTG CTCTGT TCTGTC CTGTCG TGTCGC GTCGCC TCGCCC CGCCCA GCCCAG CCCAGG CCAGGC CAGGCT AGGCTG GGCTGG GCTGGG CTGGGG TGGGGT GGGGTG GGGTGC GGTGCA GTGCAA TGCAAT GCAATG CAATGG AATGGC ATGGCA TGGCAC GGCACG GCACGA CACGAT ACGATC CGATCT GATCTT ATCTTG TCTTGG CTTGGC TTGGCT TGGCTC GGCTCA GCTCAC CTCACT TCACTG CACTGC ACTGCA CTGCAA TGCAAC GCAACC CAACCT AACCTC ACCTCC CCTCCA CTCCAC TCCACC CCACCT CACCTC ACCTCC CCTCCC CTCCCA TCCCAG CCCAGG CCAGGT CAGGTT AGGTTC GGTTCA GTTCAA TTCAAG TCAAGC CAAGCG AAGCGA AGCGAT GCGATT CGATTC GATTCT ATTCTC TTCTCC TCTCCT CTCCTG TCCTGC CCTGCC CTGCCT TGCCTC GCCTCA CCTCAG CTCAGC TCAGCT CAGCTT AGCTTC GCTTCC CTTCCT TTCCTG TCCTGA CCTGAG CTGAGT TGAGTA GAGTAG AGTAGC GTAGCT TAGCTG AGCTGG GCTGGG CTGGGA TGGGAT GGGATT GGATTA GATTAC ATTACA TTACAG TACAGG ACAGGT CAGGTA AGGTAC GGTACC GTACCC TACCCG ACCCGC CCCGCC CCGCCT CGCCTC GCCTCC CCTCCA CTCCAT TCCATG CCATGC CATGCC ATGCCC TGCCCA GCCCAG CCCAGA CCAGAT CAGATA AGATAA GATAAT ATAATT TAATTT AATTTT ATTTTT TTTTTG TTTTGT TTTGTA TTGTAT TGTATT GTATTT TATTTT ATTTTT TTTTTA TTTTAG TTTAGT TTAGTA TAGTAG AGTAGA GTAGAG TAGAGA AGAGAC GAGACA AGACAG GACAGG ACAGGG CAGGGT AGGGTT GGGTTT GGTTTT GTTTTG TTTTGC TTTGCC TTGCCA TGCCAT GCCATG CCATGT CATGTT ATGTTG TGTTGG GTTGGC TTGGCC TGGCCA GGCCAG GCCAGG CCAGGC CAGGCT AGGCTG GGCTGG GCTGGT CTGGTC TGGTCT GGTCTC GTCTCA TCTCAA CTCAAA TCAAAC CAAACT AAACTC AACTCC ACTCCT CTCCTG TCCTGA CCTGAC CTGACC TGACCT GACCTC ACCTCA CCTCAG CTCAGG TCAGGT CAGGTG AGGTGA GGTGAT GTGATC TGATCT GATCTG ATCTGT TCTGTT CTGTTC TGTTCA GTTCAT TTCATC TCATCT CATCTC ATCTCA TCTCAG CTCAGC TCAGCC CAGCCT AGCCTC GCCTCC CCTCCC CTCCCA TCCCAG	0	0	0.029772797599434853
ATAATT TAATTT AATTTT ATTTTG TTTTGG TTTGGT TTGGTC TGGTCA GGTCAT GTCATA TCATAA CATAAC ATAACT TAACTT AACTTA ACTTAA CTTAAA TTAAAG TAAAGT AAAGTG AAGTGG AGTGGA GTGGAT TGGATT GGATTT GATTTA ATTTAT TTTATT TTATTT TATTTT ATTTTC TTTTCA TTTCAG TTCAGT TCAGTG CAGTGC AGTGCC GTGCCT TGCCTT GCCTTT CCTTTT CTTTTT TTTTTA TTTTAA TTTAAA TTAAAG TAAAGT AAAGTT AAGTTA AGTTAA GTTAAC TTAACA TAACAA AACAAG ACAAGT CAAGTA AAGTAT AGTATC GTATCT TATCTT ATCTTT TCTTTG CTTTGG TTTGGA TTGGAT TGGATA GGATAC GATACT ATACTG TACTGT ACTGTA CTGTAG TGTAGT GTAGTT TAGTTG AGTTGC GTTGCC TTGCCC TGCCCT GCCCTG CCCTGA CCTGAG CTGAGT TGAGTT GAGTTC AGTTCA GTTCAA TTCAAC TCAACT CAACTC AACTCC ACTCCA CTCCAT TCCATG CCATGT CATGTT ATGTTT TGTTTT GTTTTA TTTTAT TTTATA TTATAA TATAAA ATAAAA TAAAAC AAAACA AAACAG AACAGG ACAGGC CAGGCA AGGCAC GGCACA GCACAG CACAGT ACAGTC CAGTCT AGTCTT GTCTTC TCTTCC CTTCCT TTCCTT TCCTTT CCTTTA CTTTAT TTTATG TTATGG TATGGG ATGGGA TGGGAG GGGAGG GGAGGA GAGGAG AGGAGG GGAGGA GAGGAG AGGAGT GGAGTT GAGTTT AGTTTC GTTTCT TTTCTT TTCTTT TCTTTC CTTTCT TTTCTA TTCTAT TCTATG CTATGT TATGTC ATGTCT TGTCTT GTCTTT TCTTTG CTTTGG TTTGGT TTGGTT TGGTTA GGTTAT GTTATT TTATTA TATTAG ATTAGA TTAGAA TAGAAT AGAATT GAATTA AATTAG ATTAGA TTAGAA TAGAAA AGAAAA GAAAAA AAAAAC AAAACT AAACTG AACTGC ACTGCC CTGCCT TGCCTT GCCTTG CCTTGA CTTGAT TTGATC TGATCA GATCAG ATCAGC TCAGCA CAGCAT AGCATA GCATAC CATACA ATACAT TACATT ACATTA CATTAA ATTAAA TTAAAT TAAATT AAATTT AATTTT ATTTTT TTTTTG TTTTGA TTTGAA TTGAAA TGAAAG GAAAGT AAAGTT AAGTTA AGTTAA GTTAAG TTAAGT TAAGTT AAGTTT AGTTTT GTTTTT TTTTTC TTTTCA TTTCAC TTCACC TCACCT CACCTC ACCTCT CCTCTT CTCTTG TCTTGT CTTGTG TTGTGA TGTGAG GTGAGA TGAGAC GAGACT AGACTA GACTAA ACTAAT CTAATT TAATTC AATTCT ATTCTA TTCTAT TCTATC CTATCA TATCAT ATCATA TCATAT CATATT ATATTC TATTCT ATTCTT TTCTTC TCTTCA CTTCAT TTCATT TCATTT CATTTG ATTTGT TTTGTT TTGTTG TGTTGA GTTGAT TTGATG TGATGA GATGAT ATGATT TGATTA GATTAT ATTATG TTATGA TATGAT ATGATG TGATGT GATGTG ATGTGA TGTGAC GTGACT TGACTT GACTTC ACTTCA CTTCAA TTCAAT TCAATT CAATTT AATTTA ATTTAC TTTACC TTACCC TACCCT ACCCTT CCCTTC CCTTCC CTTCCT TTCCTA TCCTAA CCTAAT CTAATG	0	0	0.05383719503879547
GATTAA ATTAAG TTAAGA TAAGAA AAGAAA AGAAAG GAAAGT AAAGTA AAGTAG AGTAGC GTAGCG TAGCGG AGCGGT GCGGTT CGGTTT GGTTTC GTTTCA TTTCAA TTCAAT TCAATA CAATAA AATAAT ATAATA TAATAT AATATT ATATTG TATTGG ATTGGT TTGGTT TGGTTC GGTTCT GTTCTT TTCTTC TCTTCC CTTCCT TTCCTA TCCTAC CCTACT CTACTT TACTTC ACTTCC CTTCCT TTCCTA TCCTAG CCTAGG CTAGGA TAGGAT AGGATG GGATGG GATGGT ATGGTA TGGTAG GGTAGT GTAGTG TAGTGG AGTGGG GTGGGA TGGGAG GGGAGT GGAGTT GAGTTT AGTTTA GTTTAA TTTAAA TTAAAG TAAAGG AAAGGA AAGGAG AGGAGC GGAGCC GAGCCA AGCCAA GCCAAT CCAATA CAATAG AATAGA ATAGAG TAGAGG AGAGGC GAGGCG AGGCGA GGCGAG GCGAGA CGAGAG GAGAGC AGAGCT GAGCTC AGCTCT GCTCTG CTCTGT TCTGTC CTGTCT TGTCTT GTCTTA TCTTAA CTTAAG TTAAGC TAAGCA AAGCAG AGCAGA GCAGAA CAGAAT AGAATG GAATGC AATGCA ATGCAG TGCAGC GCAGCA CAGCAC AGCACG GCACGG CACGGT ACGGTT CGGTTG GGTTGT GTTGTA TTGTAC TGTACA GTACAT TACATG ACATGT CATGTG ATGTGA TGTGAA GTGAAT TGAATC GAATCA AATCAA ATCAAA TCAAAG CAAAGC AAAGCA AAGCAA AGCAAC GCAACT CAACTT AACTTG ACTTGG CTTGGG TTGGGA TGGGAT GGGATA GGATAG GATAGA ATAGAC TAGACT AGACTC GACTCT ACTCTC CTCTCC TCTCCC CTCCCT TCCCTT CCCTTG CCTTGT CTTGTC TTGTCT TGTCTC GTCTCA TCTCAC CTCACA TCACAA CACAAG ACAAGG CAAGGC AAGGCC AGGCCT GGCCTT GCCTTT CCTTTT CTTTTC TTTTCA TTTCAG TTCAGT TCAGTC CAGTCT AGTCTG GTCTGC TCTGCA CTGCAG TGCAGA GCAGAC CAGACA AGACAT GACATA ACATAA CATAAC ATAACA TAACAT AACATG ACATGG CATGGT ATGGTG TGGTGT GGTGTG GTGTGT TGTGTT GTGTTT TGTTTT GTTTTT TTTTTG TTTTGA TTTGAG TTGAGC TGAGCC GAGCCC AGCCCT GCCCTA CCCTAT CCTATG CTATGG TATGGC ATGGCA TGGCAT GGCATT GCATTC CATTCC ATTCCT TTCCTG TCCTGT CCTGTG CTGTGA TGTGAT GTGATG TGATGG GATGGA ATGGAG TGGAGG GGAGGA GAGGAG AGGAGC GGAGCC GAGCCA AGCCAG GCCAGG CCAGGC CAGGCT AGGCTC GGCTCC GCTCCC CTCCCC TCCCCT CCCCTC CCCTCC CCTCCT CTCCTG TCCTGC CCTGCT CTGCTC TGCTCC GCTCCT CTCCTC TCCTCC CCTCCT CTCCTC TCCTCC CCTCCT CTCCTC TCCTCC CCTCCT CTCCTC TCCTCC CCTCCT CTCCTC TCCTCC CCTCCT CTCCTC TCCTCC CCTCCT CTCCTC TCCTCT CCTCTT CTCTTG TCTTGC CTTGCT TTGCTG TGCTGT GCTGTC CTGTCC TGTCCC GTCCCA TCCCAG CCCAGC CCAGCC CAGCCA AGCCAC GCCACC CCACCC CACCCT ACCCTT CCCTTG CCTTGC CTTGCA TTGCAA TGCAAA	0	0	0.06973271071910858
TTATTT TATTTA ATTTAG TTTAGT TTAGTC TAGTCT AGTCTT GTCTTT TCTTTC CTTTCT TTTCTA TTCTAC TCTACT CTACTT TACTTA ACTTAT CTTATG TTATGA TATGAT ATGATC TGATCA GATCAG ATCAGA TCAGAA CAGAAT AGAATA GAATAG AATAGT ATAGTT TAGTTT AGTTTA GTTTAT TTTATA TTATAT TATATC ATATCC TATCCC ATCCCA TCCCAC CCCACA CCACAA CACAAT ACAATT CAATTA AATTAC ATTACA TTACAG TACAGT ACAGTA CAGTAT AGTATT GTATTA TATTAT ATTATA TTATAA TATAAT ATAATA TAATAT AATATT ATATTC TATTCT ATTCTG TTCTGT TCTGTG CTGTGT TGTGTT GTGTTT TGTTTT GTTTTT TTTTTC TTTTCT TTTCTG TTCTGT TCTGTG CTGTGT TGTGTG GTGTGC TGTGCT GTGCTT TGCTTG GCTTGC CTTGCT TTGCTA TGCTAT GCTATT CTATTA TATTAC ATTACC TTACCA TACCAC ACCACT CCACTG CACTGA ACTGAG CTGAGT TGAGTT GAGTTT AGTTTT GTTTTG TTTTGT TTTGTA TTGTAC TGTACC GTACCT TACCTT ACCTTC CCTTCA CTTCAG TTCAGA TCAGAT CAGATG AGATGA GATGAC ATGACT TGACTT GACTTT ACTTTT CTTTTT TTTTTA TTTTAA TTTAAT TTAATG TAATGC AATGCT ATGCTC TGCTCA GCTCAT CTCATT TCATTA CATTAA ATTAAC TTAACA TAACAT AACATC ACATCC CATCCT ATCCTT TCCTTT CCTTTA CTTTAC TTTACT TTACTT TACTTT ACTTTC CTTTCA TTTCAG TTCAGA TCAGAT CAGATC AGATCA GATCAA ATCAAA TCAAAT CAAATA AAATAA AATAAC ATAACT TAACTC AACTCC ACTCCC CTCCCT TCCCTT CCCTTT CCTTTA CTTTAG TTTAGC TTAGCA TAGCAT AGCATT GCATTT CATTTC ATTTCT TTTCTT TTCTTG TCTTGT CTTGTA TTGTAG TGTAGG GTAGGA TAGGAC AGGACA GGACAG GACAGG ACAGGT CAGGTC AGGTCT GGTCTG GTCTGG TCTGGT CTGGTG TGGTGT GGTGTT GTGTTG TGTTGA GTTGAT TTGATG TGATGA GATGAA ATGAAA TGAAAT GAAATC AAATCC AATCCC ATCCCT TCCCTC CCCTCA CCTCAG CTCAGC TCAGCT CAGCTT AGCTTT GCTTTG CTTTGT TTTGTT TTGTTT TGTTTA GTTTAA TTTAAC TTAACT TAACTA AACTAG ACTAGG CTAGGC TAGGCA AGGCAA GGCAAG GCAAGT CAAGTC AAGTCT AGTCTT GTCTTT TCTTTA CTTTAT TTTATT TTATTT TATTTC ATTTCT TTTCTC TTCTCC TCTCCT CTCCTT TCCTTC CCTTCA CTTCAT TTCATG TCATGC CATGCT ATGCTT TGCTTG GCTTGA CTTGAA TTGAAG TGAAGT GAAGTA AAGTAT AGTATA GTATAT TATATT ATATTT TATTTT ATTTTT TTTTTG TTTTGC TTTGCT TTGCTA TGCTAG GCTAGA CTAGAT TAGATA AGATAT GATATA ATATAC TATACT ATACTA TACTAC ACTACT CTACTC TACTCT ACTCTA CTCTAG TCTAGG CTAGGG TAGGGT AGGGTA GGGTAA GGTAAA GTAAAT TAAATG AAATGG AATGGG ATGGGT TGGGTT GGGTTT GGTTTT GTTTTT	0	0	0.07563123106956482
GCAGGA CAGGAG AGGAGG GGAGGG GAGGGC AGGGCA GGGCAG GGCAGA GCAGAA CAGAAA AGAAAG GAAAGC AAAGCT AAGCTG AGCTGC GCTGCA CTGCAG TGCAGG GCAGGT CAGGTC AGGTCA GGTCAG GTCAGT TCAGTG CAGTGA AGTGAG GTGAGG TGAGGA GAGGAG AGGAGC GGAGCC GAGCCA AGCCAA GCCAAG CCAAGC CAAGCC AAGCCC AGCCCA GCCCAT CCCATG CCATGT CATGTC ATGTCC TGTCCC GTCCCT TCCCTC CCCTCC CCTCCT CTCCTT TCCTTC CCTTCA CTTCAA TTCAAG TCAAGC CAAGCA AAGCAC AGCACC GCACCT CACCTG ACCTGC CCTGCA CTGCAG TGCAGT GCAGTC CAGTCA AGTCAC GTCACT TCACTG CACTGC ACTGCT CTGCTC TGCTCC GCTCCT CTCCTC TCCTCG CCTCGA CTCGAT TCGATG CGATGA GATGAG ATGAGA TGAGAA GAGAAA AGAAAC GAAACG AAACGA AACGAT ACGATC CGATCT GATCTG ATCTGC TCTGCC CTGCCC TGCCCA GCCCAG CCCAGT CCAGTG CAGTGA AGTGAG GTGAGG TGAGGC GAGGCT AGGCTC GGCTCC GCTCCA CTCCAG TCCAGG CCAGGC CAGGCC AGGCCG GGCCGA GCCGAA CCGAAG CGAAGT GAAGTG AAGTGT AGTGTT GTGTTT TGTTTA GTTTAC TTTACA TTACAA TACAAT ACAATG CAATGT AATGTG ATGTGG TGTGGG GTGGGC TGGGCA GGGCAA GGCAAC GCAACC CAACCA AACCAG ACCAGA CCAGAC CAGACC AGACCC GACCCC ACCCCT CCCCTT CCCTTC CCTTCC CTTCCT TTCCTG TCCTGA CCTGAA CTGAAA TGAAAG GAAAGC AAAGCA AAGCAG AGCAGC GCAGCT CAGCTC AGCTCC GCTCCC CTCCCA TCCCAC CCCACT CCACTG CACTGC ACTGCC CTGCCT TGCCTG GCCTGC CCTGCT CTGCTC TGCTCT GCTCTG CTCTGC TCTGCA CTGCAC TGCACC GCACCA CACCAT ACCATC CCATCA CATCAT ATCATT TCATTA CATTAC ATTACT TTACTT TACTTG ACTTGA CTTGAC TTGACT TGACTT GACTTG ACTTGC CTTGCA TTGCAC TGCACT GCACTT CACTTT ACTTTA CTTTAC TTTACC TTACCA TACCAA ACCAAC CCAACT CAACTA AACTAC ACTACA CTACAT TACATC ACATCA CATCAC ATCACT TCACTA CACTAA ACTAAA CTAAAG TAAAGT AAAGTA AAGTAA AGTAAC GTAACA TAACAA AACAAA ACAAAA CAAAAT AAAATC AAATCT AATCTT ATCTTG TCTTGC CTTGCT TTGCTG TGCTGA GCTGAT CTGATT TGATTA GATTAT ATTATT TTATTC TATTCC ATTCCA TTCCAG TCCAGC CCAGCA CAGCAA AGCAAA GCAAAA CAAAAT AAAATT AAATTA AATTAC ATTACT TTACTG TACTGA ACTGAG CTGAGC TGAGCA GAGCAA AGCAAA GCAAAA CAAAAT AAAATG AAATGC AATGCT ATGCTC TGCTCC GCTCCA CTCCAA TCCAAT CCAATA CAATAA AATAAA ATAAAA TAAAAC AAAACG AAACGC AACGCC ACGCCT CGCCTG GCCTGT CCTGTA CTGTAA TGTAAA GTAAAA TAAAAT AAAATT AAATTC AATTCA ATTCAG TTCAGA TCAGAT CAGATG AGATGT GATGTT ATGTTC	0	0	0.08823324739933014
GAAACC AAACCC AACCCT ACCCTG CCCTGT CCTGTC CTGTCT TGTCTC GTCTCT TCTCTA CTCTAC TCTACT CTACTA TACTAA ACTAAA CTAAAA TAAAAA AAAAAT AAAATG AAATGT AATGTA ATGTAA TGTAAA GTAAAA TAAAAA AAAAAT AAAATT AAATTA AATTAG ATTAGC TTAGCC TAGCCA AGCCAG GCCAGG CCAGGC CAGGCG AGGCGT GGCGTG GCGTGG CGTGGT GTGGTG TGGTGG GGTGGC GTGGCA TGGCAG GGCAGG GCAGGC CAGGCG AGGCGC GGCGCC GCGCCT CGCCTG GCCTGT CCTGTA CTGTAA TGTAAT GTAATC TAATCC AATCCC ATCCCA TCCCAG CCCAGC CCAGCT CAGCTA AGCTAC GCTACT CTACTC TACTCG ACTCGG CTCGGG TCGGGA CGGGAG GGGAGG GGAGGC GAGGCT AGGCTG GGCTGA GCTGAG CTGAGG TGAGGG GAGGGA AGGGAG GGGAGG GGAGGA GAGGAG AGGAGA GGAGAA GAGAAT AGAATT GAATTG AATTGC ATTGCT TTGCTT TGCTTG GCTTGA CTTGAA TTGAAC TGAACC GAACCC AACCCA ACCCAG CCCAGG CCAGGA CAGGAG AGGAGG GGAGGC GAGGCG AGGCGG GGCGGA GCGGAG CGGAGG GGAGGT GAGGTT AGGTTG GGTTGC GTTGCA TTGCAG TGCAGT GCAGTG CAGTGA AGTGAG GTGAGC TGAGCC GAGCCG AGCCGA GCCGAG CCGAGA CGAGAT GAGATT AGATTA GATTAC ATTACG TTACGC TACGCC ACGCCA CGCCAC GCCACT CCACTG CACTGC ACTGCA CTGCAC TGCACT GCACTC CACTCC ACTCCA CTCCAT TCCATC CCATCC CATCCT ATCCTG TCCTGG CCTGGG CTGGGT TGGGTG GGGTGA GGTGAC GTGACA TGACAG GACAGA ACAGAG CAGAGC AGAGCA GAGCAA AGCAAG GCAAGA CAAGAC AAGACT AGACTC GACTCC ACTCCC CTCCCT TCCCTC CCCTCT CCTCTC CTCTCA TCTCAA CTCAAA TCAAAA CAAAAA AAAAAA AAAAAA AAAAAA AAAAAA AAAAAA AAAAAA AAAAAA AAAAAG AAAAGG AAAGGA AAGGAG AGGAGG GGAGGA GAGGAG AGGAGG GGAGGA GAGGAA AGGAAG GGAAGA GAAGAA AAGAAG AGAAGG GAAGGA AAGGAA AGGAAG GGAAGA GAAGAA AAGAAG AGAAGG GAAGGA AAGGAA AGGAAG GGAAGA GAAGAA AAGAAG AGAAGA GAAGAA AAGAAG AGAAGA GAAGAA AAGAAG AGAAGA GAAGAA AAGAAG AGAAGA GAAGAA AAGAAG AGAAGA GAAGAG AAGAGG AGAGGA GAGGAA AGGAAG GGAAGA GAAGAG AAGAGG AGAGGA GAGGAA AGGAAG GGAAGA GAAGAG AAGAGG AGAGGA GAGGAA AGGAAG GGAAGA GAAGAG AAGAGG AGAGGA GAGGAA AGGAAG GGAAGA GAAGAA AAGAAG AGAAGA GAAGAA AAGAAG AGAAGA GAAGAA AAGAAG AGAAGA GAAGAA AAGAAG AGAAGA GAAGAA AAGAAG AGAAGG GAAGGG AAGGGG AGGGGA GGGGAA GGGAAG GGAAGG GAAGGG AAGGGG AGGGGA GGGGAA GGGAAG GGAAGG GAAGGG AAGGGG AGGGGA GGGGAG GGGAGG GGAGGG GAGGGG AGGGGA GGGGAG GGGAGG GGAGGG GAGGGG AGGGGG GGGGGA GGGGAG GGGAGG GGAGGG	0	0	0.0713074654340744
TTAATC TAATCT AATCTT ATCTTG TCTTGG CTTGGC TTGGCT TGGCTG GGCTGC GCTGCT CTGCTA TGCTAC GCTACC CTACCC TACCCT ACCCTA CCCTAT CCTATG CTATGC TATGCA ATGCAA TGCAAT GCAATG CAATGG AATGGC ATGGCT TGGCTT GGCTTC GCTTCT CTTCTG TTCTGT TCTGTG CTGTGA TGTGAT GTGATT TGATTA GATTAT ATTATC TTATCC TATCCC ATCCCA TCCCAG CCCAGA CCAGAG CAGAGC AGAGCT GAGCTT AGCTTA GCTTAG CTTAGC TTAGCA TAGCAA AGCAAT GCAATA CAATAG AATAGC ATAGCA TAGCAG AGCAGT GCAGTT CAGTTT AGTTTT GTTTTC TTTTCC TTTCCA TTCCAA TCCAAC CCAACC CAACCA AACCAG ACCAGT CCAGTG CAGTGT AGTGTC GTGTCT TGTCTT GTCTTT TCTTTT CTTTTG TTTTGA TTTGAA TTGAAT TGAATT GAATTG AATTGA ATTGAT TTGATA TGATAA GATAAA ATAAAT TAAATC AAATCC AATCCA ATCCAC TCCACA CCACAT CACATT ACATTT CATTTA ATTTAG TTTAGA TTAGAA TAGAAG AGAAGG GAAGGG AAGGGG AGGGGA GGGGAG GGGAGG GGAGGA GAGGAA AGGAAA GGAAAC GAAACT AAACTG AACTGG ACTGGC CTGGCC TGGCCT GGCCTA GCCTAA CCTAAA CTAAAT TAAATT AAATTG AATTGA ATTGAG TTGAGG TGAGGG GAGGGC AGGGCC GGGCCC GGCCCA GCCCAG CCCAGC CCAGCA CAGCAA AGCAAA GCAAAA CAAAAG AAAAGA AAAGAA AAGAAC AGAACT GAACTC AACTCA ACTCAG CTCAGC TCAGCC CAGCCA AGCCAC GCCACC CCACCC CACCCG ACCCGC CCCGCA CCGCAG CGCAGT GCAGTG CAGTGC AGTGCC GTGCCT TGCCTG GCCTGG CCTGGT CTGGTG TGGTGT GGTGTC GTGTCC TGTCCA GTCCAC TCCACG CCACGT CACGTA ACGTAG CGTAGT GTAGTC TAGTCG AGTCGG GTCGGT TCGGTT CGGTTT GGTTTT GTTTTG TTTTGA TTTGAG TTGAGA TGAGAT GAGATG AGATGT GATGTT ATGTTT TGTTTT GTTTTA TTTTAG TTTAGC TTAGCA TAGCAG AGCAGC GCAGCA CAGCAG AGCAGG GCAGGT CAGGTT AGGTTC GGTTCA GTTCAC TTCACA TCACAT CACATT ACATTG CATTGC ATTGCT TTGCTA TGCTAA GCTAAG CTAAGT TAAGTG AAGTGT AGTGTC GTGTCA TGTCAA GTCAAT TCAATT CAATTC AATTCA ATTCAG TTCAGT TCAGTT CAGTTC AGTTCA GTTCAC TTCACT TCACTG CACTGT ACTGTG CTGTGA TGTGAA GTGAAA TGAAAT GAAATC AAATCC AATCCA ATCCAT TCCATG CCATGG CATGGC ATGGCT TGGCTA GGCTAT GCTATT CTATTT TATTTC ATTTCC TTTCCT TTCCTG TCCTGA CCTGAA CTGAAA TGAAAA GAAAAT AAAATA AAATAC AATACA ATACAT TACATC ACATCA CATCAA ATCAAG TCAAGC CAAGCT AAGCTA AGCTAT GCTATG CTATGA TATGAA ATGAAT TGAATT GAATTC AATTCC ATTCCC TTCCCT TCCCTG CCCTGT CCTGTG CTGTGG TGTGGG GTGGGT TGGGTT GGGTTC GGTTCG GTTCGG TTCGGT TCGGTG CGGTGG	0	0	0.093878373503685
TCCAGA CCAGAT CAGATT AGATTG GATTGT ATTGTG TTGTGA TGTGAT GTGATA TGATAC GATACT ATACTT TACTTT ACTTTG CTTTGT TTTGTT TTGTTA TGTTAT GTTATA TTATAA TATAAG ATAAGA TAAGAG AAGAGG AGAGGC GAGGCC AGGCCC GGCCCG GCCCGG CCCGGG CCGGGA CGGGAA GGGAAA GGAAAC GAAACC AAACCT AACCTA ACCTAC CCTACA CTACAC TACACA ACACAG CACAGG ACAGGG CAGGGA AGGGAC GGGACC GGACCA GACCAA ACCAAA CCAAAA CAAAAA AAAAAA AAAAAG AAAAGT AAAGTA AAGTAA AGTAAG GTAAGC TAAGCC AAGCCA AGCCAA GCCAAA CCAAAG CAAAGT AAAGTT AAGTTG AGTTGG GTTGGA TTGGAA TGGAAC GGAACC GAACCT AACCTG ACCTGG CCTGGA CTGGAG TGGAGA GGAGAA GAGAAA AGAAAG GAAAGG AAAGGT AAGGTT AGGTTG GGTTGA GTTGAG TTGAGG TGAGGC GAGGCT AGGCTA GGCTAT GCTATT CTATTC TATTCT ATTCTA TTCTAC TCTACA CTACAT TACATG ACATGG CATGGA ATGGAG TGGAGA GGAGAA GAGAAT AGAATC GAATCT AATCTG ATCTGG TCTGGT CTGGTG TGGTGA GGTGAC GTGACA TGACAC GACACT ACACTT CACTTA ACTTAA CTTAAG TTAAGT TAAGTT AAGTTT AGTTTA GTTTAT TTTATG TTATGT TATGTT ATGTTT TGTTTT GTTTTC TTTTCT TTTCTC TTCTCA TCTCAA CTCAAC TCAACT CAACTT AACTTC ACTTCA CTTCAT TTCATA TCATAG CATAGA ATAGAA TAGAAT AGAATA GAATAC AATACA ATACAG TACAGA ACAGAG CAGAGA AGAGAA GAGAAC AGAACA GAACAG AACAGA ACAGAA CAGAAA AGAAAG GAAAGC AAAGCC AAGCCT AGCCTA GCCTAA CCTAAG CTAAGG TAAGGC AAGGCT AGGCTT GGCTTG GCTTGC CTTGCC TTGCCT TGCCTT GCCTTA CCTTAC CTTACT TTACTT TACTTC ACTTCC CTTCCC TTCCCA TCCCAT CCCATA CCATAA CATAAA ATAAAG TAAAGC AAAGCT AAGCTG AGCTGG GCTGGG CTGGGA TGGGAC GGGACT GGACTC GACTCC ACTCCA CTCCAA TCCAAA CCAAAG CAAAGG AAAGGC AAGGCC AGGCCT GGCCTG GCCTGT CCTGTT CTGTTT TGTTTT GTTTTC TTTTCT TTTCTC TTCTCA TCTCAG CTCAGT TCAGTA CAGTAT AGTATA GTATAA TATAAA ATAAAG TAAAGT AAAGTA AAGTAG AGTAGA GTAGAA TAGAAA AGAAAT GAAATC AAATCC AATCCT ATCCTC TCCTCT CCTCTC CTCTCT TCTCTG CTCTGG TCTGGA CTGGAG TGGAGA GGAGAA GAGAAA AGAAAG GAAAGA AAAGAG AAGAGC AGAGCC GAGCCT AGCCTT GCCTTT CCTTTT CTTTTA TTTTAA TTTAAC TTAACC TAACCC AACCCA ACCCAG CCCAGG CCAGGC CAGGCC AGGCCA GGCCAC GCCACA CCACAC CACACA ACACAA CACAAT ACAATT CAATTC AATTCC ATTCCC TTCCCA TCCCAC CCCACA CCACAG CACAGG ACAGGG CAGGGA AGGGAG GGGAGA GGAGAG GAGAGT AGAGTT GAGTTT AGTTTT GTTTTA TTTTAA TTTAAG TTAAGG TAAGGA	0	0	0.04880500212311745
AGCCTC GCCTCT CCTCTC CTCTCA TCTCAA CTCAAA TCAAAT CAAATT AAATTT AATTTA ATTTAG TTTAGA TTAGAT TAGATT AGATTT GATTTG ATTTGC TTTGCA TTGCAA TGCAAA GCAAAA CAAAAT AAAATC AAATCA AATCAG ATCAGA TCAGAA CAGAAT AGAATA GAATAA AATAAT ATAATA TAATAT AATATA ATATAA TATAAG ATAAGT TAAGTA AAGTAG AGTAGC GTAGCC TAGCCA AGCCAA GCCAAC CCAACA CAACAA AACAAA ACAAAT CAAATA AAATAG AATAGG ATAGGG TAGGGT AGGGTT GGGTTT GGTTTA GTTTAA TTTAAT TTAATG TAATGG AATGGA ATGGAG TGGAGG GGAGGT GAGGTA AGGTAA GGTAAT GTAATA TAATAA AATAAT ATAATG TAATGA AATGAA ATGAAG TGAAGG GAAGGT AAGGTG AGGTGA GGTGAT GTGATT TGATTA GATTAA ATTAAG TTAAGA TAAGAT AAGATG AGATGA GATGAT ATGATA TGATAA GATAAA ATAAAA TAAAAT AAAATT AAATTA AATTAA ATTAAA TTAAAT TAAATA AAATAG AATAGT ATAGTG TAGTGA AGTGAA GTGAAT TGAATA GAATAT AATATA ATATAA TATAAA ATAAAA TAAAAT AAAATG AAATGC AATGCT ATGCTT TGCTTA GCTTAG CTTAGC TTAGCA TAGCAT AGCATT GCATTT CATTTA ATTTAA TTTAAT TTAATA TAATAA AATAAA ATAAAT TAAATT AAATTT AATTTA ATTTAT TTTATT TTATTG TATTGT ATTGTA TTGTAT TGTATG GTATGA TATGAT ATGATT TGATTT GATTTC ATTTCA TTTCAA TTCAAA TCAAAG CAAAGC AAAGCA AAGCAC AGCACA GCACAT CACATG ACATGC CATGCT ATGCTT TGCTTT GCTTTT CTTTTA TTTTAC TTTACC TTACCT TACCTA ACCTAC CCTACA CTACAG TACAGT ACAGTG CAGTGC AGTGCT GTGCTA TGCTAT GCTATA CTATAA TATAAA ATAAAG TAAAGC AAAGCT AAGCTG AGCTGC GCTGCT CTGCTT TGCTTG GCTTGC CTTGCA TTGCAA TGCAAT GCAATC CAATCG AATCGT ATCGTC TCGTCA CGTCAA GTCAAA TCAAAG CAAAGC AAAGCT AAGCTA AGCTAA GCTAAT CTAATA TAATAG AATAGA ATAGAA TAGAAG AGAAGC GAAGCT AAGCTG AGCTGT GCTGTC CTGTCG TGTCGT GTCGTC TCGTCA CGTCAG GTCAGA TCAGAG CAGAGC AGAGCT GAGCTA AGCTAA GCTAAT CTAATA TAATAG AATAGA ATAGAA TAGAAG AGAAGC GAAGCC AAGCCT AGCCTT GCCTTG CCTTGT CTTGTA TTGTAT TGTATA GTATAT TATATG ATATGT TATGTA ATGTAA TGTAAT GTAATT TAATTA AATTAT ATTATT TTATTT TATTTA ATTTAA TTTAAG TTAAGA TAAGAA AAGAAT AGAATT GAATTC AATTCT ATTCTG TTCTGT TCTGTA CTGTAA TGTAAA GTAAAT TAAATA AAATAT AATATA ATATAC TATACA ATACAC TACACA ACACAA CACAAT ACAATA CAATAG AATAGG ATAGGG TAGGGT AGGGTA GGGTAG GGTAGG GTAGGA TAGGAA AGGAAT GGAATG GAATGA AATGAG ATGAGA TGAGAA GAGAAA AGAAAA GAAAAT AAAATC AAATCT AATCTT	0	0	0.11355631053447723
TGTGAG GTGAGA TGAGAA GAGAAA AGAAAT GAAATA AAATAA AATAAA ATAAAT TAAATT AAATTT AATTTC ATTTCT TTTCTG TTCTGT TCTGTT CTGTTT TGTTTT GTTTTT TTTTTT TTTTTA TTTTAT TTTATA TTATAA TATAAA ATAAAT TAAATT AAATTA AATTAC ATTACC TTACCC TACCCA ACCCAG CCCAGT CCAGTC CAGTCT AGTCTC GTCTCA TCTCAG CTCAGA TCAGAT CAGATG AGATGC GATGCA ATGCAG TGCAGC GCAGCA CAGCAG AGCAGC GCAGCA CAGCAG AGCAGA GCAGAA CAGAAA AGAAAA GAAAAC AAAACA AAACAG AACAGA ACAGAC CAGACT AGACTG GACTGA ACTGAG CTGAGA TGAGAC GAGACA AGACAG GACAGT ACAGTG CAGTGC AGTGCT GTGCTC TGCTCT GCTCTA CTCTAA TCTAAA CTAAAC TAAACA AAACAT AACATA ACATAG CATAGG ATAGGC TAGGCA AGGCAA GGCAAT GCAATT CAATTG AATTGA ATTGAA TTGAAT TGAATT GAATTT AATTTC ATTTCA TTTCAG TTCAGT TCAGTG CAGTGT AGTGTT GTGTTG TGTTGT GTTGTC TTGTCA TGTCAA GTCAAG TCAAGA CAAGAT AAGATC AGATCT GATCTC ATCTCT TCTCTG CTCTGG TCTGGT CTGGTT TGGTTT GGTTTG GTTTGT TTTGTG TTGTGC TGTGCT GTGCTA TGCTAC GCTACT CTACTA TACTAG ACTAGC CTAGCA TAGCAA AGCAAA GCAAAG CAAAGA AAAGAC AAGACA AGACAG GACAGG ACAGGG CAGGGA AGGGAT GGGATG GGATGG GATGGG ATGGGA TGGGAT GGGATG GGATGC GATGCT ATGCTA TGCTAG GCTAGG CTAGGA TAGGAG AGGAGG GGAGGA GAGGAT AGGATT GGATTT GATTTG ATTTGA TTTGAA TTGAAT TGAATA GAATAA AATAAT ATAATG TAATGG AATGGC ATGGCA TGGCAT GGCATT GCATTG CATTGC ATTGCA TTGCAT TGCATA GCATAG CATAGA ATAGAA TAGAAA AGAAAA GAAAAA AAAAAA AAAAAA AAAAAT AAAATT AAATTG AATTGA ATTGAC TTGACA TGACAA GACAAT ACAATT CAATTT AATTTA ATTTAA TTTAAT TTAATT TAATTA AATTAA ATTAAT TTAATT TAATTT AATTTT ATTTTT TTTTTC TTTTCA TTTCAA TTCAAT TCAATT CAATTT AATTTT ATTTTT TTTTTT TTTTTT TTTTTT TTTTTC TTTTCC TTTCCT TTCCTC TCCTCA CCTCAG CTCAGA TCAGAT CAGATA AGATAA GATAAT ATAATG TAATGC AATGCA ATGCAT TGCATA GCATAT CATATT ATATTC TATTCA ATTCAG TTCAGT TCAGTA CAGTAA AGTAAA GTAAAC TAAACT AAACTC AACTCT ACTCTT CTCTTG TCTTGC CTTGCA TTGCAT TGCATT GCATTA CATTAC ATTACA TTACAA TACAAA ACAAAA CAAAAT AAAATG AAATGT AATGTG ATGTGT TGTGTT GTGTTT TGTTTT GTTTTC TTTTCC TTTCCC TTCCCA TCCCAG CCCAGC CCAGCA CAGCAA AGCAAT GCAATG CAATGC AATGCC ATGCCA TGCCAA GCCAAA CCAAAT CAAATA AAATAA AATAAC ATAACC TAACCA AACCAT ACCATT CCATTT CATTTT ATTTTC TTTTCT TTTCTT TTCTTC	0	0	0.084816575050354
TTACCC TACCCC ACCCCA CCCCAT CCCATT CCATTA CATTAA ATTAAA TTAAAA TAAAAT AAAATC AAATCT AATCTT ATCTTT TCTTTA CTTTAT TTTATT TTATTT TATTTC ATTTCT TTTCTT TTCTTA TCTTAA CTTAAT TTAATT TAATTT AATTTT ATTTTA TTTTAA TTTAAC TTAACA TAACAA AACAAT ACAATT CAATTT AATTTT ATTTTA TTTTAA TTTAAC TTAACC TAACCT AACCTT ACCTTG CCTTGA CTTGAG TTGAGA TGAGAT GAGATA AGATAA GATAAG ATAAGA TAAGAG AAGAGC AGAGCT GAGCTT AGCTTG GCTTGG CTTGGT TTGGTC TGGTCA GGTCAT GTCATC TCATCT CATCTC ATCTCA TCTCAA CTCAAG TCAAGG CAAGGG AAGGGT AGGGTA GGGTAG GGTAGT GTAGTT TAGTTT AGTTTT GTTTTG TTTTGA TTTGAT TTGATT TGATTA GATTAC ATTACC TTACCT TACCTA ACCTAC CCTACA CTACAT TACATT ACATTT CATTTT ATTTTC TTTTCT TTTCTC TTCTCT TCTCTT CTCTTC TCTTCC CTTCCA TTCCAA TCCAAC CCAACT CAACTG AACTGC ACTGCA CTGCAG TGCAGT GCAGTA CAGTAC AGTACA GTACAT TACATT ACATTA CATTAT ATTATA TTATAC TATACT ATACTG TACTGT ACTGTT CTGTTT TGTTTC GTTTCT TTTCTT TTCTTC TCTTCT CTTCTC TTCTCA TCTCAC CTCACT TCACTT CACTTT ACTTTT CTTTTA TTTTAT TTTATT TTATTA TATTAG ATTAGT TTAGTT TAGTTT AGTTTG GTTTGG TTTGGT TTGGTT TGGTTG GGTTGT GTTGTA TTGTAT TGTATA GTATAC TATACT ATACTG TACTGG ACTGGA CTGGAC TGGACA GGACAA GACAAC ACAACT CAACTT AACTTT ACTTTA CTTTAA TTTAAG TTAAGT TAAGTG AAGTGC AGTGCT GTGCTG TGCTGG GCTGGC CTGGCT TGGCTG GGCTGA GCTGAA CTGAAG TGAAGG GAAGGT AAGGTG AGGTGG GGTGGG GTGGGG TGGGGG GGGGGC GGGGCA GGGCAC GGCACT GCACTC CACTCT ACTCTA CTCTAG TCTAGA CTAGAA TAGAAT AGAATT GAATTG AATTGG ATTGGT TTGGTG TGGTGG GGTGGT GTGGTC TGGTCA GGTCAT GTCATA TCATAG CATAGA ATAGAG TAGAGG AGAGGA GAGGAA AGGAAG GGAAGA GAAGAT AAGATG AGATGA GATGAT ATGATG TGATGC GATGCA ATGCAA TGCAAT GCAATC CAATCC AATCCT ATCCTA TCCTAC CCTACT CTACTA TACTAT ACTATA CTATAA TATAAT ATAATC TAATCT AATCTT ATCTTG TCTTGG CTTGGG TTGGGC TGGGCC GGGCCC GGCCCA GCCCAA CCCAAT CCAATT CAATTT AATTTT ATTTTA TTTTAG TTTAGC TTAGCA TAGCAA AGCAAT GCAATG CAATGG AATGGA ATGGAG TGGAGA GGAGAC GAGACT AGACTA GACTAT ACTATA CTATAG TATAGT ATAGTT TAGTTT AGTTTA GTTTAT TTTATT TTATTC TATTCC ATTCCT TTCCTC TCCTCC CCTCCT CTCCTG TCCTGT CCTGTA CTGTAC TGTACT GTACTG TACTGT ACTGTT CTGTTC TGTTCT GTTCTT TTCTTT TCTTTT CTTTTG TTTTGT TTTGTA TTGTAA	0	0	0.052731968462467194
CTGGAG TGGAGA GGAGAA GAGAAA AGAAAA GAAAAT AAAATT AAATTG AATTGC ATTGCA TTGCAA TGCAAG GCAAGG CAAGGT AAGGTT AGGTTA GGTTAG GTTAGA TTAGAA TAGAAA AGAAAG GAAAGT AAAGTT AAGTTA AGTTAA GTTAAA TTAAAA TAAAAT AAAATC AAATCT AATCTC ATCTCT TCTCTT CTCTTT TCTTTC CTTTCT TTTCTC TTCTCT TCTCTA CTCTAA TCTAAT CTAATT TAATTA AATTAT ATTATA TTATAT TATATT ATATTA TATTAA ATTAAT TTAATA TAATAG AATAGC ATAGCT TAGCTA AGCTAA GCTAAA CTAAAA TAAAAT AAAATA AAATAT AATATT ATATTT TATTTA ATTTAT TTTATT TTATTT TATTTC ATTTCA TTTCAT TTCATG TCATGT CATGTC ATGTCA TGTCAT GTCATG TCATGC CATGCT ATGCTT TGCTTT GCTTTT CTTTTG TTTTGA TTTGAT TTGATT TGATTT GATTTC ATTTCA TTTCAT TTCATT TCATTG CATTGC ATTGCA TTGCAT TGCATT GCATTC CATTCT ATTCTC TTCTCC TCTCCC CTCCCT TCCCTT CCCTTT CCTTTT CTTTTT TTTTTA TTTTAG TTTAGT TTAGTA TAGTAT AGTATT GTATTT TATTTT ATTTTT TTTTTA TTTTAT TTTATT TTATTT TATTTT ATTTTC TTTTCT TTTCTC TTCTCC TCTCCT CTCCTA TCCTAT CCTATT CTATTC TATTCT ATTCTG TTCTGT TCTGTG CTGTGG TGTGGA GTGGAA TGGAAG GGAAGT GAAGTA AAGTAC AGTACA GTACAA TACAAT ACAATA CAATAT AATATG ATATGT TATGTG ATGTGG TGTGGT GTGGTC TGGTCC GGTCCT GTCCTT TCCTTT CCTTTC CTTTCT TTTCTG TTCTGA TCTGAT CTGATA TGATAT GATATC ATATCA TATCAA ATCAAA TCAAAT CAAATG AAATGC AATGCA ATGCAC TGCACA GCACAT CACATA ACATAT CATATA ATATAT TATATA ATATAT TATATT ATATTA TATTAT ATTATG TTATGG TATGGA ATGGAC TGGACT GGACTT GACTTA ACTTAA CTTAAG TTAAGA TAAGAC AAGACT AGACTT GACTTT ACTTTT CTTTTT TTTTTA TTTTAC TTTACT TTACTG TACTGT ACTGTG CTGTGA TGTGAC GTGACT TGACTT GACTTT ACTTTT CTTTTT TTTTTA TTTTAC TTTACT TTACTT TACTTT ACTTTG CTTTGC TTTGCC TTGCCC TGCCCA GCCCAA CCCAAT CCAATT CAATTT AATTTA ATTTAC TTTACT TTACTT TACTTT ACTTTT CTTTTT TTTTTT TTTTTT TTTTTG TTTTGC TTTGCC TTGCCA TGCCAC GCCACT CCACTT CACTTT ACTTTT CTTTTT TTTTTA TTTTAC TTTACT TTACTA TACTAT ACTATG CTATGA TATGAC ATGACC TGACCA GACCAG ACCAGT CCAGTT CAGTTT AGTTTT GTTTTA TTTTAA TTTAAA TTAAAT TAAATA AAATAT AATATA ATATAT TATATC ATATCG TATCGA ATCGAA TCGAAA CGAAAT GAAATA AAATAT AATATT ATATTT TATTTC ATTTCT TTTCTA TTCTAC TCTACC CTACCT TACCTA ACCTAT CCTATT CTATTA TATTAG ATTAGA TTAGAT TAGATT AGATTG GATTGT ATTGTA TTGTAG TGTAGA	0	0	0.09935137629508972
